SeniorCitizen,tenure,MonthlyCharges,TotalCharges,Churn,gender_Male,Partner_Yes,Dependents_Yes,PhoneService_Yes,MultipleLines_No phone service,MultipleLines_Yes,InternetService_Fiber optic,InternetService_No,OnlineSecurity_No internet service,OnlineSecurity_Yes,OnlineBackup_No internet service,OnlineBackup_Yes,DeviceProtection_No internet service,DeviceProtection_Yes,TechSupport_No internet service,TechSupport_Yes,StreamingTV_No internet service,StreamingTV_Yes,StreamingMovies_No internet service,StreamingMovies_Yes,Contract_One year,Contract_Two year,PaperlessBilling_Yes,PaymentMethod_Credit card (automatic),PaymentMethod_Electronic check,PaymentMethod_Mailed check,HistoricalRevenue
0,21,64.85,1336.8,0,False,False,True,True,False,False,False,False,False,True,False,False,False,True,False,False,False,False,False,True,True,False,False,False,False,True,1361.85
0,54,97.2,5129.45,0,False,False,False,True,False,True,True,False,False,False,False,True,False,False,False,False,False,True,False,True,False,True,True,False,False,False,5248.8
0,1,23.45,23.45,1,True,True,False,False,True,False,False,False,False,False,False,False,False,False,False,False,False,False,False,False,False,False,True,False,True,False,23.45
0,4,70.2,237.95,1,True,False,False,True,False,False,True,False,False,False,False,False,False,False,False,False,False,False,False,False,False,False,True,False,True,False,280.8
0,0,61.9,1397.475,0,True,False,True,True,False,True,False,False,False,True,False,True,False,False,False,True,False,False,False,False,False,True,True,False,False,False,0.0
0,7,69.55,521.35,0,True,False,False,True,False,False,True,False,False,False,False,False,False,False,False,False,False,False,False,False,False,False,True,False,True,False,486.84999999999997
0,32,18.95,613.95,0,True,True,True,True,False,False,False,True,True,False,True,False,True,False,True,False,True,False,True,False,False,True,False,False,False,True,606.4
0,72,19.8,1414.65,0,True,True,True,True,False,False,False,True,True,False,True,False,True,False,True,False,True,False,True,False,False,True,True,True,False,False,1425.6000000000001
0,19,39.65,733.35,1,True,False,False,False,True,False,False,False,False,False,False,False,False,True,False,False,False,True,False,False,False,False,True,False,True,False,753.35
0,10,19.95,219.5,0,True,False,True,True,False,False,False,True,True,False,True,False,True,False,True,False,True,False,True,False,True,False,True,False,False,False,199.5
1,21,69.1,1474.75,1,True,True,False,True,False,False,True,False,False,False,False,False,False,False,False,False,False,False,False,False,False,False,True,False,True,False,1451.1
1,45,70.05,3062.45,0,False,False,False,True,False,True,False,False,False,True,False,False,False,False,False,True,False,False,False,True,False,False,True,False,True,False,3152.25
1,32,19.8,587.7,0,True,False,False,True,False,False,False,True,True,False,True,False,True,False,True,False,True,False,True,False,True,False,False,True,False,False,633.6
0,40,105.75,4228.55,0,False,True,False,True,False,True,True,False,False,True,False,False,False,True,False,False,False,True,False,True,True,False,False,False,False,False,4230.0
0,47,41.9,1875.25,0,False,False,False,False,True,False,False,False,False,True,False,False,False,True,False,True,False,False,False,False,False,True,False,False,False,True,1969.3
0,36,53.1,1901.25,0,False,False,False,False,True,False,False,False,False,True,False,True,False,True,False,True,False,False,False,True,False,True,True,False,False,True,1911.6000000000001
0,69,105.1,7234.8,0,False,True,True,True,False,True,True,False,False,True,False,True,False,True,False,True,False,True,False,False,True,False,True,True,False,False,7251.9
0,71,80.7,5705.05,0,False,True,False,True,False,False,False,False,False,False,False,True,False,True,False,True,False,True,False,True,False,True,True,True,False,False,5729.7
0,71,24.65,1710.15,0,False,True,False,True,False,True,False,True,True,False,True,False,True,False,True,False,True,False,True,False,False,True,True,False,False,False,1750.1499999999999
0,35,53.15,1930.9,0,True,True,False,False,True,False,False,False,False,True,False,False,False,True,False,False,False,True,False,True,True,False,False,True,False,False,1860.25
0,3,54.65,189.1,0,True,False,False,True,False,False,False,False,False,False,False,False,False,False,False,False,False,False,False,True,False,False,False,False,False,True,163.95
1,72,109.7,7898.45,0,True,True,False,True,False,True,True,False,False,False,False,True,False,True,False,True,False,True,False,True,False,True,False,True,False,False,7898.400000000001
0,72,90.6,6441.85,0,True,True,True,True,False,True,False,False,False,True,False,True,False,True,False,True,False,True,False,True,False,True,True,True,False,False,6523.2
0,68,73.0,5163.0,0,False,True,True,True,False,True,False,False,False,True,False,True,False,True,False,False,False,True,False,False,True,False,True,True,False,False,4964.0
0,42,54.75,2348.45,0,False,False,False,False,True,False,False,False,False,True,False,True,False,True,False,True,False,False,False,True,True,False,True,False,True,False,2299.5
1,21,20.5,429.55,0,True,False,False,True,False,False,False,True,True,False,True,False,True,False,True,False,True,False,True,False,True,False,False,False,False,False,430.5
1,8,92.1,729.95,1,False,False,False,True,False,False,True,False,False,False,False,False,False,True,False,False,False,True,False,True,False,False,True,False,True,False,736.8
1,10,75.3,720.45,0,True,True,False,True,False,False,True,False,False,True,False,False,False,False,False,False,False,False,False,False,False,False,False,False,True,False,753.0
0,71,106.75,7283.25,0,False,False,False,True,False,True,True,False,False,True,False,True,False,True,False,False,False,True,False,True,False,True,True,True,False,False,7579.25
1,46,91.3,4126.35,0,False,False,False,True,False,False,True,False,False,False,False,True,False,True,False,False,False,True,False,False,True,False,True,False,False,False,4199.8
0,3,80.0,241.3,0,False,True,True,True,False,False,True,False,False,False,False,True,False,False,False,True,False,False,False,False,False,False,True,False,True,False,240.0
1,12,91.3,1094.5,1,False,False,False,True,False,True,True,False,False,False,False,True,False,False,False,False,False,True,False,False,False,False,True,False,True,False,1095.6
0,26,47.85,1190.5,0,False,True,False,False,True,False,False,False,False,True,False,True,False,True,False,False,False,True,False,False,True,False,False,False,False,False,1244.1000000000001
0,3,50.15,160.85,0,True,False,False,True,False,False,False,False,False,True,False,False,False,False,False,False,False,False,False,False,False,False,True,False,False,True,150.45
0,49,74.45,3721.9,0,False,False,False,True,False,False,False,False,False,False,False,False,False,True,False,True,False,True,False,True,False,True,True,False,False,False,3648.05
0,33,80.6,2651.1,0,True,False,False,True,False,False,True,False,False,False,False,True,False,False,False,True,False,False,False,False,False,True,False,False,False,False,2659.7999999999997
0,42,94.4,4014.6,0,True,True,False,True,False,True,True,False,False,True,False,False,False,True,False,False,False,False,False,True,False,False,True,False,True,False,3964.8
0,31,75.25,2344.5,0,True,True,True,True,False,True,False,False,False,True,False,True,False,False,False,True,False,False,False,True,True,False,True,False,False,False,2332.75
1,68,107.15,7379.8,0,True,True,True,True,False,True,True,False,False,False,False,False,False,True,False,True,False,True,False,True,True,False,True,True,False,False,7286.200000000001
1,66,116.25,7862.25,0,True,True,True,True,False,True,True,False,False,True,False,True,False,True,False,True,False,True,False,True,True,False,True,False,True,False,7672.5
0,58,19.55,1108.8,0,True,True,True,True,False,False,False,True,True,False,True,False,True,False,True,False,True,False,True,False,True,False,True,False,True,False,1133.9
0,35,20.1,655.3,0,True,True,True,True,False,False,False,True,True,False,True,False,True,False,True,False,True,False,True,False,False,True,False,False,False,True,703.5
0,1,20.2,20.2,0,True,False,False,True,False,False,False,True,True,False,True,False,True,False,True,False,True,False,True,False,False,False,False,False,False,False,20.2
0,40,74.8,2971.7,0,False,False,False,True,False,False,True,False,False,False,False,True,False,False,False,False,False,False,False,False,False,False,False,True,False,False,2992.0
0,13,76.2,981.45,0,False,True,False,True,False,True,False,False,False,True,False,True,False,False,False,True,False,True,False,False,False,False,True,False,True,False,990.6
0,57,55.7,3171.6,0,True,True,False,True,False,False,False,False,False,True,False,False,False,False,False,True,False,False,False,False,False,False,False,False,True,False,3174.9
0,1,75.3,75.3,1,False,False,False,True,False,False,True,False,False,False,False,False,False,True,False,False,False,False,False,False,False,False,False,False,True,False,75.3
0,1,45.7,45.7,1,True,False,False,True,False,False,False,False,False,False,False,False,False,False,False,False,False,False,False,False,False,False,True,False,False,True,45.7
0,46,54.35,2460.15,1,False,False,False,True,False,False,False,False,False,False,False,False,False,True,False,True,False,False,False,False,False,True,False,True,False,False,2500.1
1,40,94.55,3640.45,1,False,True,True,True,False,True,True,False,False,False,False,False,False,False,False,False,False,True,False,True,False,False,True,True,False,False,3782.0
0,21,77.5,1625.0,1,True,True,True,True,False,True,False,False,False,True,False,True,False,False,False,True,False,True,False,False,True,False,False,False,False,True,1627.5
0,6,98.15,567.45,1,False,False,False,True,False,False,True,False,False,True,False,True,False,True,False,True,False,False,False,True,False,False,True,False,False,False,588.9000000000001
0,59,111.1,6555.2,0,True,True,True,True,False,True,True,False,False,True,False,True,False,False,False,True,False,True,False,True,False,True,True,False,False,True,6554.9
0,15,58.6,939.7,1,True,False,False,True,False,True,False,False,False,False,False,True,False,False,False,True,False,False,False,False,False,False,True,True,False,False,879.0
0,27,94.55,2724.6,1,False,False,False,True,False,True,True,False,False,False,False,False,False,False,False,False,False,True,False,True,False,False,True,False,False,True,2552.85
0,71,116.3,8309.55,0,True,False,False,True,False,True,True,False,False,True,False,True,False,True,False,True,False,True,False,True,True,False,True,False,False,False,8257.3
0,45,89.3,4192.15,0,False,False,False,True,False,True,True,False,False,False,False,False,False,True,False,False,False,False,False,True,False,False,True,True,False,False,4018.5
0,4,20.7,73.05,0,True,False,False,True,False,False,False,True,True,False,True,False,True,False,True,False,True,False,True,False,False,False,False,False,False,True,82.8
0,1,19.6,19.6,1,False,False,False,True,False,False,False,True,True,False,True,False,True,False,True,False,True,False,True,False,False,False,True,False,False,True,19.6
0,47,99.35,4749.15,1,True,True,True,True,False,True,True,False,False,False,False,True,False,False,False,False,False,True,False,True,False,False,True,False,True,False,4669.45
0,34,49.8,1734.2,0,True,False,False,True,False,False,False,False,False,False,False,True,False,False,False,False,False,False,False,False,False,False,True,False,True,False,1693.1999999999998
0,18,54.4,957.1,0,False,True,True,True,False,False,False,False,False,False,False,False,False,True,False,True,False,False,False,False,True,False,True,True,False,False,979.1999999999999
0,8,54.25,447.75,0,False,False,False,True,False,False,False,False,False,True,False,False,False,False,False,True,False,False,False,False,True,False,False,False,False,False,434.0
0,7,35.5,249.55,0,True,False,False,False,True,False,False,False,False,False,False,False,False,True,False,True,False,False,False,False,True,False,True,True,False,False,248.5
0,5,84.5,453.75,1,True,True,True,True,False,True,True,False,False,True,False,False,False,True,False,False,False,False,False,False,False,False,True,False,True,False,422.5
0,39,59.3,2209.15,0,False,False,False,True,False,False,False,False,False,False,False,False,False,False,False,True,False,False,False,True,True,False,False,False,True,False,2312.7
0,29,20.65,654.85,0,True,True,True,True,False,False,False,True,True,False,True,False,True,False,True,False,True,False,True,False,False,False,True,False,False,True,598.8499999999999
0,1,55.2,55.2,1,False,True,False,True,False,False,False,False,False,False,False,False,False,False,False,False,False,True,False,False,False,False,False,False,False,True,55.2
0,31,25.0,789.2,0,True,False,True,False,True,False,False,False,False,False,False,False,False,False,False,False,False,False,False,False,False,False,False,True,False,False,775.0
0,2,24.3,38.45,0,True,False,False,False,True,False,False,False,False,False,False,False,False,False,False,False,False,False,False,False,False,False,False,False,False,True,48.6
0,63,70.8,4448.8,0,True,True,False,True,False,False,False,False,False,True,False,True,False,False,False,True,False,True,False,False,True,False,False,True,False,False,4460.4
0,20,78.8,1641.3,0,True,False,False,True,False,False,True,False,False,False,False,False,False,False,False,False,False,True,False,False,False,False,False,False,True,False,1576.0
0,71,83.3,5894.5,0,False,True,False,True,False,True,False,False,False,False,False,True,False,True,False,True,False,True,False,True,False,True,True,True,False,False,5914.3
0,66,61.15,4017.45,0,False,False,False,True,False,False,False,False,False,True,False,True,False,True,False,False,False,False,False,False,False,True,True,False,False,False,4035.9
0,8,45.15,438.4,1,True,False,False,True,False,False,False,False,False,False,False,False,False,False,False,False,False,False,False,False,False,False,True,False,False,True,361.2
0,2,96.0,174.8,1,False,False,False,True,False,True,True,False,False,False,False,False,False,False,False,False,False,True,False,True,False,False,True,False,True,False,192.0
0,3,35.1,101.1,0,True,True,False,False,True,False,False,False,False,True,False,False,False,False,False,True,False,False,False,False,False,False,False,False,False,True,105.30000000000001
0,47,20.25,1029.8,0,False,False,False,True,False,False,False,True,True,False,True,False,True,False,True,False,True,False,True,False,False,True,False,True,False,False,951.75
0,2,49.25,90.35,1,True,False,False,False,True,False,False,False,False,False,False,False,False,True,False,False,False,True,False,True,False,False,True,False,True,False,98.5
0,1,74.0,74.0,0,True,False,False,True,False,False,True,False,False,False,False,False,False,False,False,True,False,False,False,False,False,False,False,False,True,False,74.0
0,7,20.25,129.15,0,False,False,False,True,False,False,False,True,True,False,True,False,True,False,True,False,True,False,True,False,True,False,False,False,False,True,141.75
0,69,105.0,7297.75,0,True,True,True,True,False,True,True,False,False,False,False,True,False,True,False,False,False,True,False,True,False,True,True,False,True,False,7245.0
0,5,105.3,550.6,0,True,False,False,True,False,True,True,False,False,False,False,True,False,True,False,False,False,True,False,True,False,False,False,False,True,False,526.5
0,71,19.6,1416.5,0,False,True,False,True,False,False,False,True,True,False,True,False,True,False,True,False,True,False,True,False,False,True,False,False,False,True,1391.6000000000001
0,1,74.3,74.3,1,False,False,False,True,False,False,True,False,False,False,False,True,False,False,False,False,False,False,False,False,False,False,True,True,False,False,74.3
0,14,89.65,1208.35,1,False,True,True,True,False,False,True,False,False,False,False,True,False,False,False,True,False,False,False,True,False,False,True,True,False,False,1255.1000000000001
0,29,19.35,601.6,0,False,False,False,True,False,False,False,True,True,False,True,False,True,False,True,False,True,False,True,False,False,False,False,True,False,False,561.1500000000001
0,56,81.8,4534.45,0,True,False,False,True,False,False,False,False,False,False,False,True,False,True,False,True,False,True,False,True,False,True,True,True,False,False,4580.8
1,6,95.75,573.75,1,True,True,False,True,False,False,True,False,False,False,False,False,False,True,False,False,False,True,False,True,False,False,True,False,True,False,574.5
1,1,40.2,40.2,1,True,True,False,False,True,False,False,False,False,False,False,True,False,False,False,False,False,True,False,False,False,False,False,False,True,False,40.2
0,46,90.95,4236.6,0,False,True,True,True,False,False,True,False,False,False,False,False,False,True,False,True,False,False,False,True,True,False,False,False,False,False,4183.7
0,20,108.2,2203.7,0,True,False,False,True,False,False,True,False,False,True,False,True,False,True,False,True,False,True,False,True,False,False,True,False,False,False,2164.0
1,20,85.8,1727.5,1,False,False,False,True,False,True,True,False,False,False,False,False,False,False,False,False,False,False,False,True,False,False,True,True,False,False,1716.0
1,37,76.25,2841.55,1,False,False,False,True,False,True,True,False,False,False,False,False,False,False,False,False,False,False,False,False,False,False,True,False,True,False,2821.25
0,24,19.7,494.05,0,False,True,True,True,False,False,False,True,True,False,True,False,True,False,True,False,True,False,True,False,False,True,True,False,False,True,472.79999999999995
0,29,94.65,2649.15,1,True,True,True,True,False,False,True,False,False,True,False,False,False,False,False,False,False,True,False,True,False,False,False,True,False,False,2744.8500000000004
0,21,104.4,2200.25,1,False,True,False,True,False,True,True,False,False,True,False,False,False,True,False,False,False,True,False,True,False,False,True,False,False,False,2192.4
0,19,103.3,2012.7,1,True,True,True,True,False,True,True,False,False,False,False,False,False,True,False,True,False,True,False,True,False,False,False,False,True,False,1962.7
0,54,80.6,4299.95,0,False,False,False,True,False,False,False,False,False,True,False,False,False,True,False,True,False,True,False,True,False,True,False,False,True,False,4352.4
0,2,19.3,28.3,1,True,False,False,True,False,False,False,True,True,False,True,False,True,False,True,False,True,False,True,False,True,False,False,True,False,False,38.6
1,27,104.3,2867.75,1,False,True,False,True,False,True,True,False,False,True,False,False,False,False,False,True,False,True,False,True,False,False,True,False,False,False,2816.1
0,46,60.75,2893.4,0,True,False,False,False,True,False,False,False,False,True,False,False,False,True,False,True,False,True,False,True,False,True,True,False,False,False,2794.5
0,18,19.65,391.7,0,False,False,False,True,False,False,False,True,True,False,True,False,True,False,True,False,True,False,True,False,False,False,False,False,False,True,353.7
0,52,19.85,1070.5,0,False,True,True,True,False,False,False,True,True,False,True,False,True,False,True,False,True,False,True,False,False,True,False,False,False,True,1032.2
0,43,56.15,2499.3,1,False,True,True,True,False,False,False,False,False,False,False,False,False,False,False,False,False,True,False,False,False,False,False,False,True,False,2414.45
0,3,19.95,58.0,0,False,False,False,True,False,False,False,True,True,False,True,False,True,False,True,False,True,False,True,False,False,False,False,False,False,True,59.849999999999994
0,4,44.8,176.2,0,True,False,False,True,False,False,False,False,False,False,False,False,False,False,False,False,False,False,False,False,False,False,True,True,False,False,179.2
0,6,83.55,477.55,1,True,True,True,True,False,False,True,False,False,False,False,True,False,False,False,False,False,False,False,True,False,False,True,True,False,False,501.29999999999995
1,35,100.8,3437.5,0,True,True,False,True,False,True,True,False,False,False,False,False,False,True,False,False,False,True,False,True,False,False,True,False,True,False,3528.0
0,68,60.3,4109.0,0,False,True,True,False,True,False,False,False,False,False,False,True,False,True,False,True,False,True,False,True,False,True,False,True,False,False,4100.4
0,5,96.25,512.45,1,False,False,False,True,False,False,True,False,False,False,False,True,False,False,False,False,False,True,False,True,False,False,True,False,True,False,481.25
0,3,44.6,122.7,0,False,False,False,True,False,False,False,False,False,False,False,False,False,False,False,False,False,False,False,False,False,False,False,False,True,False,133.8
1,4,72.75,317.75,0,False,False,False,True,False,False,True,False,False,False,False,True,False,False,False,False,False,False,False,False,False,False,False,False,True,False,291.0
0,4,25.3,116.95,0,False,False,False,True,False,True,False,True,True,False,True,False,True,False,True,False,True,False,True,False,False,True,True,True,False,False,101.2
0,2,79.7,165.0,1,False,True,False,True,False,False,True,False,False,False,False,True,False,True,False,False,False,False,False,False,False,False,False,False,False,False,159.4
0,40,110.1,4469.1,0,True,True,True,True,False,True,True,False,False,True,False,True,False,False,False,True,False,True,False,True,False,False,True,True,False,False,4404.0
0,10,95.1,865.1,0,True,False,False,True,False,False,True,False,False,False,False,False,False,False,False,True,False,True,False,True,False,False,True,True,False,False,951.0
1,24,80.5,2088.45,0,True,False,False,True,False,True,True,False,False,False,False,True,False,False,False,False,False,False,False,False,False,False,True,False,True,False,1932.0
1,72,107.4,7748.75,0,False,False,False,True,False,True,True,False,False,True,False,True,False,True,False,True,False,False,False,True,False,True,True,False,False,False,7732.8
0,24,99.3,2431.35,1,False,True,False,True,False,False,True,False,False,False,False,True,False,True,False,False,False,True,False,True,False,False,True,True,False,False,2383.2
0,72,86.6,6350.5,0,False,False,False,True,False,True,False,False,False,False,False,True,False,True,False,True,False,True,False,True,False,True,False,False,False,False,6235.2
0,1,52.2,52.2,1,False,False,False,True,False,False,False,False,False,False,False,False,False,False,False,True,False,False,False,False,False,False,True,False,True,False,52.2
0,18,88.35,1639.3,1,False,False,False,True,False,True,True,False,False,False,False,False,False,False,False,True,False,True,False,False,False,False,True,False,True,False,1590.3
0,4,40.05,162.45,0,True,False,False,False,True,False,False,False,False,False,False,False,False,False,False,True,False,False,False,True,False,False,True,False,True,False,160.2
1,36,90.85,3186.7,1,True,False,False,True,False,True,True,False,False,True,False,False,False,False,False,False,False,True,False,False,False,False,True,False,True,False,3270.6
0,11,75.25,888.65,0,False,False,False,True,False,True,True,False,False,False,False,False,False,False,False,False,False,False,False,False,False,False,False,False,True,False,827.75
0,1,69.55,69.55,1,True,False,False,True,False,False,True,False,False,False,False,False,False,False,False,False,False,False,False,False,False,False,True,False,True,False,69.55
0,42,79.9,3313.4,0,True,False,False,True,False,True,True,False,False,False,False,False,False,True,False,False,False,False,False,False,False,False,False,False,True,False,3355.8
1,16,85.35,1375.15,1,False,True,False,True,False,True,True,False,False,False,False,False,False,False,False,False,False,False,False,True,False,False,True,True,False,False,1365.6
0,50,114.35,5791.1,0,True,False,False,True,False,True,True,False,False,True,False,True,False,True,False,True,False,True,False,True,True,False,False,True,False,False,5717.5
0,1,24.6,24.6,1,False,False,False,False,True,False,False,False,False,False,False,False,False,False,False,False,False,False,False,False,False,False,False,False,True,False,24.6
0,38,19.95,756.4,0,False,True,True,True,False,False,False,True,True,False,True,False,True,False,True,False,True,False,True,False,False,True,True,False,False,True,758.1
1,24,79.85,1857.75,0,True,True,True,True,False,True,True,False,False,True,False,False,False,False,False,False,False,False,False,False,False,False,True,False,True,False,1916.3999999999999
0,31,59.7,1825.5,0,True,True,True,True,False,True,False,False,False,False,False,False,False,False,False,False,False,False,False,True,False,False,False,False,False,False,1850.7
0,8,19.45,159.2,0,True,False,True,True,False,False,False,True,True,False,True,False,True,False,True,False,True,False,True,False,False,False,False,False,False,False,155.6
1,43,107.55,4533.9,1,False,True,False,True,False,True,True,False,False,False,False,False,False,True,False,True,False,True,False,True,True,False,True,False,True,False,4624.65
0,57,70.35,4124.65,0,False,True,False,True,False,False,False,False,False,True,False,True,False,False,False,True,False,True,False,False,False,True,True,True,False,False,4009.95
0,13,20.85,272.35,0,False,True,True,True,False,False,False,True,True,False,True,False,True,False,True,False,True,False,True,False,False,True,False,False,False,True,271.05
0,40,89.6,3488.15,0,True,False,False,True,False,False,True,False,False,False,False,True,False,False,False,True,False,False,False,True,True,False,True,True,False,False,3584.0
0,23,19.65,436.9,0,True,True,True,True,False,False,False,True,True,False,True,False,True,False,True,False,True,False,True,False,True,False,False,False,False,True,451.95
0,72,83.6,5959.3,0,False,True,True,True,False,True,False,False,False,True,False,True,False,True,False,False,False,True,False,True,False,True,True,True,False,False,6019.2
0,55,84.25,4589.85,0,False,False,False,True,False,True,True,False,False,True,False,False,False,True,False,False,False,False,False,False,True,False,True,True,False,False,4633.75
0,48,111.45,5315.1,0,True,True,False,True,False,True,True,False,False,True,False,True,False,True,False,False,False,True,False,True,False,False,True,False,False,False,5349.6
0,1,74.95,74.95,1,True,False,False,True,False,True,True,False,False,False,False,False,False,False,False,False,False,False,False,False,False,False,True,False,True,False,74.95
0,36,97.35,3457.9,1,False,True,True,True,False,True,True,False,False,False,False,True,False,True,False,False,False,True,False,False,False,False,True,False,False,False,3504.6
0,11,69.35,712.25,0,True,False,False,True,False,False,False,False,False,False,False,False,False,True,False,False,False,True,False,True,False,False,True,False,True,False,762.8499999999999
0,1,84.6,84.6,0,False,False,False,True,False,True,True,False,False,False,False,False,False,False,False,False,False,True,False,False,False,False,True,False,True,False,84.6
0,53,98.4,5149.5,1,False,True,False,True,False,True,True,False,False,False,False,True,False,False,False,False,False,True,False,True,False,False,True,True,False,False,5215.200000000001
0,70,51.05,3635.15,0,True,True,False,False,True,False,False,False,False,False,False,True,False,True,False,True,False,False,False,True,True,False,True,False,False,False,3573.5
0,12,95.7,1184.0,0,True,False,False,True,False,False,True,False,False,False,False,False,False,True,False,False,False,True,False,True,True,False,False,False,True,False,1148.4
0,22,94.7,1914.9,1,True,True,False,True,False,False,True,False,False,False,False,False,False,True,False,False,False,True,False,True,False,False,True,True,False,False,2083.4
0,55,69.05,3842.6,0,False,True,True,True,False,False,True,False,False,False,False,False,False,False,False,False,False,False,False,False,False,True,True,True,False,False,3797.75
1,28,64.45,1867.6,0,False,False,False,True,False,True,False,False,False,False,False,True,False,True,False,True,False,False,False,False,False,False,False,False,False,False,1804.6000000000001
0,58,19.85,1158.85,0,False,True,True,True,False,False,False,True,True,False,True,False,True,False,True,False,True,False,True,False,False,True,True,False,False,True,1151.3000000000002
0,19,19.7,386.5,0,True,False,False,True,False,False,False,True,True,False,True,False,True,False,True,False,True,False,True,False,True,False,True,True,False,False,374.3
0,19,95.15,1789.25,1,False,False,False,True,False,True,True,False,False,True,False,True,False,False,False,False,False,False,False,True,False,False,True,False,True,False,1807.8500000000001
0,31,72.45,2156.25,0,True,False,False,True,False,False,False,False,False,True,False,True,False,True,False,True,False,True,False,False,False,False,True,False,False,False,2245.9500000000003
0,13,89.4,1132.35,1,False,False,False,True,False,True,True,False,False,False,False,True,False,True,False,True,False,False,False,False,False,False,False,False,True,False,1162.2
0,1,20.2,20.2,1,True,False,False,True,False,False,False,True,True,False,True,False,True,False,True,False,True,False,True,False,False,False,True,False,False,True,20.2
0,1,70.65,70.65,1,True,True,True,True,False,False,True,False,False,False,False,False,False,False,False,False,False,False,False,False,False,False,True,False,False,True,70.65
1,18,73.55,1359.45,0,False,False,False,True,False,False,True,False,False,False,False,True,False,False,False,False,False,False,False,False,False,False,True,False,True,False,1323.8999999999999
0,13,19.95,257.0,0,True,False,False,True,False,False,False,True,True,False,True,False,True,False,True,False,True,False,True,False,True,False,True,False,False,True,259.34999999999997
0,2,20.3,31.9,0,False,True,True,True,False,False,False,True,True,False,True,False,True,False,True,False,True,False,True,False,True,False,False,False,False,True,40.6
0,70,64.95,4523.25,0,True,True,False,True,False,False,False,False,False,True,False,True,False,True,False,True,False,False,False,False,False,True,False,True,False,False,4546.5
1,44,19.35,847.25,0,True,True,False,True,False,False,False,True,True,False,True,False,True,False,True,False,True,False,True,False,False,True,True,True,False,False,851.4000000000001
0,4,20.85,62.9,0,False,True,True,True,False,False,False,True,True,False,True,False,True,False,True,False,True,False,True,False,False,False,False,False,False,True,83.4
0,65,76.15,4929.55,0,True,True,False,True,False,True,False,False,False,True,False,False,False,True,False,True,False,False,False,True,False,True,False,False,False,False,4949.75
1,71,99.65,7181.25,0,False,False,False,True,False,True,True,False,False,True,False,True,False,False,False,True,False,True,False,False,True,False,True,True,False,False,7075.150000000001
0,64,53.85,3399.85,0,False,True,True,True,False,True,False,False,False,False,False,True,False,False,False,False,False,False,False,False,True,False,True,False,False,False,3446.4
0,28,92.35,2602.9,1,False,True,False,True,False,False,True,False,False,True,False,False,False,False,False,False,False,True,False,True,False,False,True,False,False,True,2585.7999999999997
1,16,96.4,1581.2,1,False,False,False,True,False,True,True,False,False,False,False,False,False,False,False,False,False,True,False,True,False,False,True,False,True,False,1542.4
0,70,114.2,7723.9,1,False,True,True,True,False,True,True,False,False,True,False,True,False,True,False,True,False,True,False,True,False,True,True,False,False,False,7994.0
0,39,81.5,3107.3,0,False,True,True,True,False,False,True,False,False,False,False,False,False,True,False,True,False,False,False,False,False,False,True,False,False,False,3178.5
0,19,45.0,865.85,0,True,False,False,True,False,False,False,False,False,False,False,False,False,False,False,False,False,False,False,False,False,False,True,False,False,False,855.0
0,60,104.95,6236.75,0,False,False,False,True,False,False,True,False,False,True,False,False,False,True,False,True,False,True,False,True,False,False,True,False,False,False,6297.0
0,51,90.35,4614.55,0,True,True,False,True,False,True,True,False,False,False,False,True,False,False,False,False,False,False,False,True,True,False,True,True,False,False,4607.849999999999
1,56,110.5,6139.5,0,False,False,False,True,False,True,True,False,False,True,False,True,False,True,False,False,False,True,False,True,True,False,False,False,True,False,6188.0
0,66,105.0,7133.25,1,True,True,False,True,False,True,True,False,False,False,False,True,False,True,False,False,False,True,False,True,False,False,True,True,False,False,6930.0
0,58,55.5,3166.9,0,False,True,True,False,True,False,False,False,False,False,False,False,False,True,False,True,False,True,False,True,False,True,True,True,False,False,3219.0
0,69,59.1,4134.7,0,False,True,True,True,False,False,False,False,False,False,False,True,False,True,False,True,False,False,False,False,True,False,False,False,False,False,4077.9
0,27,56.15,1439.35,0,False,False,False,True,False,False,False,False,False,False,False,True,False,False,False,True,False,False,False,False,False,False,True,False,False,True,1516.05
0,1,48.6,48.6,0,False,False,False,True,False,False,False,False,False,False,False,True,False,False,False,False,False,False,False,False,False,False,True,False,True,False,48.6
0,6,20.0,109.2,0,False,False,False,True,False,False,False,True,True,False,True,False,True,False,True,False,True,False,True,False,False,False,False,False,False,True,120.0
0,7,25.05,189.95,0,False,False,False,False,True,False,False,False,False,False,False,False,False,False,False,False,False,False,False,False,False,False,False,False,False,False,175.35
1,8,69.7,560.85,1,True,False,False,True,False,False,True,False,False,False,False,False,False,False,False,False,False,False,False,False,False,False,True,False,True,False,557.6
0,15,69.5,1071.4,0,True,True,True,True,False,False,False,False,False,False,False,True,False,True,False,True,False,False,False,True,False,False,True,False,False,True,1042.5
0,9,20.4,181.8,0,True,False,False,True,False,False,False,True,True,False,True,False,True,False,True,False,True,False,True,False,False,False,False,False,False,True,183.6
0,12,67.25,832.3,0,True,False,False,True,False,True,False,False,False,True,False,True,False,False,False,True,False,False,False,False,False,False,True,False,True,False,807.0
0,25,71.05,1837.7,0,False,True,False,True,False,False,False,False,False,True,False,True,False,False,False,True,False,False,False,True,False,False,True,False,False,True,1776.25
0,28,81.05,2227.1,1,False,True,True,True,False,False,True,False,False,False,False,False,False,False,False,False,False,False,False,True,False,False,True,False,True,False,2269.4
0,49,100.65,4917.75,0,False,False,False,True,False,False,True,False,False,False,False,False,False,True,False,True,False,True,False,True,False,True,False,True,False,False,4931.85
1,57,44.85,2572.95,1,True,True,False,False,True,False,False,False,False,False,False,False,False,False,False,False,False,True,False,True,False,False,True,False,True,False,2556.4500000000003
0,11,20.55,184.95,0,True,True,False,True,False,False,False,True,True,False,True,False,True,False,True,False,True,False,True,False,True,False,True,False,False,True,226.05
0,37,95.25,3314.15,0,False,True,True,True,False,True,True,False,False,False,False,False,False,False,False,False,False,True,False,True,False,False,True,False,True,False,3524.25
0,40,101.3,4113.1,1,True,True,False,True,False,True,True,False,False,False,False,True,False,False,False,False,False,True,False,True,False,False,True,False,True,False,4052.0
0,54,45.2,2460.55,0,True,False,False,False,True,False,False,False,False,True,False,False,False,False,False,True,False,True,False,False,False,True,False,True,False,False,2440.8
0,12,85.05,999.8,0,True,True,False,True,False,False,True,False,False,False,False,True,False,False,False,False,False,False,False,True,False,False,True,True,False,False,1020.5999999999999
0,4,55.3,238.5,0,True,False,False,True,False,False,False,False,False,False,False,False,False,False,False,False,False,False,False,True,False,False,True,False,False,True,221.2
0,66,103.15,7031.3,0,True,True,True,True,False,False,True,False,False,True,False,True,False,True,False,False,False,True,False,True,True,False,True,False,False,False,6807.900000000001
0,70,59.5,4144.8,0,True,True,True,False,True,False,False,False,False,True,False,False,False,True,False,True,False,True,False,True,False,True,False,False,False,False,4165.0
0,1,74.9,74.9,1,False,False,False,True,False,False,True,False,False,False,False,False,False,True,False,False,False,False,False,False,False,False,True,False,True,False,74.9
0,58,103.25,6017.65,1,True,False,False,True,False,True,True,False,False,False,False,True,False,True,False,False,False,True,False,True,True,False,True,False,False,False,5988.5
1,47,86.05,3865.6,0,True,False,False,True,False,True,True,False,False,False,False,False,False,False,False,False,False,True,False,False,False,False,True,True,False,False,4044.35
1,4,78.85,292.8,1,False,False,False,True,False,False,True,False,False,False,False,False,False,False,False,False,False,True,False,False,False,False,True,False,True,False,315.4
0,57,59.3,3274.35,0,False,True,True,True,False,False,False,False,False,True,False,False,False,True,False,True,False,False,False,False,True,False,True,False,False,True,3380.1
0,15,94.0,1505.45,0,False,False,False,True,False,False,True,False,False,False,False,False,False,True,False,False,False,True,False,True,False,False,True,True,False,False,1410.0
0,24,89.55,2259.35,0,False,False,False,True,False,True,True,False,False,False,False,False,False,False,False,True,False,False,False,True,False,False,True,False,True,False,2149.2
0,20,19.35,433.75,0,False,False,False,True,False,False,False,True,True,False,True,False,True,False,True,False,True,False,True,False,True,False,True,True,False,False,387.0
1,61,98.3,6066.55,0,True,True,False,True,False,True,True,False,False,False,False,True,False,True,False,True,False,True,False,False,True,False,True,False,False,True,5996.3
0,16,49.95,810.2,1,False,True,False,False,True,False,False,False,False,False,False,False,False,False,False,True,False,True,False,True,False,False,True,False,True,False,799.2
0,72,97.7,6869.7,0,False,True,False,True,False,True,True,False,False,False,False,True,False,False,False,False,False,True,False,True,False,True,True,True,False,False,7034.400000000001
1,14,39.7,692.35,0,False,False,False,False,True,False,False,False,False,True,False,False,False,True,False,True,False,False,False,False,False,True,False,False,False,True,555.8000000000001
0,2,46.05,80.35,1,True,False,False,True,False,False,False,False,False,False,False,False,False,False,False,False,False,False,False,False,False,False,False,False,False,False,92.1
0,64,91.8,5960.5,0,True,True,True,True,False,True,True,False,False,True,False,True,False,True,False,False,False,False,False,False,False,False,True,False,True,False,5875.2
0,30,19.8,576.65,0,True,True,False,True,False,False,False,True,True,False,True,False,True,False,True,False,True,False,True,False,True,False,False,True,False,False,594.0
0,64,89.45,5692.65,0,True,True,False,True,False,True,True,False,False,True,False,True,False,True,False,False,False,False,False,False,True,False,False,False,False,False,5724.8
0,61,111.6,6876.05,1,True,False,False,True,False,True,True,False,False,True,False,False,False,True,False,True,False,True,False,True,False,True,True,True,False,False,6807.599999999999
0,50,84.15,4164.4,0,False,True,True,True,False,True,False,False,False,False,False,True,False,True,False,True,False,True,False,True,True,False,True,True,False,False,4207.5
0,47,94.9,4615.25,0,False,False,False,True,False,True,True,False,False,True,False,False,False,True,False,False,False,True,False,False,True,False,False,True,False,False,4460.3
0,51,59.9,3043.6,0,True,False,False,True,False,True,False,False,False,True,False,False,False,False,False,True,False,False,False,False,True,False,False,True,False,False,3054.9
0,37,91.2,3382.3,0,False,False,False,True,False,True,True,False,False,True,False,True,False,True,False,False,False,False,False,False,False,False,False,False,False,False,3374.4
1,64,97.0,6430.9,0,False,True,False,True,False,False,True,False,False,True,False,True,False,True,False,False,False,False,False,True,True,False,False,False,False,False,6208.0
0,60,60.2,3582.4,0,True,True,False,False,True,False,False,False,False,False,False,True,False,True,False,True,False,True,False,True,False,False,True,False,False,False,3612.0
0,1,20.05,20.05,0,True,False,False,True,False,False,False,True,True,False,True,False,True,False,True,False,True,False,True,False,False,False,False,False,False,True,20.05
0,14,81.95,1181.75,0,True,True,False,True,False,False,False,False,False,False,False,True,False,True,False,True,False,True,False,True,False,True,False,False,False,True,1147.3
0,1,76.0,76.0,1,False,False,False,True,False,True,True,False,False,False,False,False,False,False,False,False,False,False,False,False,False,False,False,False,True,False,76.0
0,17,88.25,1460.65,1,False,True,True,True,False,True,True,False,False,False,False,False,False,True,False,False,False,True,False,False,False,False,False,False,True,False,1500.25
0,63,104.5,6590.8,0,True,False,False,True,False,True,True,False,False,True,False,True,False,True,False,True,False,True,False,False,True,False,False,True,False,False,6583.5
0,72,26.25,1988.05,0,False,True,True,True,False,True,False,True,True,False,True,False,True,False,True,False,True,False,True,False,False,True,True,False,False,False,1890.0
0,29,100.55,2830.45,0,True,False,True,True,False,True,True,False,False,False,False,True,False,True,False,True,False,False,False,True,True,False,False,True,False,False,2915.95
0,18,61.5,1087.45,0,False,True,True,True,False,False,False,False,False,True,False,True,False,False,False,True,False,False,False,False,True,False,True,False,False,True,1107.0
1,38,70.15,2497.35,1,True,False,False,True,False,False,False,False,False,False,False,True,False,True,False,True,False,True,False,False,True,False,True,True,False,False,2665.7000000000003
1,26,19.3,504.2,0,True,False,False,True,False,False,False,True,True,False,True,False,True,False,True,False,True,False,True,False,True,False,False,True,False,False,501.8
1,70,104.8,7308.95,0,True,True,False,True,False,True,True,False,False,False,False,True,False,True,False,False,False,True,False,True,True,False,True,False,True,False,7336.0
0,7,79.3,523.15,1,False,False,False,True,False,False,True,False,False,False,False,False,False,False,False,False,False,False,False,True,False,False,True,False,True,False,555.1
0,22,20.85,450.65,0,False,False,False,True,False,False,False,True,True,False,True,False,True,False,True,False,True,False,True,False,True,False,False,False,False,False,458.70000000000005
0,25,54.75,1266.35,0,False,False,True,True,False,False,False,False,False,False,False,True,False,False,False,True,False,False,False,False,True,False,True,True,False,False,1368.75
0,33,39.1,1309.0,0,True,False,False,False,True,False,False,False,False,False,False,True,False,False,False,False,False,True,False,False,True,False,True,False,True,False,1290.3
1,27,95.55,2510.2,1,True,True,False,True,False,True,True,False,False,False,False,True,False,True,False,False,False,False,False,True,False,False,True,False,True,False,2579.85
0,15,74.9,1107.25,1,True,True,True,True,False,True,True,False,False,False,False,False,False,False,False,False,False,False,False,False,False,False,True,False,False,False,1123.5
0,41,24.85,962.25,0,False,False,False,True,False,True,False,True,True,False,True,False,True,False,True,False,True,False,True,False,True,False,True,False,False,True,1018.85
0,38,95.0,3605.6,0,True,False,False,True,False,True,True,False,False,False,False,False,False,True,False,True,False,True,False,False,True,False,False,False,False,False,3610.0
1,44,89.2,4040.2,0,True,True,False,True,False,True,True,False,False,False,False,False,False,True,False,False,False,True,False,False,False,False,True,False,True,False,3924.8
0,66,19.75,1344.5,0,True,True,True,True,False,False,False,True,True,False,True,False,True,False,True,False,True,False,True,False,False,True,True,False,False,True,1303.5
0,19,20.85,467.5,0,True,False,True,True,False,False,False,True,True,False,True,False,True,False,True,False,True,False,True,False,False,True,False,True,False,False,396.15000000000003
0,17,90.2,1454.15,1,True,True,False,True,False,True,True,False,False,True,False,True,False,True,False,False,False,False,False,False,False,False,False,True,False,False,1533.4
0,7,74.9,490.55,0,True,False,False,True,False,False,True,False,False,False,False,False,False,True,False,False,False,False,False,False,False,False,True,False,True,False,524.3000000000001
1,21,71.7,1497.05,0,False,True,False,True,False,True,False,False,False,False,False,True,False,True,False,False,False,False,False,True,True,False,False,False,False,False,1505.7
0,61,94.1,5638.3,1,True,True,False,True,False,True,True,False,False,False,False,True,False,False,False,True,False,True,False,False,False,True,True,False,True,False,5740.099999999999
0,4,50.7,214.55,0,False,False,False,True,False,True,False,False,False,False,False,False,False,False,False,False,False,False,False,False,False,False,False,False,True,False,202.8
0,58,75.2,4300.8,0,True,True,True,True,False,False,False,False,False,False,False,True,False,False,False,True,False,True,False,True,True,False,True,True,False,False,4361.6
0,21,55.95,1157.05,1,False,True,True,False,True,False,False,False,False,True,False,False,False,True,False,False,False,True,False,True,True,False,True,False,True,False,1174.95
0,60,19.95,1189.9,0,True,False,True,True,False,False,False,True,True,False,True,False,True,False,True,False,True,False,True,False,False,True,False,False,False,True,1197.0
0,43,25.7,1188.2,0,False,False,False,True,False,True,False,True,True,False,True,False,True,False,True,False,True,False,True,False,False,True,True,True,False,False,1105.1
1,36,85.25,3132.75,1,True,True,False,True,False,True,True,False,False,False,False,False,False,False,False,False,False,False,False,True,False,False,True,True,False,False,3069.0
1,57,55.0,3094.05,0,False,False,False,False,True,False,False,False,False,False,False,True,False,True,False,False,False,True,False,True,False,False,True,False,True,False,3135.0
0,24,54.95,1348.5,0,True,False,False,True,False,False,False,False,False,True,False,False,False,False,False,True,False,False,False,False,False,False,False,False,True,False,1318.8000000000002
0,68,105.25,7173.15,0,True,True,True,True,False,False,True,False,False,True,False,True,False,True,False,False,False,True,False,True,False,True,True,False,False,False,7157.0
0,72,94.65,6747.35,0,True,True,False,True,False,False,True,False,False,False,False,False,False,True,False,False,False,True,False,True,False,False,True,False,True,False,6814.8
0,9,39.55,373.0,0,True,False,False,False,True,False,False,False,False,True,False,True,False,True,False,False,False,False,False,False,True,False,False,False,False,True,355.95
0,66,79.5,5196.1,0,True,False,True,True,False,False,False,False,False,False,False,True,False,True,False,True,False,True,False,True,False,True,True,True,False,False,5247.0
0,8,73.5,632.2,0,False,False,False,True,False,True,True,False,False,False,False,False,False,False,False,False,False,False,False,False,False,False,True,False,True,False,588.0
0,50,103.05,5153.5,0,False,True,True,True,False,False,True,False,False,False,False,False,False,True,False,True,False,True,False,True,True,False,False,False,False,True,5152.5
0,10,75.75,777.3,0,False,False,False,True,False,True,True,False,False,False,False,False,False,False,False,False,False,False,False,False,False,False,True,False,False,True,757.5
0,54,30.4,1621.35,0,True,True,False,False,True,False,False,False,False,False,False,True,False,False,False,False,False,False,False,False,False,False,False,False,True,False,1641.6
0,1,79.65,79.65,1,False,False,False,True,False,False,True,False,False,False,False,False,False,False,False,False,False,True,False,False,False,False,True,False,True,False,79.65
0,71,108.55,7616.0,0,True,True,False,True,False,True,True,False,False,True,False,False,False,True,False,True,False,True,False,True,False,True,True,True,False,False,7707.05
0,4,101.15,385.9,1,True,True,True,True,False,True,True,False,False,False,False,False,False,True,False,False,False,True,False,True,False,False,False,False,True,False,404.6
0,33,54.65,1665.2,0,True,False,False,True,False,True,False,False,False,False,False,True,False,False,False,False,False,False,False,False,False,False,True,False,False,False,1803.45
1,10,86.65,856.65,1,True,True,False,True,False,True,True,False,False,False,False,False,False,False,False,False,False,False,False,True,False,False,True,False,True,False,866.5
0,72,49.2,3580.95,0,False,True,False,False,True,False,False,False,False,True,False,True,False,True,False,False,False,False,False,True,False,True,True,False,True,False,3542.4
1,1,20.85,20.85,1,False,True,False,True,False,False,False,True,True,False,True,False,True,False,True,False,True,False,True,False,False,False,True,False,False,True,20.85
0,67,25.6,1790.35,0,False,False,False,True,False,True,False,True,True,False,True,False,True,False,True,False,True,False,True,False,False,True,True,False,False,False,1715.2
0,22,80.0,1706.45,0,False,True,False,True,False,False,True,False,False,False,False,False,False,False,False,False,False,True,False,False,False,False,True,True,False,False,1760.0
0,62,96.75,6125.4,1,True,False,False,True,False,True,True,False,False,False,False,False,False,True,False,False,False,True,False,True,True,False,True,False,True,False,5998.5
1,21,41.9,840.1,1,False,False,False,False,True,False,False,False,False,True,False,False,False,False,False,False,False,True,False,False,False,False,True,False,True,False,879.9
0,68,111.75,7511.3,0,False,True,True,True,False,True,True,False,False,True,False,False,False,True,False,True,False,True,False,True,False,True,False,True,False,False,7599.0
0,7,98.05,713.0,1,True,False,False,True,False,True,True,False,False,False,False,False,False,True,False,False,False,True,False,True,False,False,True,False,False,False,686.35
0,58,79.8,4526.85,0,False,False,False,True,False,True,True,False,False,True,False,False,False,False,False,False,False,False,False,False,False,False,True,False,False,False,4628.4
0,23,83.75,1849.95,0,False,True,True,True,False,True,True,False,False,False,False,False,False,False,False,False,False,True,False,False,False,False,True,False,True,False,1926.25
1,71,23.95,1756.2,0,True,True,False,True,False,True,False,True,True,False,True,False,True,False,True,False,True,False,True,False,False,True,False,False,False,False,1700.45
0,41,86.2,3339.05,0,False,True,False,True,False,False,True,False,False,False,False,True,False,True,False,True,False,False,False,False,True,False,True,False,False,False,3534.2000000000003
0,0,56.05,1397.475,0,False,True,True,False,True,False,False,False,False,True,False,True,False,True,False,True,False,True,False,False,False,True,False,True,False,False,0.0
0,61,62.15,3778.85,0,True,True,False,False,True,False,False,False,False,True,False,False,False,True,False,True,False,True,False,True,False,True,True,False,False,True,3791.15
0,46,99.65,4630.2,0,False,True,True,True,False,True,True,False,False,True,False,False,False,True,False,True,False,False,False,True,False,True,False,False,False,True,4583.900000000001
0,6,20.7,112.75,0,False,False,False,True,False,False,False,True,True,False,True,False,True,False,True,False,True,False,True,False,False,False,False,False,False,True,124.19999999999999
0,7,94.25,669.0,1,True,False,False,True,False,False,True,False,False,False,False,True,False,False,False,False,False,True,False,True,False,False,True,False,True,False,659.75
0,21,73.7,1558.7,0,True,False,False,True,False,True,True,False,False,False,False,False,False,False,False,False,False,False,False,False,False,False,True,False,True,False,1547.7
1,13,95.05,1290.0,1,False,False,False,True,False,True,True,False,False,False,False,False,False,False,False,False,False,True,False,True,False,False,True,False,True,False,1235.6499999999999
0,22,83.3,1845.9,1,False,True,True,True,False,False,True,False,False,False,False,True,False,False,False,False,False,False,False,True,False,False,False,False,True,False,1832.6
0,26,69.05,1815.65,0,False,False,False,True,False,False,True,False,False,False,False,False,False,False,False,False,False,False,False,False,False,False,True,True,False,False,1795.3
0,4,42.4,146.4,0,True,False,False,False,True,False,False,False,False,True,False,True,False,False,False,True,False,False,False,False,False,False,False,False,False,True,169.6
0,63,19.5,1215.1,0,False,False,True,True,False,False,False,True,True,False,True,False,True,False,True,False,True,False,True,False,False,True,False,True,False,False,1228.5
1,5,79.9,343.95,1,True,True,False,True,False,True,True,False,False,False,False,False,False,True,False,False,False,False,False,False,False,False,True,False,False,False,399.5
0,6,19.7,129.55,0,False,False,False,True,False,False,False,True,True,False,True,False,True,False,True,False,True,False,True,False,False,False,False,True,False,False,118.19999999999999
0,55,94.45,5073.1,0,False,True,False,True,False,True,True,False,False,False,False,True,False,True,False,False,False,True,False,False,False,False,True,True,False,False,5194.75
0,51,76.4,3966.3,0,True,True,True,True,False,False,False,False,False,True,False,False,False,False,False,True,False,True,False,True,True,False,True,False,False,False,3896.4
0,56,68.75,3808.0,0,False,True,True,True,False,True,False,False,False,True,False,False,False,True,False,False,False,False,False,True,True,False,True,False,False,False,3850.0
0,18,20.1,401.85,0,True,False,False,True,False,False,False,True,True,False,True,False,True,False,True,False,True,False,True,False,True,False,False,False,False,True,361.8
0,72,105.6,7581.5,0,True,True,False,True,False,True,True,False,False,True,False,True,False,True,False,True,False,False,False,True,False,True,False,False,False,False,7603.2
0,19,49.6,962.9,0,False,True,True,True,False,False,False,False,False,False,False,False,False,True,False,False,False,False,False,False,False,False,True,False,False,False,942.4
1,22,96.7,2082.95,1,True,False,False,True,False,True,True,False,False,False,False,False,False,False,False,False,False,True,False,True,False,False,True,False,True,False,2127.4
0,41,35.45,1391.65,0,False,True,False,False,True,False,False,False,False,False,False,True,False,False,False,True,False,False,False,False,True,False,False,False,False,True,1453.45
0,5,19.45,86.05,0,True,True,True,True,False,False,False,True,True,False,True,False,True,False,True,False,True,False,True,False,False,False,False,False,False,True,97.25
0,57,74.3,4166.35,0,False,False,False,True,False,False,False,False,False,True,False,True,False,True,False,True,False,True,False,False,False,True,True,True,False,False,4235.099999999999
1,29,101.45,2948.6,0,True,False,False,True,False,False,True,False,False,False,False,True,False,True,False,False,False,True,False,True,False,False,True,False,False,False,2942.05
0,33,93.8,3124.5,1,False,True,True,True,False,False,True,False,False,False,False,False,False,True,False,False,False,True,False,True,True,False,True,False,True,False,3095.4
0,72,97.85,6841.3,0,False,True,False,True,False,True,True,False,False,False,False,False,False,True,False,False,False,True,False,True,False,True,True,False,True,False,7045.2
0,31,88.65,2683.2,0,True,True,False,True,False,True,True,False,False,False,False,False,False,True,False,False,False,True,False,False,False,False,False,True,False,False,2748.15
1,52,104.45,5481.25,0,True,True,False,True,False,False,True,False,False,True,False,False,False,True,False,True,False,True,False,True,True,False,True,False,False,False,5431.400000000001
0,35,20.05,746.75,0,True,True,True,True,False,False,False,True,True,False,True,False,True,False,True,False,True,False,True,False,True,False,False,False,False,False,701.75
0,7,19.85,144.15,0,False,True,True,True,False,False,False,True,True,False,True,False,True,False,True,False,True,False,True,False,False,True,False,False,False,True,138.95000000000002
0,22,54.7,1178.75,0,False,True,False,True,False,False,False,False,False,False,False,True,False,True,False,False,False,False,False,False,False,False,True,False,False,True,1203.4
0,6,74.9,469.8,1,True,False,False,True,False,True,True,False,False,False,False,False,False,False,False,False,False,False,False,False,False,False,True,False,True,False,449.40000000000003
0,60,37.7,2288.7,0,False,True,False,False,True,False,False,False,False,True,False,True,False,False,False,True,False,False,False,False,False,True,False,False,False,False,2262.0
0,24,20.25,439.75,0,True,True,True,True,False,False,False,True,True,False,True,False,True,False,True,False,True,False,True,False,True,False,False,False,False,True,486.0
1,31,73.55,2094.65,0,False,False,False,True,False,False,True,False,False,True,False,False,False,False,False,False,False,False,False,False,False,False,True,True,False,False,2280.0499999999997
0,26,85.75,2146.5,0,True,False,False,True,False,False,True,False,False,False,False,True,False,False,False,False,False,True,False,False,False,False,True,False,True,False,2229.5
0,1,69.9,69.9,1,True,True,True,True,False,False,True,False,False,False,False,False,False,False,False,False,False,False,False,False,False,False,True,False,False,True,69.9
0,40,19.6,808.95,0,True,True,True,True,False,False,False,True,True,False,True,False,True,False,True,False,True,False,True,False,False,True,False,False,False,True,784.0
0,10,20.05,218.5,0,True,True,True,True,False,False,False,True,True,False,True,False,True,False,True,False,True,False,True,False,False,False,True,True,False,False,200.5
0,70,19.2,1401.4,0,False,True,True,True,False,False,False,True,True,False,True,False,True,False,True,False,True,False,True,False,False,True,True,False,False,True,1344.0
0,3,55.15,159.15,1,True,False,False,True,False,False,False,False,False,False,False,False,False,False,False,False,False,True,False,False,False,False,False,False,False,True,165.45
1,46,85.0,3969.4,1,True,False,False,True,False,False,True,False,False,True,False,False,False,False,False,False,False,False,False,True,False,False,False,False,True,False,3910.0
0,59,110.15,6448.05,1,True,True,False,True,False,True,True,False,False,True,False,True,False,True,False,False,False,True,False,True,True,False,True,False,True,False,6498.85
1,48,70.65,3545.05,0,False,True,False,True,False,False,True,False,False,False,False,False,False,False,False,False,False,False,False,False,False,False,True,False,False,False,3391.2000000000003
0,59,19.35,1099.6,1,True,False,False,True,False,False,False,True,True,False,True,False,True,False,True,False,True,False,True,False,False,True,False,False,False,True,1141.65
0,29,30.6,856.35,1,False,False,False,False,True,False,False,False,False,False,False,True,False,False,False,False,False,False,False,False,False,False,True,False,True,False,887.4000000000001
1,8,19.65,164.3,1,False,False,False,True,False,False,False,True,True,False,True,False,True,False,True,False,True,False,True,False,False,False,False,False,True,False,157.2
0,9,19.75,210.65,0,False,True,True,True,False,False,False,True,True,False,True,False,True,False,True,False,True,False,True,False,False,True,False,False,False,True,177.75
0,8,58.2,469.25,0,False,False,False,True,False,False,False,False,False,True,False,True,False,False,False,True,False,False,False,False,True,False,False,False,False,False,465.6
0,28,89.95,2625.55,1,False,False,False,True,False,True,True,False,False,False,False,True,False,False,False,False,False,False,False,True,False,False,True,False,True,False,2518.6
0,20,76.0,1588.75,0,False,True,True,True,False,True,False,False,False,True,False,False,False,False,False,False,False,True,False,True,True,False,False,False,False,False,1520.0
1,56,104.75,5510.65,1,False,False,False,True,False,True,True,False,False,False,False,True,False,True,False,False,False,True,False,True,True,False,True,False,False,False,5866.0
0,49,40.65,2070.75,0,False,True,False,False,True,False,False,False,False,True,False,False,False,False,False,False,False,True,False,False,False,False,False,False,False,False,1991.85
0,5,88.9,454.15,1,False,True,False,True,False,False,True,False,False,True,False,False,False,True,False,False,False,False,False,True,False,False,True,False,False,True,444.5
0,18,90.0,1527.35,1,False,False,False,True,False,True,True,False,False,False,False,True,False,False,False,False,False,True,False,False,False,False,True,True,False,False,1620.0
0,71,90.4,6668.05,0,True,True,True,True,False,True,False,False,False,True,False,True,False,True,False,True,False,True,False,True,False,True,False,False,True,False,6418.400000000001
0,20,89.0,1820.45,1,True,True,False,True,False,False,True,False,False,False,False,False,False,False,False,False,False,True,False,True,False,False,True,False,False,True,1780.0
0,40,42.35,1716.45,1,True,True,False,False,True,False,False,False,False,True,False,True,False,True,False,False,False,False,False,False,True,False,True,False,True,False,1694.0
0,18,60.6,1156.35,0,False,False,False,True,False,True,False,False,False,True,False,False,False,True,False,False,False,False,False,False,False,False,True,False,False,True,1090.8
0,38,20.3,749.35,0,False,True,True,True,False,False,False,True,True,False,True,False,True,False,True,False,True,False,True,False,True,False,False,False,False,True,771.4
1,67,105.6,7112.15,0,False,True,False,True,False,True,True,False,False,True,False,True,False,False,False,False,False,True,False,True,True,False,True,False,True,False,7075.2
0,17,55.35,920.5,0,False,True,True,True,False,False,False,False,False,True,False,False,False,False,False,True,False,False,False,False,False,False,True,True,False,False,940.95
0,1,35.25,35.25,1,True,False,False,False,True,False,False,False,False,False,False,False,False,False,False,False,False,False,False,True,False,False,True,False,False,False,35.25
0,68,25.05,1629.2,0,True,True,False,True,False,True,False,True,True,False,True,False,True,False,True,False,True,False,True,False,False,True,False,True,False,False,1703.4
0,35,83.15,2848.45,0,True,False,False,True,False,True,True,False,False,False,False,False,False,False,False,False,False,True,False,False,False,False,False,False,True,False,2910.25
0,3,75.8,246.3,1,False,False,False,True,False,True,True,False,False,False,False,False,False,False,False,False,False,False,False,False,False,False,True,False,True,False,227.39999999999998
0,8,90.25,743.75,0,False,True,False,True,False,True,True,False,False,False,False,False,False,False,False,True,False,False,False,True,False,False,True,False,True,False,722.0
0,29,70.9,1964.6,0,True,False,False,True,False,True,False,False,False,False,False,True,False,True,False,False,False,False,False,True,True,False,False,True,False,False,2056.1000000000004
0,2,34.7,62.25,1,False,False,False,False,True,False,False,False,False,False,False,False,False,False,False,False,False,False,False,True,False,False,True,False,True,False,69.4
1,53,73.8,4003.85,0,False,False,False,True,False,False,True,False,False,False,False,True,False,False,False,False,False,False,False,False,False,False,True,True,False,False,3911.3999999999996
0,1,25.3,25.3,1,True,False,True,False,True,False,False,False,False,False,False,False,False,False,False,False,False,False,False,False,False,False,True,False,True,False,25.3
0,7,75.15,525.0,0,False,False,False,True,False,False,True,False,False,False,False,False,False,True,False,False,False,False,False,False,False,False,True,False,True,False,526.0500000000001
0,4,20.05,85.5,0,False,False,True,True,False,False,False,True,True,False,True,False,True,False,True,False,True,False,True,False,False,False,True,False,False,False,80.2
0,29,76.0,2215.25,0,False,False,False,True,False,True,True,False,False,False,False,False,False,False,False,False,False,False,False,False,False,False,True,True,False,False,2204.0
0,3,75.1,270.7,1,False,False,False,True,False,True,True,False,False,False,False,False,False,False,False,False,False,False,False,False,False,False,True,True,False,False,225.29999999999998
1,1,25.8,25.8,1,False,False,False,False,True,False,False,False,False,False,False,False,False,False,False,False,False,False,False,False,False,False,True,False,False,True,25.8
0,7,35.3,264.8,0,True,False,False,False,True,False,False,False,False,True,False,False,False,True,False,False,False,False,False,False,True,False,False,False,False,True,247.09999999999997
0,52,111.25,5916.45,1,False,False,False,True,False,True,True,False,False,True,False,True,False,False,False,True,False,True,False,True,True,False,True,True,False,False,5785.0
0,72,91.95,6614.9,0,True,True,True,True,False,True,False,False,False,True,False,True,False,True,False,True,False,True,False,True,False,True,True,True,False,False,6620.400000000001
0,55,96.75,5238.9,1,True,True,False,True,False,True,True,False,False,True,False,True,False,False,False,False,False,True,False,False,False,False,True,False,True,False,5321.25
0,1,19.65,19.65,0,True,False,False,True,False,False,False,True,True,False,True,False,True,False,True,False,True,False,True,False,False,False,True,False,False,False,19.65
0,6,19.55,124.45,0,False,False,False,True,False,False,False,True,True,False,True,False,True,False,True,False,True,False,True,False,False,True,False,False,False,True,117.30000000000001
0,29,20.2,558.8,0,False,True,True,True,False,False,False,True,True,False,True,False,True,False,True,False,True,False,True,False,False,True,False,False,False,True,585.8
0,42,48.15,2032.3,0,True,True,True,False,True,False,False,False,False,True,False,False,False,True,False,True,False,True,False,False,False,True,False,True,False,False,2022.3
0,30,40.35,1187.05,0,False,False,False,False,True,False,False,False,False,False,False,False,False,False,False,True,False,False,False,True,True,False,True,True,False,False,1210.5
0,1,50.9,50.9,1,True,False,False,True,False,False,False,False,False,False,False,False,False,True,False,False,False,False,False,False,False,False,False,False,False,True,50.9
0,72,86.05,6309.65,0,True,False,False,True,False,True,False,False,False,True,False,True,False,False,False,True,False,True,False,True,False,True,False,True,False,False,6195.599999999999
0,4,50.7,151.3,1,False,False,False,True,False,False,False,False,False,False,False,True,False,False,False,False,False,False,False,False,False,False,False,True,False,False,202.8
0,1,24.7,24.7,0,True,False,True,False,True,False,False,False,False,False,False,False,False,False,False,False,False,False,False,False,False,False,True,False,True,False,24.7
0,1,68.65,68.65,1,False,False,False,True,False,False,True,False,False,False,False,False,False,False,False,False,False,False,False,False,False,False,False,False,True,False,68.65
0,1,74.25,74.25,1,True,False,False,True,False,True,True,False,False,False,False,False,False,False,False,False,False,False,False,False,False,False,True,False,False,True,74.25
0,62,80.4,4981.15,0,True,False,False,True,False,False,False,False,False,False,False,True,False,True,False,True,False,True,False,True,False,False,True,False,False,False,4984.8
0,15,101.25,1457.25,1,False,False,False,True,False,False,True,False,False,False,False,True,False,True,False,False,False,True,False,True,False,False,True,False,True,False,1518.75
0,1,19.2,19.2,0,True,True,True,True,False,False,False,True,True,False,True,False,True,False,True,False,True,False,True,False,False,False,False,False,False,True,19.2
0,68,20.05,1386.9,0,False,False,False,True,False,False,False,True,True,False,True,False,True,False,True,False,True,False,True,False,False,True,False,False,False,False,1363.4
0,7,75.35,564.65,0,False,False,False,True,False,True,True,False,False,False,False,False,False,False,False,False,False,False,False,False,False,False,True,False,True,False,527.4499999999999
0,72,88.05,6520.8,0,False,True,False,True,False,True,False,False,False,True,False,True,False,True,False,True,False,True,False,True,False,True,False,False,False,False,6339.599999999999
0,72,86.65,6094.25,0,True,True,False,True,False,True,False,False,False,True,False,False,False,True,False,True,False,True,False,True,False,True,False,True,False,False,6238.8
0,30,94.1,2804.45,1,False,True,False,True,False,True,True,False,False,False,False,True,False,False,False,True,False,True,False,False,False,False,True,True,False,False,2823.0
0,1,84.5,84.5,1,True,False,False,True,False,True,True,False,False,False,False,False,False,False,False,False,False,True,False,False,False,False,False,False,True,False,84.5
0,39,41.15,1700.9,0,False,False,False,False,True,False,False,False,False,True,False,True,False,False,False,True,False,False,False,False,True,False,False,False,False,False,1604.85
0,62,92.3,5731.45,0,True,False,False,True,False,True,True,False,False,True,False,True,False,False,False,False,False,False,False,True,True,False,True,False,False,False,5722.599999999999
0,53,108.95,5718.2,0,False,True,False,True,False,True,True,False,False,False,False,True,False,True,False,True,False,True,False,True,True,False,True,False,False,False,5774.35
0,66,104.05,6890.0,1,True,True,False,True,False,True,True,False,False,False,False,True,False,False,False,True,False,True,False,True,True,False,True,False,True,False,6867.3
1,59,88.75,5348.65,0,False,True,True,True,False,True,True,False,False,False,False,False,False,True,False,False,False,False,False,True,False,False,True,True,False,False,5236.25
0,15,95.7,1451.1,0,True,False,False,True,False,True,True,False,False,False,False,True,False,False,False,True,False,False,False,True,False,False,False,False,True,False,1435.5
0,9,95.5,829.1,1,True,False,False,True,False,True,True,False,False,False,False,False,False,False,False,False,False,True,False,True,False,False,True,False,True,False,859.5
0,32,30.15,927.65,0,False,False,False,False,True,False,False,False,False,True,False,False,False,False,False,False,False,False,False,False,True,False,False,False,False,True,964.8
0,17,64.7,1093.1,1,False,False,True,True,False,False,False,False,False,False,False,False,False,False,False,False,False,True,False,True,False,False,True,False,False,True,1099.9
0,55,55.25,3119.9,0,True,True,True,True,False,False,False,False,False,False,False,False,False,True,False,True,False,False,False,False,False,True,True,True,False,False,3038.75
0,17,25.65,440.2,0,True,False,False,False,True,False,False,False,False,False,False,False,False,False,False,False,False,False,False,False,False,False,True,False,False,True,436.04999999999995
1,69,87.3,6055.55,0,False,True,False,True,False,False,True,False,False,True,False,True,False,False,False,False,False,False,False,True,True,False,False,True,False,False,6023.7
0,66,74.6,4798.4,0,True,False,False,True,False,True,False,False,False,True,False,True,False,True,False,False,False,False,False,True,False,True,True,True,False,False,4923.599999999999
1,16,74.45,1261.35,0,True,False,False,True,False,True,True,False,False,False,False,False,False,False,False,False,False,False,False,False,False,False,True,False,False,False,1191.2
0,70,80.15,5600.15,0,True,True,True,True,False,False,False,False,False,True,False,True,False,True,False,False,False,True,False,True,False,True,True,True,False,False,5610.5
0,50,19.35,1033.0,0,False,False,False,True,False,False,False,True,True,False,True,False,True,False,True,False,True,False,True,False,True,False,True,False,False,True,967.5000000000001
0,3,20.0,61.7,0,False,False,False,True,False,False,False,True,True,False,True,False,True,False,True,False,True,False,True,False,False,False,True,False,False,True,60.0
0,17,65.75,1111.2,0,True,False,False,True,False,True,False,False,False,True,False,False,False,False,False,False,False,False,False,True,False,False,False,False,False,False,1117.75
0,20,96.8,1826.7,0,True,True,True,True,False,True,True,False,False,False,False,True,False,False,False,True,False,True,False,False,False,False,False,False,False,True,1936.0
0,71,19.7,1301.1,0,True,True,True,True,False,False,False,True,True,False,True,False,True,False,True,False,True,False,True,False,False,True,False,True,False,False,1398.7
0,34,105.1,3634.8,0,False,False,False,True,False,False,True,False,False,False,False,True,False,True,False,True,False,True,False,True,False,False,True,False,True,False,3573.3999999999996
0,43,25.1,1070.15,0,False,False,True,True,False,True,False,True,True,False,True,False,True,False,True,False,True,False,True,False,False,True,True,False,True,False,1079.3
1,50,101.9,5265.5,0,True,True,False,True,False,True,True,False,False,True,False,True,False,True,False,False,False,True,False,False,True,False,True,False,False,False,5095.0
0,41,101.6,3930.55,0,False,True,True,True,False,True,True,False,False,True,False,True,False,True,False,False,False,False,False,True,True,False,True,False,False,False,4165.599999999999
0,54,79.85,4308.25,0,True,False,False,True,False,True,True,False,False,False,False,True,False,False,False,False,False,False,False,False,False,False,True,False,False,False,4311.9
0,64,19.45,1225.65,0,False,True,False,True,False,False,False,True,True,False,True,False,True,False,True,False,True,False,True,False,False,True,False,True,False,False,1244.8
0,31,54.35,1647.0,0,True,True,True,True,False,False,False,False,False,False,False,False,False,True,False,True,False,False,False,False,False,False,False,False,False,True,1684.8500000000001
1,11,78.5,874.2,0,True,False,False,True,False,False,True,False,False,False,False,False,False,False,False,False,False,False,False,True,False,False,True,False,True,False,863.5
0,4,85.65,321.65,1,False,False,False,True,False,True,True,False,False,False,False,False,False,False,False,False,False,True,False,False,False,False,True,False,True,False,342.6
0,21,53.15,1183.2,0,False,False,True,False,True,False,False,False,False,True,False,True,False,True,False,True,False,True,False,False,False,True,False,False,False,True,1116.1499999999999
0,35,24.3,821.6,0,False,True,True,True,False,True,False,True,True,False,True,False,True,False,True,False,True,False,True,False,False,True,False,False,False,False,850.5
0,58,99.25,5846.65,0,False,True,True,True,False,False,True,False,False,True,False,True,False,False,False,False,False,True,False,True,True,False,False,True,False,False,5756.5
0,20,20.05,400.0,0,True,True,True,True,False,False,False,True,True,False,True,False,True,False,True,False,True,False,True,False,False,True,False,False,False,True,401.0
0,60,25.0,1505.05,0,False,False,False,True,False,True,False,True,True,False,True,False,True,False,True,False,True,False,True,False,False,True,False,False,False,True,1500.0
0,41,20.25,865.0,0,False,False,True,True,False,False,False,True,True,False,True,False,True,False,True,False,True,False,True,False,True,False,True,True,False,False,830.25
0,15,51.1,711.15,0,False,True,False,True,False,True,False,False,False,False,False,False,False,False,False,False,False,False,False,False,False,False,True,False,True,False,766.5
0,1,44.3,44.3,0,True,False,False,True,False,False,False,False,False,False,False,False,False,False,False,False,False,False,False,False,False,False,True,False,False,True,44.3
0,66,99.5,6710.5,1,True,False,False,True,False,False,True,False,False,False,False,True,False,True,False,False,False,True,False,True,False,False,False,False,True,False,6567.0
1,1,69.25,69.25,1,False,True,True,True,False,False,True,False,False,False,False,False,False,False,False,False,False,False,False,False,False,False,True,False,True,False,69.25
0,2,44.5,90.05,0,True,True,True,True,False,False,False,False,False,False,False,False,False,False,False,False,False,False,False,False,False,False,True,False,True,False,89.0
0,32,84.15,2585.95,1,False,True,False,True,False,False,True,False,False,False,False,True,False,False,False,False,False,False,False,True,False,False,False,False,False,False,2692.8
1,72,78.45,5682.25,0,False,True,False,True,False,True,False,False,False,True,False,True,False,True,False,True,False,False,False,True,False,True,False,False,False,False,5648.400000000001
0,62,96.1,6001.45,0,True,True,False,True,False,True,True,False,False,True,False,True,False,False,False,False,False,False,False,True,True,False,False,False,True,False,5958.2
1,9,79.55,718.55,0,True,False,False,True,False,False,True,False,False,False,False,False,False,False,False,False,False,False,False,True,False,False,True,False,True,False,715.9499999999999
0,4,86.05,308.1,0,True,False,False,True,False,False,True,False,False,False,False,False,False,True,False,False,False,False,False,True,False,False,False,False,True,False,344.2
0,30,82.05,2570.2,0,True,True,True,True,False,False,True,False,False,False,False,True,False,True,False,False,False,False,False,False,False,False,False,False,False,False,2461.5
0,40,104.5,4036.85,1,True,False,False,True,False,True,True,False,False,False,False,True,False,True,False,False,False,True,False,True,False,False,True,True,False,False,4180.0
0,33,20.15,682.15,0,True,False,True,True,False,False,False,True,True,False,True,False,True,False,True,False,True,False,True,False,True,False,True,False,False,True,664.9499999999999
0,63,80.0,5040.2,0,True,True,False,True,False,True,False,False,False,True,False,True,False,True,False,True,False,False,False,True,True,False,False,True,False,False,5040.0
0,64,19.8,1336.65,0,False,True,True,True,False,False,False,True,True,False,True,False,True,False,True,False,True,False,True,False,True,False,False,False,False,False,1267.2
0,5,96.55,500.1,0,True,False,False,True,False,True,True,False,False,False,False,True,False,True,False,False,False,False,False,True,False,False,False,False,True,False,482.75
0,7,20.0,137.6,1,False,False,False,True,False,False,False,True,True,False,True,False,True,False,True,False,True,False,True,False,False,False,False,False,False,False,140.0
0,10,79.85,887.35,0,True,False,False,True,False,False,True,False,False,True,False,False,False,True,False,False,False,False,False,False,False,False,True,False,False,True,798.5
0,63,100.55,6215.35,1,False,True,True,True,False,True,True,False,False,True,False,True,False,True,False,False,False,True,False,False,False,False,True,False,True,False,6334.65
0,20,39.4,825.4,0,True,True,True,False,True,False,False,False,False,True,False,False,False,True,False,True,False,False,False,False,False,True,True,True,False,False,788.0
0,38,84.1,3187.65,0,False,False,False,True,False,True,False,False,False,True,False,True,False,True,False,False,False,True,False,True,True,False,False,False,False,False,3195.7999999999997
1,66,108.1,7181.95,0,False,True,False,True,False,True,True,False,False,False,False,True,False,True,False,True,False,True,False,True,True,False,True,True,False,False,7134.599999999999
0,13,91.1,1135.7,1,True,False,False,True,False,False,True,False,False,False,False,False,False,False,False,False,False,True,False,True,False,False,True,False,True,False,1184.3
0,24,66.3,1559.45,0,False,True,False,True,False,True,False,False,False,True,False,True,False,True,False,False,False,False,False,False,False,False,False,False,False,True,1591.1999999999998
1,23,104.45,2184.85,0,True,True,False,True,False,True,True,False,False,False,False,True,False,True,False,False,False,True,False,True,False,False,True,False,True,False,2402.35
1,32,91.35,2896.55,0,False,True,True,True,False,True,True,False,False,False,False,False,False,True,False,False,False,True,False,False,False,False,True,False,False,True,2923.2
0,51,60.15,3077.0,0,False,False,True,False,True,False,False,False,False,True,False,False,False,True,False,True,False,True,False,True,True,False,False,False,False,False,3067.65
0,40,19.1,780.1,0,False,True,False,True,False,False,False,True,True,False,True,False,True,False,True,False,True,False,True,False,False,True,False,False,False,True,764.0
0,22,59.05,1253.5,0,False,False,False,True,False,True,False,False,False,True,False,False,False,False,False,True,False,False,False,False,False,False,True,False,False,True,1299.1
0,1,70.45,70.45,0,True,False,True,True,False,False,False,False,False,True,False,True,False,False,False,True,False,False,False,True,False,False,True,False,False,False,70.45
1,6,89.35,567.8,0,False,False,False,True,False,False,True,False,False,False,False,False,False,False,False,False,False,True,False,True,False,False,True,False,True,False,536.0999999999999
0,1,19.65,19.65,1,True,False,False,True,False,False,False,True,True,False,True,False,True,False,True,False,True,False,True,False,False,False,False,False,False,True,19.65
0,4,20.5,79.05,0,False,True,False,True,False,False,False,True,True,False,True,False,True,False,True,False,True,False,True,False,True,False,False,False,False,False,82.0
0,60,105.9,6396.45,1,False,False,False,True,False,True,True,False,False,False,False,True,False,True,False,False,False,True,False,True,False,False,True,False,True,False,6354.0
1,72,64.95,4546.0,0,True,True,False,False,True,False,False,False,False,True,False,True,False,True,False,True,False,True,False,True,False,True,True,True,False,False,4676.400000000001
0,42,60.15,2421.6,0,False,False,False,True,False,True,False,False,False,True,False,True,False,False,False,False,False,False,False,False,True,False,True,False,False,False,2526.2999999999997
0,2,62.15,113.1,0,False,True,False,True,False,False,False,False,False,True,False,False,False,False,False,False,False,False,False,True,False,False,True,False,False,True,124.3
0,69,60.25,4055.5,0,True,True,False,False,True,False,False,False,False,True,False,False,False,True,False,True,False,True,False,True,False,True,False,False,False,False,4157.25
0,2,86.0,165.45,1,True,False,False,True,False,True,True,False,False,False,False,False,False,False,False,False,False,False,False,True,False,False,True,False,True,False,172.0
1,1,36.45,36.45,1,False,False,False,False,True,False,False,False,False,False,False,False,False,False,False,False,False,True,False,False,False,False,True,False,True,False,36.45
0,31,66.4,2019.8,0,True,True,False,True,False,False,False,False,False,False,False,False,False,True,False,True,False,False,False,True,False,False,True,True,False,False,2058.4
0,16,20.5,290.55,0,True,True,True,True,False,False,False,True,True,False,True,False,True,False,True,False,True,False,True,False,False,True,False,False,False,True,328.0
0,15,19.6,299.4,0,False,False,False,True,False,False,False,True,True,False,True,False,True,False,True,False,True,False,True,False,False,False,False,False,False,True,294.0
0,2,94.2,193.8,1,False,False,True,True,False,True,True,False,False,False,False,False,False,False,False,False,False,True,False,True,False,False,True,False,False,False,188.4
1,17,92.55,1614.7,0,False,True,False,True,False,True,True,False,False,False,False,False,False,False,False,False,False,True,False,True,False,False,True,False,True,False,1573.35
0,6,94.5,575.45,1,True,False,True,True,False,False,True,False,False,False,False,False,False,True,False,False,False,True,False,True,False,False,False,False,False,True,567.0
0,61,59.8,3641.5,0,False,True,True,True,False,True,False,False,False,True,False,True,False,False,False,False,False,False,False,False,False,False,False,False,True,False,3647.7999999999997
0,1,19.15,19.15,0,False,False,False,True,False,False,False,True,True,False,True,False,True,False,True,False,True,False,True,False,False,False,False,False,False,True,19.15
0,19,87.7,1725.95,0,True,False,False,True,False,False,True,False,False,False,False,False,False,False,False,True,False,False,False,True,True,False,True,True,False,False,1666.3
0,44,54.05,2375.2,0,True,True,True,False,True,False,False,False,False,True,False,True,False,True,False,True,False,False,False,True,False,True,True,True,False,False,2378.2
0,70,111.95,7795.95,0,False,False,False,True,False,True,True,False,False,True,False,True,False,True,False,True,False,True,False,True,False,True,True,True,False,False,7836.5
0,63,25.25,1573.05,0,True,True,True,True,False,True,False,True,True,False,True,False,True,False,True,False,True,False,True,False,False,True,False,False,False,True,1590.75
0,58,44.1,2413.05,0,False,True,True,True,False,False,False,False,False,False,False,False,False,False,False,False,False,False,False,False,True,False,True,False,False,True,2557.8
0,53,74.1,3833.95,0,False,True,False,True,False,True,False,False,False,True,False,True,False,True,False,False,False,False,False,True,True,False,False,False,False,False,3927.2999999999997
0,59,44.3,2666.75,0,True,True,False,False,True,False,False,False,False,False,False,False,False,False,False,False,False,True,False,True,False,False,True,False,True,False,2613.7
0,69,104.05,7262.0,1,True,False,False,True,False,False,True,False,False,False,False,True,False,True,False,True,False,True,False,True,True,False,True,False,False,False,7179.45
0,26,49.15,1237.3,0,True,False,False,True,False,False,False,False,False,False,False,False,False,False,False,True,False,False,False,False,False,False,False,False,False,False,1277.8999999999999
0,23,57.2,1423.35,0,True,True,True,True,False,False,False,False,False,True,False,False,False,False,False,True,False,False,False,False,True,False,False,True,False,False,1315.6000000000001
0,42,54.55,2455.05,0,False,False,False,True,False,False,False,False,False,True,False,False,False,True,False,False,False,False,False,False,False,False,False,True,False,False,2291.1
1,1,50.55,50.55,1,False,False,False,True,False,True,False,False,False,False,False,False,False,False,False,False,False,False,False,False,False,False,False,False,False,True,50.55
0,6,47.95,305.1,1,False,False,False,False,True,False,False,False,False,False,False,False,False,True,False,False,False,True,False,True,False,False,True,False,True,False,287.70000000000005
0,58,20.8,1212.25,0,True,False,False,True,False,False,False,True,True,False,True,False,True,False,True,False,True,False,True,False,False,True,False,False,False,True,1206.4
0,3,101.55,298.35,1,True,False,False,True,False,True,True,False,False,False,False,False,False,True,False,False,False,True,False,True,False,False,True,False,False,False,304.65
0,41,19.85,810.45,0,False,False,False,True,False,False,False,True,True,False,True,False,True,False,True,False,True,False,True,False,False,True,True,False,False,True,813.85
0,58,61.05,3478.75,0,False,True,False,True,False,True,False,False,False,True,False,False,False,False,False,True,False,False,False,False,True,False,True,False,False,False,3540.8999999999996
1,51,93.8,4750.95,1,True,True,False,True,False,True,True,False,False,True,False,False,False,True,False,False,False,True,False,False,False,False,True,False,False,False,4783.8
0,64,111.15,6953.4,0,False,True,False,True,False,True,True,False,False,False,False,True,False,True,False,True,False,True,False,True,False,False,True,False,True,False,7113.6
0,19,25.6,485.9,0,False,True,True,True,False,True,False,True,True,False,True,False,True,False,True,False,True,False,True,False,False,True,False,False,False,True,486.40000000000003
0,60,79.05,4663.4,0,True,True,True,True,False,False,False,False,False,True,False,True,False,False,False,True,False,True,False,True,False,False,True,True,False,False,4743.0
0,69,114.35,7665.8,0,True,True,True,True,False,True,True,False,False,True,False,True,False,True,False,True,False,True,False,True,False,True,True,False,False,False,7890.15
0,3,80.7,239.45,0,False,True,True,True,False,False,True,False,False,False,False,False,False,False,False,False,False,True,False,False,False,False,True,False,True,False,242.10000000000002
0,7,95.0,655.5,1,True,False,False,True,False,True,True,False,False,False,False,False,False,False,False,False,False,True,False,True,False,False,False,False,False,True,665.0
0,19,73.2,1441.1,1,False,True,False,True,False,False,True,False,False,True,False,False,False,False,False,False,False,False,False,False,False,False,True,False,True,False,1390.8
0,1,77.15,77.15,1,False,False,False,True,False,True,True,False,False,False,False,False,False,False,False,False,False,False,False,False,False,False,True,False,True,False,77.15
0,62,23.65,1416.75,0,False,True,False,True,False,True,False,True,True,False,True,False,True,False,True,False,True,False,True,False,False,True,False,False,False,False,1466.3
0,1,49.95,49.95,1,False,False,False,True,False,True,False,False,False,False,False,False,False,False,False,False,False,False,False,False,False,False,True,False,False,False,49.95
1,1,73.55,73.55,1,True,True,False,True,False,True,True,False,False,False,False,False,False,False,False,False,False,False,False,False,False,False,True,False,True,False,73.55
0,28,59.55,1646.45,0,False,False,False,True,False,False,False,False,False,False,False,False,False,True,False,False,False,True,False,False,False,False,True,False,False,False,1667.3999999999999
0,69,92.45,6460.55,0,True,True,False,True,False,True,True,False,False,False,False,True,False,False,False,True,False,True,False,False,False,True,True,False,False,True,6379.05
1,30,79.65,2365.15,1,True,True,False,True,False,False,True,False,False,False,False,True,False,True,False,False,False,False,False,False,False,False,True,False,False,True,2389.5
1,40,39.3,1637.4,1,False,True,False,False,True,False,False,False,False,False,False,True,False,False,False,False,False,True,False,False,False,False,True,False,True,False,1572.0
0,1,19.85,19.85,0,False,False,False,True,False,False,False,True,True,False,True,False,True,False,True,False,True,False,True,False,False,False,False,False,False,True,19.85
0,45,100.85,4740.0,1,True,False,False,True,False,True,True,False,False,False,False,True,False,False,False,False,False,True,False,True,False,False,True,True,False,False,4538.25
0,22,78.65,1663.75,0,True,True,True,True,False,True,False,False,False,False,False,False,False,True,False,True,False,True,False,True,True,False,True,False,False,True,1730.3000000000002
0,47,20.05,1016.7,0,False,True,True,True,False,False,False,True,True,False,True,False,True,False,True,False,True,False,True,False,False,True,False,True,False,False,942.35
0,2,20.0,40.9,0,False,False,False,True,False,False,False,True,True,False,True,False,True,False,True,False,True,False,True,False,False,False,True,False,False,True,40.0
0,13,35.1,446.1,1,False,False,False,False,True,False,False,False,False,False,False,False,False,False,False,False,False,False,False,True,False,False,True,False,True,False,456.3
0,20,18.9,347.65,0,False,False,False,True,False,False,False,True,True,False,True,False,True,False,True,False,True,False,True,False,False,False,True,True,False,False,378.0
0,48,19.25,855.1,0,True,True,False,True,False,False,False,True,True,False,True,False,True,False,True,False,True,False,True,False,False,True,False,False,False,True,924.0
0,67,100.9,6733.15,0,True,True,False,True,False,False,True,False,False,True,False,True,False,False,False,False,False,True,False,True,True,False,True,True,False,False,6760.3
0,70,99.35,6944.5,0,True,True,False,True,False,True,True,False,False,True,False,True,False,True,False,False,False,True,False,False,False,True,True,True,False,False,6954.5
0,64,99.0,6375.8,0,False,True,False,True,False,False,True,False,False,True,False,False,False,True,False,False,False,True,False,True,False,True,True,False,False,False,6336.0
0,34,97.65,3207.55,1,False,True,False,True,False,True,True,False,False,False,False,False,False,False,False,False,False,True,False,True,False,False,True,False,True,False,3320.1000000000004
0,72,90.95,6468.6,0,False,True,False,True,False,True,False,False,False,True,False,True,False,True,False,True,False,True,False,True,False,True,True,False,False,False,6548.400000000001
0,23,69.5,1652.1,0,False,True,True,True,False,True,False,False,False,False,False,True,False,False,False,True,False,True,False,False,False,False,True,True,False,False,1598.5
1,15,89.0,1288.3,0,False,False,False,True,False,True,True,False,False,False,False,True,False,False,False,False,False,True,False,False,False,False,False,True,False,False,1335.0
0,22,101.35,2317.1,1,True,False,False,True,False,True,True,False,False,True,False,False,False,False,False,False,False,True,False,True,False,False,True,False,False,False,2229.7
0,41,70.2,2894.55,0,True,False,True,True,False,False,False,False,False,True,False,True,False,True,False,False,False,True,False,False,True,False,False,False,False,True,2878.2000000000003
0,68,82.45,5646.6,0,False,False,False,True,False,False,False,False,False,True,False,True,False,True,False,True,False,True,False,True,False,True,True,True,False,False,5606.6
0,70,106.5,7397.0,0,False,True,True,True,False,True,True,False,False,False,False,True,False,True,False,False,False,True,False,True,True,False,True,False,True,False,7455.0
0,71,86.85,6263.8,0,True,True,True,True,False,True,False,False,False,True,False,True,False,True,False,True,False,True,False,True,False,True,False,False,False,False,6166.349999999999
0,71,85.45,6029.9,0,True,True,True,True,False,False,False,False,False,True,False,True,False,True,False,True,False,True,False,True,False,True,False,False,False,False,6066.95
0,1,44.45,44.45,0,True,False,False,True,False,False,False,False,False,False,False,False,False,False,False,False,False,False,False,False,False,False,False,False,False,True,44.45
0,1,55.0,55.0,1,True,False,False,True,False,False,False,False,False,False,False,False,False,False,False,False,False,False,False,True,False,False,True,False,True,False,55.0
0,3,20.85,60.65,0,True,False,True,True,False,False,False,True,True,False,True,False,True,False,True,False,True,False,True,False,False,False,False,False,False,True,62.550000000000004
0,40,93.4,3756.4,0,False,False,False,True,False,True,True,False,False,False,False,True,False,True,False,False,False,True,False,False,False,False,True,False,False,False,3736.0
0,3,50.6,155.35,1,False,False,False,False,True,False,False,False,False,False,False,True,False,False,False,False,False,True,False,True,False,False,True,False,True,False,151.8
0,67,26.1,1759.55,0,False,False,False,True,False,True,False,True,True,False,True,False,True,False,True,False,True,False,True,False,False,True,True,False,False,True,1748.7
0,18,75.4,1380.4,0,False,False,False,True,False,False,True,False,False,True,False,False,False,False,False,False,False,False,False,False,False,False,True,False,True,False,1357.2
0,20,20.05,406.05,0,False,True,True,True,False,False,False,True,True,False,True,False,True,False,True,False,True,False,True,False,False,False,False,False,False,True,401.0
0,3,74.25,210.3,1,False,False,False,True,False,True,True,False,False,False,False,False,False,False,False,False,False,False,False,False,False,False,True,False,True,False,222.75
0,71,116.1,8310.55,0,True,True,False,True,False,True,True,False,False,True,False,True,False,True,False,True,False,True,False,True,False,True,True,False,False,False,8243.1
0,25,34.0,853.0,1,False,True,False,False,True,False,False,False,False,False,False,False,False,False,False,False,False,True,False,False,False,False,True,False,False,False,850.0
1,32,90.95,2897.95,0,False,False,False,True,False,False,True,False,False,False,False,False,False,False,False,False,False,True,False,True,False,False,False,False,True,False,2910.4
0,46,20.2,917.45,0,True,True,True,True,False,False,False,True,True,False,True,False,True,False,True,False,True,False,True,False,False,True,True,False,False,True,929.1999999999999
0,68,19.35,1292.65,0,False,True,True,True,False,False,False,True,True,False,True,False,True,False,True,False,True,False,True,False,False,True,True,False,False,False,1315.8000000000002
0,48,79.65,3870.3,0,False,True,True,True,False,True,False,False,False,False,False,True,False,False,False,True,False,True,False,True,False,True,False,False,True,False,3823.2000000000003
0,2,70.4,147.15,1,False,True,True,True,False,False,True,False,False,False,False,False,False,False,False,False,False,False,False,False,False,False,False,False,True,False,140.8
0,56,93.15,5253.95,0,True,True,False,True,False,True,True,False,False,True,False,True,False,True,False,False,False,False,False,False,True,False,True,False,True,False,5216.400000000001
0,5,78.75,412.1,1,True,True,False,True,False,True,True,False,False,False,False,True,False,False,False,False,False,False,False,False,False,False,True,False,True,False,393.75
0,3,74.95,212.4,0,False,False,False,True,False,True,True,False,False,False,False,False,False,False,False,False,False,False,False,False,False,False,True,False,True,False,224.85000000000002
0,64,92.85,5980.75,0,False,True,True,True,False,True,True,False,False,False,False,True,False,True,False,False,False,False,False,True,True,False,True,False,True,False,5942.4
0,47,90.5,4318.35,0,True,True,True,True,False,True,False,False,False,True,False,True,False,True,False,True,False,True,False,True,False,True,True,False,False,True,4253.5
0,63,67.25,4234.15,0,True,True,False,True,False,True,False,False,False,False,False,True,False,False,False,True,False,False,False,True,False,True,False,False,False,True,4236.75
0,27,19.4,529.8,0,True,False,False,True,False,False,False,True,True,False,True,False,True,False,True,False,True,False,True,False,False,False,True,False,True,False,523.8
1,47,70.55,3309.25,1,False,True,True,True,False,False,True,False,False,False,False,False,False,False,False,False,False,False,False,False,False,False,False,False,False,False,3315.85
0,59,24.45,1493.1,0,False,False,False,True,False,True,False,True,True,False,True,False,True,False,True,False,True,False,True,False,False,True,False,False,True,False,1442.55
0,4,18.85,84.2,0,True,True,True,True,False,False,False,True,True,False,True,False,True,False,True,False,True,False,True,False,False,False,False,False,False,True,75.4
0,72,114.9,8496.7,0,False,False,False,True,False,True,True,False,False,True,False,True,False,True,False,True,False,True,False,True,False,True,True,False,True,False,8272.800000000001
0,13,55.15,742.9,0,False,False,False,True,False,False,False,False,False,True,False,False,False,False,False,True,False,False,False,False,True,False,False,False,False,True,716.9499999999999
1,66,108.45,7076.35,0,True,True,True,True,False,True,True,False,False,False,False,True,False,True,False,True,False,True,False,True,True,False,True,False,True,False,7157.7
0,42,20.65,958.1,0,False,False,False,True,False,False,False,True,True,False,True,False,True,False,True,False,True,False,True,False,True,False,True,False,False,True,867.3
0,10,19.95,187.75,0,False,True,False,True,False,False,False,True,True,False,True,False,True,False,True,False,True,False,True,False,False,False,True,False,False,False,199.5
1,15,74.45,1145.7,1,False,False,False,True,False,True,True,False,False,False,False,False,False,False,False,False,False,False,False,False,False,False,True,False,False,True,1116.75
0,45,95.2,4285.8,0,False,True,False,True,False,False,True,False,False,False,False,False,False,False,False,True,False,True,False,True,False,True,True,True,False,False,4284.0
0,48,73.85,3581.4,0,False,False,False,True,False,True,False,False,False,False,False,True,False,True,False,True,False,True,False,False,True,False,True,False,False,False,3544.7999999999997
0,1,25.25,25.25,0,False,False,False,False,True,False,False,False,False,False,False,False,False,False,False,False,False,False,False,False,False,False,False,False,False,False,25.25
0,27,76.1,2093.4,0,False,True,False,True,False,False,True,False,False,False,False,True,False,False,False,False,False,False,False,False,False,False,True,False,True,False,2054.7
0,5,19.35,126.05,1,True,True,False,True,False,False,False,True,True,False,True,False,True,False,True,False,True,False,True,False,False,False,False,False,False,True,96.75
0,23,86.8,1940.8,0,True,True,True,True,False,False,True,False,False,False,False,True,False,True,False,True,False,False,False,False,True,False,False,False,False,True,1996.3999999999999
1,11,75.2,775.3,0,True,True,True,True,False,True,True,False,False,False,False,False,False,False,False,False,False,False,False,False,False,False,True,True,False,False,827.2
1,35,102.05,3452.55,0,False,True,False,True,False,True,True,False,False,False,False,False,False,True,False,False,False,True,False,True,False,False,False,False,False,False,3571.75
0,67,88.8,5903.15,0,True,False,False,True,False,True,False,False,False,True,False,True,False,True,False,True,False,True,False,True,True,False,True,False,False,False,5949.599999999999
0,33,74.75,2453.3,0,True,True,True,True,False,False,False,False,False,True,False,False,False,True,False,False,False,True,False,True,True,False,False,True,False,False,2466.75
0,72,114.0,8093.15,0,True,True,True,True,False,True,True,False,False,True,False,True,False,True,False,True,False,True,False,True,False,True,True,False,True,False,8208.0
0,67,109.7,7344.45,0,False,True,False,True,False,True,True,False,False,False,False,True,False,True,False,True,False,True,False,True,True,False,True,True,False,False,7349.900000000001
0,33,20.05,669.45,0,False,True,False,True,False,False,False,True,True,False,True,False,True,False,True,False,True,False,True,False,False,False,False,False,False,True,661.65
0,47,58.9,2813.05,0,False,False,False,True,False,False,False,False,False,True,False,True,False,False,False,True,False,False,False,False,True,False,True,False,False,True,2768.2999999999997
1,13,98.0,1237.85,1,True,True,False,True,False,False,True,False,False,False,False,True,False,True,False,False,False,True,False,True,False,False,True,False,True,False,1274.0
0,18,83.25,1611.15,0,True,True,True,True,False,False,False,False,False,True,False,False,False,True,False,True,False,True,False,True,False,False,False,False,True,False,1498.5
0,72,112.1,7965.95,0,False,True,False,True,False,True,True,False,False,True,False,True,False,True,False,True,False,True,False,True,False,True,False,True,False,False,8071.2
1,11,89.7,1047.7,1,False,False,False,True,False,False,True,False,False,False,False,False,False,False,False,False,False,True,False,True,False,False,False,False,False,False,986.7
1,7,44.4,265.8,0,True,False,False,False,True,False,False,False,False,False,False,True,False,False,False,True,False,False,False,True,False,False,True,False,True,False,310.8
0,59,99.45,5623.7,0,False,False,False,True,False,True,True,False,False,True,False,True,False,True,False,False,False,False,False,True,False,False,True,False,False,False,5867.55
1,32,100.4,3217.65,0,False,True,True,True,False,True,True,False,False,False,False,True,False,False,False,False,False,True,False,True,False,False,True,False,True,False,3212.8
0,67,25.25,1733.15,0,False,True,False,True,False,True,False,True,True,False,True,False,True,False,True,False,True,False,True,False,False,True,True,True,False,False,1691.75
0,51,87.55,4475.9,0,False,False,False,True,False,False,True,False,False,False,False,False,False,False,False,False,False,True,False,True,True,False,False,True,False,False,4465.05
1,59,94.05,5483.9,0,False,True,False,True,False,True,True,False,False,True,False,True,False,True,False,True,False,False,False,False,True,False,True,False,True,False,5548.95
0,48,39.4,1978.65,0,False,True,True,False,True,False,False,False,False,True,False,True,False,False,False,True,False,False,False,False,False,True,False,False,False,True,1891.1999999999998
1,1,70.55,70.55,1,False,False,False,True,False,False,True,False,False,False,False,False,False,False,False,False,False,False,False,False,False,False,True,False,True,False,70.55
0,23,19.3,486.2,0,True,True,False,True,False,False,False,True,True,False,True,False,True,False,True,False,True,False,True,False,True,False,False,True,False,False,443.90000000000003
0,38,94.65,3624.3,1,True,True,True,True,False,True,True,False,False,False,False,True,False,True,False,False,False,True,False,False,False,False,True,False,True,False,3596.7000000000003
0,19,19.9,357.7,0,True,True,True,True,False,False,False,True,True,False,True,False,True,False,True,False,True,False,True,False,True,False,False,False,False,True,378.09999999999997
1,3,76.05,231.8,1,True,False,False,True,False,True,True,False,False,False,False,False,False,False,False,False,False,False,False,False,False,False,True,False,True,False,228.14999999999998
1,58,98.9,5780.7,0,True,True,False,True,False,True,True,False,False,False,False,True,False,False,False,False,False,True,False,True,False,False,True,False,True,False,5736.200000000001
0,2,50.2,109.25,0,True,False,False,True,False,False,False,False,False,False,False,False,False,False,False,True,False,False,False,False,False,False,True,True,False,False,100.4
0,5,75.15,392.65,0,True,False,False,True,False,False,False,False,False,False,False,False,False,True,False,True,False,True,False,True,False,False,False,False,False,False,375.75
0,72,101.3,7261.25,0,False,False,False,True,False,True,True,False,False,True,False,True,False,True,False,False,False,True,False,False,False,True,True,False,False,False,7293.599999999999
1,44,109.8,4860.35,0,False,False,False,True,False,True,True,False,False,True,False,True,False,True,False,False,False,True,False,True,True,False,True,True,False,False,4831.2
0,16,19.7,342.4,1,True,False,False,True,False,False,False,True,True,False,True,False,True,False,True,False,True,False,True,False,False,False,True,False,False,True,315.2
0,12,50.95,605.75,0,True,False,False,False,True,False,False,False,False,True,False,True,False,False,False,True,False,True,False,False,False,False,True,False,False,False,611.4000000000001
0,6,89.5,573.3,1,False,False,False,True,False,False,True,False,False,False,False,False,False,False,False,False,False,True,False,True,False,False,True,False,True,False,537.0
1,72,108.1,7774.05,0,False,False,False,True,False,True,True,False,False,False,False,True,False,True,False,True,False,True,False,True,False,True,True,False,False,False,7783.2
0,23,24.8,615.35,0,False,False,False,True,False,True,False,True,True,False,True,False,True,False,True,False,True,False,True,False,True,False,False,True,False,False,570.4
0,38,70.45,2597.6,1,True,False,False,True,False,False,True,False,False,False,False,False,False,False,False,False,False,False,False,False,True,False,True,False,False,False,2677.1
0,47,95.2,4563.0,0,True,True,False,True,False,True,True,False,False,False,False,False,False,False,False,False,False,True,False,True,True,False,True,True,False,False,4474.400000000001
0,54,20.05,1102.4,0,False,True,False,True,False,False,False,True,True,False,True,False,True,False,True,False,True,False,True,False,False,True,False,True,False,False,1082.7
0,15,68.6,1108.6,0,True,True,False,True,False,False,True,False,False,False,False,False,False,False,False,False,False,False,False,False,False,False,True,False,False,False,1029.0
1,20,94.1,1782.4,1,False,False,False,True,False,True,True,False,False,False,False,True,False,True,False,False,False,False,False,True,False,False,True,False,True,False,1882.0
0,16,73.25,1195.75,0,False,True,True,True,False,False,True,False,False,False,False,True,False,False,False,False,False,False,False,False,False,False,False,False,False,False,1172.0
0,1,69.35,69.35,1,True,False,False,True,False,False,True,False,False,False,False,False,False,False,False,False,False,False,False,False,False,False,True,False,True,False,69.35
0,1,24.8,24.8,1,True,False,False,False,True,False,False,False,False,False,False,False,False,False,False,False,False,False,False,False,False,False,False,False,False,False,24.8
0,46,19.95,907.05,0,True,False,False,True,False,False,False,True,True,False,True,False,True,False,True,False,True,False,True,False,False,True,False,False,True,False,917.6999999999999
0,69,97.65,6743.55,0,True,False,False,True,False,True,True,False,False,False,False,True,False,True,False,True,False,True,False,False,False,True,True,True,False,False,6737.85
0,49,84.5,4254.85,1,True,True,True,True,False,True,True,False,False,False,False,False,False,False,False,False,False,True,False,False,False,False,False,False,True,False,4140.5
0,53,54.9,3045.75,0,True,False,False,False,True,False,False,False,False,False,False,False,False,True,False,True,False,True,False,True,True,False,False,True,False,False,2909.7
0,7,19.45,136.75,0,True,False,True,True,False,False,False,True,True,False,True,False,True,False,True,False,True,False,True,False,True,False,False,False,False,True,136.15
0,42,50.25,2203.65,1,False,True,False,True,False,True,False,False,False,False,False,False,False,False,False,False,False,False,False,False,False,False,True,False,True,False,2110.5
0,17,50.3,846.8,0,True,False,True,True,False,False,False,False,False,True,False,False,False,False,False,False,False,False,False,False,False,False,True,False,False,True,855.0999999999999
1,2,81.5,162.55,0,False,False,False,True,False,False,True,False,False,False,False,False,False,False,False,False,False,True,False,False,False,False,False,False,False,True,163.0
0,72,104.15,7303.05,0,False,True,True,True,False,True,True,False,False,True,False,True,False,False,False,False,False,True,False,True,True,False,True,False,True,False,7498.8
0,28,20.5,563.05,0,False,True,False,True,False,False,False,True,True,False,True,False,True,False,True,False,True,False,True,False,False,False,False,False,False,True,574.0
0,1,50.35,50.35,1,True,True,False,False,True,False,False,False,False,False,False,False,False,True,False,False,False,True,False,True,False,False,True,False,True,False,50.35
0,15,86.2,1270.2,1,False,False,False,True,False,False,True,False,False,True,False,False,False,False,False,False,False,True,False,False,False,False,False,False,True,False,1293.0
1,67,107.05,7142.5,0,False,True,False,True,False,True,True,False,False,True,False,False,False,True,False,False,False,True,False,True,True,False,True,True,False,False,7172.349999999999
0,11,99.5,1056.95,1,False,True,False,True,False,True,True,False,False,False,False,False,False,True,False,False,False,True,False,True,False,False,True,False,True,False,1094.5
0,56,103.2,5873.75,0,True,True,True,True,False,True,True,False,False,False,False,False,False,True,False,True,False,True,False,True,False,True,True,False,True,False,5779.2
0,22,55.1,1253.15,0,True,False,False,True,False,False,False,False,False,True,False,False,False,False,False,True,False,False,False,False,False,False,False,False,False,True,1212.2
1,19,34.3,577.15,0,True,True,False,False,True,False,False,False,False,False,False,True,False,True,False,False,False,False,False,False,False,False,True,True,False,False,651.6999999999999
0,44,19.6,780.25,0,False,True,True,True,False,False,False,True,True,False,True,False,True,False,True,False,True,False,True,False,False,False,False,False,False,True,862.4000000000001
0,10,35.75,389.8,0,True,False,False,False,True,False,False,False,False,False,False,True,False,False,False,True,False,False,False,False,False,False,False,False,True,False,357.5
0,18,71.1,1247.75,0,False,False,False,True,False,False,True,False,False,False,False,False,False,False,False,False,False,False,False,False,False,False,True,False,True,False,1279.8
0,30,19.05,637.55,0,True,True,False,True,False,False,False,True,True,False,True,False,True,False,True,False,True,False,True,False,False,True,False,False,False,True,571.5
0,26,35.75,1022.5,0,True,False,False,False,True,False,False,False,False,False,False,False,False,True,False,True,False,False,False,False,False,False,False,False,True,False,929.5
0,58,109.45,6144.55,1,False,True,False,True,False,True,True,False,False,True,False,True,False,True,False,False,False,True,False,True,False,True,True,False,False,False,6348.1
0,1,29.7,29.7,1,True,False,False,False,True,False,False,False,False,True,False,False,False,False,False,False,False,False,False,False,False,False,False,False,False,True,29.7
0,9,66.25,620.55,1,False,False,False,True,False,False,False,False,False,False,False,True,False,False,False,True,False,True,False,False,False,False,False,False,False,True,596.25
0,50,82.5,4179.1,0,False,False,False,True,False,True,False,False,False,True,False,False,False,True,False,True,False,True,False,True,True,False,True,True,False,False,4125.0
0,46,30.75,1489.3,0,True,False,False,False,True,False,False,False,False,True,False,False,False,False,False,False,False,False,False,False,True,False,True,False,False,False,1414.5
0,3,44.75,148.05,0,False,False,False,True,False,False,False,False,False,False,False,False,False,False,False,False,False,False,False,False,False,False,False,False,False,True,134.25
0,11,51.1,531.15,0,False,False,False,True,False,False,False,False,False,False,False,True,False,False,False,False,False,False,False,False,False,False,False,False,True,False,562.1
0,37,70.35,2552.9,0,True,False,False,True,False,False,True,False,False,False,False,False,False,False,False,False,False,False,False,False,False,False,True,False,False,True,2602.95
0,22,54.2,1152.7,1,True,True,False,True,False,False,False,False,False,True,False,False,False,False,False,True,False,False,False,False,False,False,True,False,True,False,1192.4
0,67,25.6,1784.9,0,True,True,False,True,False,True,False,True,True,False,True,False,True,False,True,False,True,False,True,False,False,True,False,True,False,False,1715.2
0,1,20.2,20.2,0,True,False,False,True,False,False,False,True,True,False,True,False,True,False,True,False,True,False,True,False,False,False,False,False,False,True,20.2
0,19,56.1,1033.9,0,False,False,False,True,False,True,False,False,False,False,False,False,False,True,False,False,False,False,False,False,False,False,True,False,False,True,1065.9
1,9,74.55,622.9,1,False,False,False,True,False,True,True,False,False,False,False,False,False,False,False,False,False,False,False,False,False,False,True,False,True,False,670.9499999999999
0,70,98.7,6858.9,0,True,True,False,True,False,True,True,False,False,False,False,True,False,True,False,True,False,False,False,True,False,True,True,False,False,False,6909.0
0,1,50.15,50.15,0,True,False,False,True,False,False,False,False,False,False,False,True,False,False,False,False,False,False,False,False,False,False,True,False,False,True,50.15
0,39,41.1,1597.05,0,False,False,False,False,True,False,False,False,False,False,False,True,False,True,False,True,False,False,False,False,False,False,False,False,False,False,1602.9
0,2,70.7,140.7,1,True,False,False,True,False,False,True,False,False,False,False,False,False,False,False,False,False,False,False,False,False,False,False,True,False,False,141.4
1,49,43.8,2106.05,0,False,False,False,True,False,False,False,False,False,False,False,False,False,False,False,False,False,False,False,False,False,False,False,False,False,True,2146.2
0,7,64.3,445.95,0,True,False,False,True,False,False,False,False,False,False,False,False,False,True,False,True,False,True,False,False,False,False,False,False,False,False,450.09999999999997
0,1,45.85,45.85,1,True,True,True,True,False,False,False,False,False,False,False,False,False,False,False,False,False,False,False,False,False,False,True,False,False,True,45.85
0,61,101.05,5971.25,0,False,True,False,True,False,True,True,False,False,False,False,True,False,False,False,False,False,True,False,True,False,True,True,False,False,False,6164.05
0,1,42.9,42.9,1,True,False,False,True,False,False,False,False,False,False,False,False,False,False,False,False,False,False,False,False,False,False,True,False,True,False,42.9
1,40,91.55,3673.6,0,False,False,False,True,False,False,True,False,False,False,False,False,False,False,False,False,False,True,False,True,False,False,True,False,True,False,3662.0
0,71,24.45,1681.6,0,False,True,False,True,False,True,False,True,True,False,True,False,True,False,True,False,True,False,True,False,False,True,True,True,False,False,1735.95
0,24,89.85,2165.05,1,True,False,False,True,False,True,True,False,False,False,False,False,False,True,False,False,False,True,False,False,False,False,True,False,False,True,2156.3999999999996
0,14,50.45,765.45,0,False,False,False,True,False,False,False,False,False,False,False,True,False,False,False,False,False,False,False,False,False,False,False,False,True,False,706.3000000000001
1,61,94.2,5895.45,0,False,True,False,True,False,True,True,False,False,True,False,True,False,True,False,True,False,False,False,False,False,False,True,True,False,False,5746.2
1,44,74.85,3268.05,0,False,False,False,True,False,False,False,False,False,False,False,False,False,True,False,True,False,True,False,True,True,False,False,False,False,False,3293.3999999999996
0,70,19.8,1397.65,0,False,True,False,True,False,False,False,True,True,False,True,False,True,False,True,False,True,False,True,False,False,True,False,False,False,False,1386.0
0,18,74.15,1345.75,0,False,False,False,True,False,True,True,False,False,False,False,False,False,False,False,False,False,False,False,False,False,False,True,False,True,False,1334.7
0,12,73.75,871.4,1,True,False,True,True,False,True,True,False,False,False,False,False,False,False,False,False,False,False,False,False,False,False,True,True,False,False,885.0
1,66,107.35,7051.95,0,True,True,False,True,False,True,True,False,False,False,False,True,False,True,False,True,False,True,False,True,True,False,True,False,False,False,7085.099999999999
0,61,20.55,1305.95,0,True,True,True,True,False,False,False,True,True,False,True,False,True,False,True,False,True,False,True,False,False,True,False,True,False,False,1253.55
0,42,85.9,3729.75,0,False,True,False,True,False,True,True,False,False,False,False,False,False,True,False,True,False,False,False,False,False,False,True,True,False,False,3607.8
0,54,94.75,5121.75,0,False,False,False,True,False,True,True,False,False,False,False,True,False,True,False,False,False,True,False,False,True,False,True,False,False,False,5116.5
0,3,20.25,61.45,0,True,False,False,True,False,False,False,True,True,False,True,False,True,False,True,False,True,False,True,False,False,False,True,False,True,False,60.75
0,69,53.65,3804.4,0,True,True,False,True,False,False,False,False,False,True,False,True,False,False,False,False,False,False,False,False,True,False,True,True,False,False,3701.85
0,3,19.6,55.25,0,False,True,False,True,False,False,False,True,True,False,True,False,True,False,True,False,True,False,True,False,False,False,True,False,False,True,58.800000000000004
0,7,74.9,541.15,1,False,False,False,True,False,True,True,False,False,False,False,False,False,False,False,False,False,False,False,False,False,False,True,False,True,False,524.3000000000001
0,57,19.9,1115.6,0,False,True,False,True,False,False,False,True,True,False,True,False,True,False,True,False,True,False,True,False,False,True,False,False,False,False,1134.3
1,14,74.95,1036.75,1,True,False,False,True,False,True,True,False,False,False,False,False,False,False,False,False,False,False,False,False,False,False,True,False,True,False,1049.3
0,11,41.6,470.6,1,True,False,False,False,True,False,False,False,False,False,False,False,False,True,False,False,False,True,False,False,True,False,True,False,True,False,457.6
0,4,19.7,117.8,0,True,False,False,True,False,False,False,True,True,False,True,False,True,False,True,False,True,False,True,False,True,False,False,False,False,True,78.8
0,43,94.35,3921.3,0,True,False,False,True,False,True,True,False,False,False,False,False,False,False,False,False,False,True,False,True,True,False,False,False,False,True,4057.0499999999997
0,62,74.3,4698.05,0,True,False,False,True,False,False,False,False,False,True,False,True,False,False,False,False,False,True,False,True,True,False,True,True,False,False,4606.599999999999
0,12,96.0,1062.1,1,False,False,False,True,False,False,True,False,False,False,False,False,False,True,False,False,False,True,False,True,False,False,True,False,True,False,1152.0
0,11,20.45,250.8,0,True,True,True,True,False,False,False,True,True,False,True,False,True,False,True,False,True,False,True,False,False,False,True,False,True,False,224.95
0,19,59.8,1130.85,0,False,True,False,True,False,False,False,False,False,False,False,True,False,False,False,False,False,False,False,True,False,False,True,False,False,True,1136.2
0,44,106.05,4510.8,0,True,False,False,True,False,False,True,False,False,True,False,True,False,True,False,False,False,True,False,True,True,False,True,False,True,False,4666.2
1,11,78.1,864.85,0,False,True,True,True,False,True,True,False,False,False,False,False,False,True,False,False,False,False,False,False,False,False,True,True,False,False,859.0999999999999
0,72,80.8,5728.55,0,True,True,True,True,False,False,False,False,False,True,False,False,False,True,False,True,False,True,False,True,False,True,True,False,True,False,5817.599999999999
0,43,104.6,4759.85,1,False,False,False,True,False,True,True,False,False,False,False,True,False,True,False,False,False,True,False,True,False,True,True,False,True,False,4497.8
0,3,19.8,58.15,1,True,False,False,True,False,False,False,True,True,False,True,False,True,False,True,False,True,False,True,False,False,False,True,False,False,True,59.400000000000006
1,5,80.7,374.8,0,False,False,False,True,False,False,True,False,False,True,False,True,False,False,False,False,False,False,False,False,False,False,False,False,True,False,403.5
0,2,29.85,75.6,1,True,False,False,False,True,False,False,False,False,False,False,False,False,False,False,True,False,False,False,False,False,False,False,False,False,False,59.7
0,68,85.5,5696.6,0,True,True,True,True,False,True,True,False,False,True,False,True,False,False,False,False,False,False,False,False,True,False,True,False,False,False,5814.0
1,33,94.5,3105.55,1,True,True,False,True,False,True,True,False,False,False,False,False,False,False,False,False,False,True,False,True,False,False,True,False,True,False,3118.5
0,11,35.8,363.15,0,False,False,False,False,True,False,False,False,False,False,False,False,False,False,False,False,False,True,False,False,False,False,True,False,False,True,393.79999999999995
1,69,89.95,6143.15,1,True,True,False,True,False,True,True,False,False,False,False,True,False,False,False,False,False,True,False,False,False,False,True,False,True,False,6206.55
0,66,105.2,6936.85,0,False,True,False,True,False,True,True,False,False,False,False,True,False,True,False,False,False,True,False,True,False,False,True,False,True,False,6943.2
0,29,75.55,2054.4,0,True,True,True,True,False,False,False,False,False,False,False,False,False,True,False,True,False,True,False,True,False,True,False,False,False,True,2190.95
0,8,44.65,369.15,0,True,True,True,True,False,False,False,False,False,False,False,False,False,False,False,False,False,False,False,False,False,False,False,False,False,False,357.2
1,72,64.45,4641.1,0,True,True,False,False,True,False,False,False,False,True,False,True,False,True,False,True,False,True,False,True,False,True,True,True,False,False,4640.400000000001
0,8,45.45,411.75,0,False,True,True,True,False,False,False,False,False,False,False,False,False,False,False,False,False,False,False,False,False,False,True,False,True,False,363.6
0,32,104.05,3416.85,0,False,False,False,True,False,True,True,False,False,False,False,True,False,True,False,False,False,True,False,True,True,False,True,True,False,False,3329.6
0,56,20.05,1090.1,0,False,True,True,True,False,False,False,True,True,False,True,False,True,False,True,False,True,False,True,False,False,True,False,False,False,True,1122.8
0,10,80.7,788.8,1,True,False,False,True,False,True,True,False,False,False,False,True,False,False,False,False,False,False,False,False,False,False,True,False,False,False,807.0
0,44,61.5,2722.2,0,False,True,False,True,False,False,False,False,False,True,False,True,False,True,False,False,False,False,False,False,True,False,True,False,False,True,2706.0
0,23,83.8,1900.25,1,False,True,True,True,False,False,True,False,False,False,False,True,False,True,False,True,False,False,False,False,False,False,False,False,True,False,1927.3999999999999
0,4,48.25,202.25,0,False,False,False,False,True,False,False,False,False,True,False,False,False,True,False,True,False,False,False,True,False,False,False,False,False,True,193.0
0,36,51.05,1815.0,0,False,True,True,True,False,False,False,False,False,True,False,False,False,False,False,False,False,False,False,False,False,False,False,True,False,False,1837.8
0,47,83.35,4065.0,1,True,True,False,True,False,True,True,False,False,False,False,True,False,True,False,False,False,False,False,False,False,False,True,False,False,False,3917.45
0,2,30.25,63.75,0,False,True,True,False,True,False,False,False,False,False,False,True,False,False,False,False,False,False,False,False,False,False,True,False,False,True,60.5
0,52,20.4,1090.65,0,False,True,True,True,False,False,False,True,True,False,True,False,True,False,True,False,True,False,True,False,True,False,True,False,True,False,1060.8
0,5,90.8,455.5,1,False,False,False,True,False,True,True,False,False,False,False,True,False,False,False,False,False,True,False,False,False,False,True,False,True,False,454.0
0,64,65.8,4068.0,0,False,True,True,True,False,False,False,False,False,True,False,False,False,False,False,True,False,True,False,False,True,False,False,False,False,True,4211.2
0,2,50.3,92.75,0,True,False,False,True,False,False,False,False,False,False,False,True,False,False,False,False,False,False,False,False,False,False,True,False,False,True,100.6
0,8,20.25,174.65,0,False,False,False,True,False,False,False,True,True,False,True,False,True,False,True,False,True,False,True,False,False,True,False,False,False,True,162.0
0,1,70.15,70.15,1,False,False,False,True,False,False,True,False,False,False,False,False,False,False,False,False,False,False,False,False,False,False,True,False,False,True,70.15
0,1,44.65,44.65,1,True,False,False,False,True,False,False,False,False,False,False,True,False,False,False,True,False,False,False,True,False,False,True,False,False,True,44.65
0,60,60.5,3694.45,0,True,True,True,True,False,False,False,False,False,True,False,True,False,True,False,False,False,False,False,False,False,True,False,False,False,False,3630.0
0,20,90.7,1781.35,0,True,False,False,True,False,True,True,False,False,False,False,False,False,True,False,False,False,True,False,False,False,False,True,True,False,False,1814.0
0,22,51.1,1232.9,0,True,True,True,True,False,False,False,False,False,False,False,False,False,False,False,True,False,False,False,False,False,False,True,False,True,False,1124.2
0,54,70.7,3770.0,0,True,True,True,True,False,True,False,False,False,False,False,True,False,False,False,True,False,True,False,False,True,False,True,False,True,False,3817.8
0,1,80.55,80.55,0,True,False,False,True,False,False,True,False,False,False,False,False,False,False,False,False,False,True,False,False,False,False,True,False,True,False,80.55
0,13,19.3,259.65,0,True,False,False,True,False,False,False,True,True,False,True,False,True,False,True,False,True,False,True,False,True,False,False,True,False,False,250.9
1,24,96.55,2263.45,0,False,True,True,True,False,False,True,False,False,False,False,False,False,True,False,False,False,True,False,True,False,True,True,False,True,False,2317.2
1,6,74.1,450.9,0,False,False,False,True,False,False,True,False,False,True,False,False,False,False,False,False,False,False,False,False,False,False,True,False,True,False,444.59999999999997
1,38,102.6,4009.2,0,True,True,False,True,False,True,True,False,False,False,False,True,False,True,False,False,False,True,False,True,False,False,True,False,True,False,3898.7999999999997
0,12,85.15,979.05,0,False,False,False,True,False,False,True,False,False,True,False,False,False,False,False,False,False,True,False,False,True,False,True,True,False,False,1021.8000000000001
0,26,44.65,1156.55,0,True,False,False,False,True,False,False,False,False,True,False,True,False,False,False,False,False,False,False,True,False,False,True,False,False,False,1160.8999999999999
0,6,40.55,217.5,0,False,True,True,False,True,False,False,False,False,False,False,True,False,True,False,True,False,False,False,False,False,True,False,False,False,True,243.29999999999998
0,67,87.4,5918.8,1,True,True,True,True,False,True,True,False,False,False,False,True,False,True,False,False,False,False,False,False,True,False,False,False,True,False,5855.8
1,62,103.75,6383.35,1,True,True,False,True,False,True,True,False,False,False,False,True,False,True,False,False,False,True,False,True,True,False,True,False,True,False,6432.5
0,50,39.45,2021.35,0,True,True,True,False,True,False,False,False,False,True,False,False,False,False,False,False,False,True,False,False,False,False,True,True,False,False,1972.5000000000002
0,72,65.65,4664.5,0,True,True,True,False,True,False,False,False,False,True,False,True,False,True,False,True,False,True,False,True,False,True,True,False,False,False,4726.8
1,31,98.9,2911.3,1,False,True,True,True,False,False,True,False,False,False,False,False,False,True,False,True,False,True,False,True,False,False,True,False,True,False,3065.9
0,72,92.0,6782.15,0,True,True,False,True,False,True,False,False,False,True,False,True,False,True,False,True,False,True,False,True,False,True,True,True,False,False,6624.0
0,51,44.45,2181.55,0,True,False,False,False,True,False,False,False,False,True,False,False,False,False,False,True,False,False,False,True,False,False,True,True,False,False,2266.9500000000003
0,1,20.4,20.4,0,False,False,False,True,False,False,False,True,True,False,True,False,True,False,True,False,True,False,True,False,False,False,False,False,False,True,20.4
0,60,115.25,6758.45,0,False,True,True,True,False,True,True,False,False,True,False,True,False,True,False,True,False,True,False,True,False,True,False,True,False,False,6915.0
0,24,19.75,498.1,0,False,False,True,True,False,False,False,True,True,False,True,False,True,False,True,False,True,False,True,False,False,True,False,False,False,True,474.0
0,2,80.65,144.15,1,False,False,False,True,False,False,True,False,False,False,False,False,False,False,False,False,False,True,False,False,False,False,True,False,True,False,161.3
0,4,77.95,305.55,1,False,False,False,True,False,True,True,False,False,False,False,True,False,False,False,False,False,False,False,False,False,False,False,False,False,False,311.8
0,67,65.65,4322.85,0,False,True,False,True,False,True,False,False,False,True,False,True,False,True,False,False,False,False,False,False,False,True,False,False,False,True,4398.55
0,69,106.4,7251.9,0,False,True,False,True,False,False,True,False,False,True,False,True,False,False,False,True,False,True,False,True,True,False,True,True,False,False,7341.6
0,1,69.55,69.55,1,False,False,False,True,False,False,True,False,False,False,False,False,False,False,False,False,False,False,False,False,False,False,False,False,False,True,69.55
0,67,24.85,1583.5,0,True,True,False,True,False,True,False,True,True,False,True,False,True,False,True,False,True,False,True,False,False,True,False,True,False,False,1664.95
0,1,89.9,89.9,1,True,False,False,True,False,False,True,False,False,False,False,False,False,False,False,False,False,True,False,True,False,False,True,False,True,False,89.9
1,67,83.85,5588.8,0,True,True,False,True,False,True,True,False,False,True,False,True,False,False,False,False,False,False,False,False,False,False,False,False,False,False,5617.95
1,27,86.45,2401.05,0,False,False,False,True,False,True,True,False,False,False,False,True,False,True,False,False,False,False,False,False,False,False,True,False,False,False,2334.15
0,41,106.5,4282.4,0,False,False,False,True,False,True,True,False,False,True,False,True,False,True,False,True,False,True,False,False,False,False,True,False,True,False,4366.5
0,64,109.2,6741.15,0,True,True,True,True,False,True,True,False,False,False,False,True,False,True,False,True,False,True,False,True,False,True,True,True,False,False,6988.8
0,1,69.6,69.6,1,False,False,False,True,False,False,True,False,False,False,False,False,False,False,False,False,False,False,False,False,False,False,True,False,True,False,69.6
0,6,44.75,270.95,1,True,False,False,True,False,False,False,False,False,False,False,False,False,False,False,False,False,False,False,False,False,False,False,False,True,False,268.5
0,72,65.25,4478.85,0,True,True,True,False,True,False,False,False,False,True,False,True,False,True,False,True,False,True,False,True,False,True,True,True,False,False,4698.0
0,57,70.1,3913.3,1,False,True,True,True,False,False,False,False,False,True,False,False,False,False,False,False,False,True,False,True,True,False,True,False,False,False,3995.7
0,70,72.95,5265.55,0,True,True,False,True,False,True,False,False,False,False,False,True,False,True,False,True,False,True,False,False,False,True,False,False,False,False,5106.5
1,10,85.55,851.75,1,True,True,False,True,False,True,True,False,False,False,False,False,False,False,False,False,False,False,False,True,False,False,False,False,True,False,855.5
0,1,55.7,55.7,1,True,False,False,True,False,False,False,False,False,False,False,False,False,False,False,False,False,False,False,True,False,False,True,False,False,True,55.7
1,71,89.85,6293.45,0,False,False,False,True,False,True,False,False,False,True,False,True,False,True,False,True,False,True,False,True,False,True,False,False,False,True,6379.349999999999
0,3,40.3,92.5,0,False,True,True,False,True,False,False,False,False,False,False,True,False,False,False,False,False,False,False,True,False,False,False,False,False,True,120.89999999999999
0,63,24.2,1618.2,0,False,False,False,True,False,True,False,True,True,False,True,False,True,False,True,False,True,False,True,False,False,True,False,False,False,True,1524.6
0,25,74.6,1797.75,0,False,True,False,True,False,False,True,False,False,False,False,False,False,True,False,False,False,False,False,False,False,False,True,False,True,False,1864.9999999999998
0,62,24.4,1413.0,0,True,False,True,True,False,True,False,True,True,False,True,False,True,False,True,False,True,False,True,False,False,True,True,False,False,True,1512.8
0,55,94.75,5276.1,0,False,True,False,True,False,False,True,False,False,True,False,False,False,False,False,False,False,True,False,True,True,False,True,False,True,False,5211.25
0,52,79.2,4016.3,0,True,True,True,True,False,False,False,False,False,True,False,True,False,True,False,False,False,True,False,True,False,True,False,False,True,False,4118.400000000001
0,16,81.0,1312.15,1,False,False,True,True,False,False,True,False,False,False,False,False,False,False,False,False,False,True,False,False,False,False,True,False,True,False,1296.0
0,29,87.8,2621.75,0,False,True,True,True,False,False,True,False,False,False,False,False,False,False,False,False,False,True,False,True,False,False,True,True,False,False,2546.2
0,2,35.1,68.75,1,False,True,False,False,True,False,False,False,False,False,False,False,False,False,False,False,False,False,False,True,False,False,True,False,True,False,70.2
0,8,70.7,553.4,0,True,False,False,True,False,False,True,False,False,False,False,False,False,False,False,False,False,False,False,False,False,False,False,False,False,False,565.6
0,5,85.3,420.45,0,False,False,False,True,False,False,True,False,False,False,False,True,False,False,False,False,False,True,False,False,False,False,True,False,False,True,426.5
0,9,19.7,180.7,0,True,False,False,True,False,False,False,True,True,False,True,False,True,False,True,False,True,False,True,False,False,False,False,True,False,False,177.29999999999998
1,32,74.4,2276.95,1,False,False,False,True,False,False,True,False,False,False,False,True,False,False,False,False,False,False,False,False,False,False,True,False,True,False,2380.8
0,72,84.5,6130.85,0,True,True,True,True,False,True,True,False,False,False,False,False,False,False,False,False,False,False,False,True,False,True,True,True,False,False,6084.0
0,7,49.65,305.55,0,True,True,True,False,True,False,False,False,False,True,False,False,False,True,False,True,False,False,False,True,False,True,False,True,False,False,347.55
1,18,58.4,964.9,0,True,False,False,True,False,True,False,False,False,True,False,True,False,False,False,False,False,False,False,False,False,False,True,True,False,False,1051.2
0,48,105.1,5083.55,0,False,True,False,True,False,True,True,False,False,False,False,True,False,False,False,True,False,True,False,True,False,False,True,True,False,False,5044.799999999999
1,71,96.35,6766.95,0,False,True,False,True,False,True,True,False,False,True,False,True,False,True,False,True,False,False,False,False,False,True,True,True,False,False,6840.849999999999
0,1,70.05,70.05,1,True,False,False,True,False,False,True,False,False,False,False,False,False,False,False,False,False,False,False,False,False,False,True,False,True,False,70.05
0,69,105.2,7386.05,0,True,False,False,True,False,True,True,False,False,False,False,True,False,False,False,True,False,True,False,True,True,False,True,False,False,False,7258.8
0,60,20.5,1198.8,0,True,True,False,True,False,False,False,True,True,False,True,False,True,False,True,False,True,False,True,False,False,True,True,False,False,False,1230.0
1,1,25.05,25.05,1,True,True,False,False,True,False,False,False,False,False,False,False,False,False,False,False,False,False,False,False,False,False,False,False,True,False,25.05
0,1,49.0,49.0,0,True,False,False,True,False,False,False,False,False,False,False,False,False,False,False,True,False,False,False,False,False,False,False,True,False,False,49.0
0,38,91.7,3479.05,0,True,True,False,True,False,True,True,False,False,True,False,False,False,False,False,False,False,True,False,False,False,False,False,False,False,False,3484.6
0,4,20.05,83.3,0,False,False,False,True,False,False,False,True,True,False,True,False,True,False,True,False,True,False,True,False,False,False,False,False,False,True,80.2
0,31,99.45,3109.9,0,True,False,False,True,False,False,True,False,False,False,False,False,False,True,False,True,False,True,False,True,False,True,False,False,False,False,3082.9500000000003
1,14,78.85,1043.8,0,False,False,False,True,False,False,True,False,False,True,False,True,False,False,False,False,False,False,False,False,False,False,False,False,True,False,1103.8999999999999
1,71,109.7,7904.25,0,False,True,False,True,False,False,True,False,False,True,False,True,False,True,False,True,False,True,False,True,False,True,True,False,False,False,7788.7
0,2,80.95,171.15,1,True,False,False,True,False,False,True,False,False,False,False,False,False,False,False,False,False,False,False,True,False,False,True,False,True,False,161.9
0,64,93.4,5822.3,0,True,True,True,True,False,True,True,False,False,True,False,False,False,True,False,False,False,False,False,True,False,True,False,False,False,False,5977.6
0,9,80.55,653.9,0,False,False,False,True,False,False,True,False,False,False,False,True,False,True,False,False,False,False,False,False,False,False,False,False,True,False,724.9499999999999
0,56,105.6,6068.65,0,False,True,False,True,False,False,True,False,False,True,False,True,False,True,False,False,False,True,False,True,True,False,True,True,False,False,5913.599999999999
0,11,94.2,999.9,0,False,False,False,True,False,False,True,False,False,False,False,True,False,True,False,True,False,False,False,True,False,False,True,False,True,False,1036.2
0,72,19.4,1363.25,0,True,True,True,True,False,False,False,True,True,False,True,False,True,False,True,False,True,False,True,False,False,True,False,True,False,False,1396.8
0,1,19.65,19.65,0,False,False,False,True,False,False,False,True,True,False,True,False,True,False,True,False,True,False,True,False,False,False,False,False,False,True,19.65
0,60,109.45,6572.85,0,True,True,False,True,False,True,True,False,False,True,False,False,False,True,False,True,False,True,False,True,False,False,True,False,False,False,6567.0
1,33,50.0,1750.85,0,True,True,False,False,True,False,False,False,False,False,False,True,False,True,False,True,False,True,False,False,False,False,True,False,True,False,1650.0
0,72,19.95,1322.85,0,True,True,True,True,False,False,False,True,True,False,True,False,True,False,True,False,True,False,True,False,False,True,False,False,False,False,1436.3999999999999
0,26,87.15,2274.1,0,False,False,False,True,False,False,True,False,False,True,False,False,False,True,False,True,False,False,False,False,True,False,True,True,False,False,2265.9
0,3,85.8,272.2,1,False,False,False,True,False,False,True,False,False,False,False,False,False,False,False,True,False,False,False,True,False,False,False,False,True,False,257.4
0,22,39.2,849.9,0,False,True,True,False,True,False,False,False,False,False,False,True,False,False,False,False,False,True,False,False,False,False,False,False,True,False,862.4000000000001
1,22,63.55,1381.8,0,False,True,False,True,False,True,False,False,False,True,False,True,False,False,False,True,False,False,False,False,False,False,True,False,False,True,1398.1
0,1,53.55,53.55,1,False,False,False,True,False,False,False,False,False,False,False,False,False,False,False,False,False,True,False,False,False,False,True,False,False,True,53.55
0,27,54.75,1510.3,0,True,True,True,True,False,False,False,False,False,True,False,True,False,False,False,False,False,False,False,False,False,False,True,True,False,False,1478.25
0,1,69.7,69.7,1,False,False,False,True,False,False,True,False,False,False,False,False,False,False,False,False,False,False,False,False,False,False,False,False,False,False,69.7
0,41,106.3,4443.45,1,False,False,False,True,False,True,True,False,False,False,False,True,False,True,False,False,False,True,False,True,False,False,True,False,True,False,4358.3
1,14,74.3,1096.25,1,False,False,False,True,False,True,True,False,False,False,False,False,False,False,False,False,False,False,False,False,False,False,True,False,True,False,1040.2
0,7,69.35,451.1,1,True,True,False,True,False,False,True,False,False,False,False,False,False,False,False,False,False,False,False,False,False,False,True,False,True,False,485.44999999999993
0,32,54.2,1739.6,0,False,False,False,True,False,True,False,False,False,False,False,True,False,False,False,False,False,False,False,False,False,False,True,False,True,False,1734.4
0,41,68.5,2839.95,0,True,True,True,True,False,True,False,False,False,False,False,True,False,True,False,False,False,True,False,False,True,False,False,False,False,False,2808.5
1,4,46.0,181.6,1,False,True,True,True,False,False,False,False,False,False,False,False,False,False,False,False,False,False,False,False,False,False,False,False,True,False,184.0
0,56,25.95,1444.05,0,True,False,False,True,False,True,False,True,True,False,True,False,True,False,True,False,True,False,True,False,False,True,True,False,False,False,1453.2
1,33,110.45,3655.45,1,False,False,False,True,False,True,True,False,False,False,False,True,False,True,False,True,False,True,False,True,False,False,True,False,True,False,3644.85
1,2,66.4,94.55,1,True,False,False,True,False,False,False,False,False,True,False,False,False,True,False,False,False,True,False,False,False,False,False,False,False,False,132.8
0,28,105.7,2979.5,1,True,False,False,True,False,True,True,False,False,False,False,True,False,True,False,False,False,True,False,True,False,False,True,False,True,False,2959.6
0,1,54.5,54.5,0,False,False,True,True,False,False,False,False,False,True,False,False,False,False,False,True,False,False,False,False,False,False,False,False,True,False,54.5
0,1,18.8,18.8,0,True,True,True,True,False,False,False,True,True,False,True,False,True,False,True,False,True,False,True,False,True,False,False,False,False,True,18.8
0,2,70.0,153.05,1,False,False,False,True,False,False,True,False,False,False,False,False,False,False,False,False,False,False,False,False,False,False,False,False,False,False,140.0
1,4,74.4,306.6,1,True,True,False,True,False,True,True,False,False,False,False,False,False,False,False,False,False,False,False,False,False,False,True,False,False,True,297.6
0,34,105.35,3540.65,0,True,False,False,True,False,True,True,False,False,False,False,True,False,False,False,True,False,True,False,True,False,False,True,False,True,False,3581.8999999999996
0,64,58.35,3756.45,0,False,True,False,True,False,True,False,False,False,False,False,False,False,True,False,True,False,False,False,False,True,False,False,False,False,False,3734.4
0,7,18.95,130.55,0,True,False,False,True,False,False,False,True,True,False,True,False,True,False,True,False,True,False,True,False,False,False,True,False,False,True,132.65
0,51,84.2,4299.75,0,True,True,True,True,False,True,True,False,False,False,False,True,False,False,False,True,False,False,False,False,True,False,False,False,False,False,4294.2
0,21,20.35,422.7,0,True,False,False,True,False,False,False,True,True,False,True,False,True,False,True,False,True,False,True,False,True,False,True,False,False,True,427.35
0,21,71.05,1524.85,0,False,False,False,True,False,False,False,False,False,True,False,True,False,False,False,True,False,True,False,False,False,True,False,True,False,False,1492.05
1,57,90.65,5199.8,0,True,True,False,True,False,False,True,False,False,False,False,True,False,True,False,False,False,True,False,False,True,False,True,False,True,False,5167.05
0,6,75.5,438.0,1,True,True,False,True,False,True,True,False,False,False,False,False,False,False,False,False,False,False,False,False,False,False,True,False,True,False,453.0
0,8,49.4,408.25,0,False,False,False,True,False,False,False,False,False,False,False,False,False,False,False,True,False,False,False,False,False,False,False,False,True,False,395.2
0,18,25.55,467.85,0,True,True,True,False,True,False,False,False,False,False,False,False,False,False,False,False,False,False,False,False,False,False,False,True,False,False,459.90000000000003
1,7,70.1,467.55,1,True,True,False,True,False,False,True,False,False,False,False,False,False,False,False,False,False,False,False,False,False,False,True,False,False,True,490.69999999999993
0,35,59.6,2094.9,0,True,False,False,True,False,True,False,False,False,True,False,False,False,True,False,False,False,False,False,False,False,False,True,False,True,False,2086.0
0,32,74.75,2282.95,0,False,False,False,True,False,True,False,False,False,True,False,False,False,False,False,False,False,True,False,True,True,False,False,False,False,True,2392.0
0,30,100.45,3096.9,0,False,False,False,True,False,True,True,False,False,False,False,False,False,True,False,False,False,True,False,True,False,False,False,False,True,False,3013.5
0,26,50.35,1285.8,0,True,True,True,True,False,False,False,False,False,False,False,False,False,True,False,False,False,False,False,False,True,False,False,False,False,True,1309.1000000000001
0,38,95.1,3691.2,0,True,False,False,True,False,True,True,False,False,False,False,True,False,True,False,False,False,False,False,True,False,False,True,True,False,False,3613.7999999999997
1,41,113.2,4689.5,1,False,False,False,True,False,True,True,False,False,True,False,True,False,True,False,False,False,True,False,True,False,False,True,False,True,False,4641.2
0,34,44.85,1442.6,0,True,True,True,False,True,False,False,False,False,False,False,False,False,True,False,True,False,True,False,False,False,False,True,False,True,False,1524.9
1,55,60.0,3316.1,0,True,True,False,True,False,True,False,False,False,True,False,True,False,False,False,False,False,False,False,False,True,False,False,True,False,False,3300.0
1,57,94.0,5438.95,0,False,True,False,True,False,True,True,False,False,False,False,True,False,True,False,False,False,False,False,True,False,False,False,True,False,False,5358.0
1,66,104.6,6819.45,0,False,True,False,True,False,True,True,False,False,False,False,True,False,True,False,False,False,True,False,True,True,False,False,True,False,False,6903.599999999999
0,43,86.1,3551.65,0,True,True,False,True,False,False,True,False,False,True,False,True,False,True,False,False,False,False,False,False,False,False,True,True,False,False,3702.2999999999997
0,32,76.3,2404.15,0,False,True,True,True,False,False,False,False,False,True,False,True,False,True,False,True,False,False,False,True,False,False,False,False,False,False,2441.6
0,1,20.25,20.25,0,True,False,False,True,False,False,False,True,True,False,True,False,True,False,True,False,True,False,True,False,False,False,False,False,False,True,20.25
0,40,80.75,3208.65,0,False,False,False,True,False,True,False,False,False,False,False,False,False,True,False,True,False,True,False,True,True,False,True,False,False,True,3230.0
0,41,98.05,3990.6,0,False,False,False,True,False,True,True,False,False,False,False,False,False,True,False,False,False,True,False,True,False,False,False,False,False,False,4020.0499999999997
1,30,90.5,2595.85,0,True,False,False,True,False,True,True,False,False,True,False,False,False,False,False,False,False,False,False,True,False,False,True,True,False,False,2715.0
0,3,80.1,217.55,1,False,False,False,True,False,False,True,False,False,False,False,False,False,True,False,True,False,False,False,False,False,False,False,True,False,False,240.29999999999998
0,54,104.1,5645.8,0,False,True,True,True,False,True,True,False,False,True,False,True,False,False,False,False,False,True,False,True,False,False,True,False,False,False,5621.4
0,9,94.85,890.6,1,True,True,False,True,False,False,True,False,False,False,False,True,False,True,False,True,False,True,False,False,False,False,True,False,False,True,853.65
1,7,75.4,533.05,0,True,True,False,True,False,True,True,False,False,False,False,False,False,False,False,False,False,False,False,False,False,False,True,False,True,False,527.8000000000001
0,58,100.35,5681.1,0,True,True,False,True,False,True,True,False,False,False,False,False,False,True,False,False,False,True,False,True,True,False,False,True,False,False,5820.299999999999
0,52,89.45,4577.75,0,True,False,False,True,False,True,True,False,False,False,False,False,False,True,False,False,False,False,False,True,False,True,True,True,False,False,4651.400000000001
0,26,39.95,1023.75,0,True,False,True,False,True,False,False,False,False,False,False,True,False,False,False,False,False,True,False,False,True,False,True,False,False,False,1038.7
0,34,20.35,673.2,0,False,False,False,True,False,False,False,True,True,False,True,False,True,False,True,False,True,False,True,False,False,False,False,False,False,True,691.9000000000001
0,53,80.6,4348.1,0,True,False,False,True,False,False,True,False,False,False,False,True,False,False,False,True,False,False,False,False,False,False,True,False,False,True,4271.799999999999
0,15,87.75,1242.2,0,True,False,False,True,False,True,True,False,False,True,False,False,False,False,False,False,False,True,False,False,False,False,True,False,False,False,1316.25
0,1,19.45,19.45,1,True,False,True,True,False,False,False,True,True,False,True,False,True,False,True,False,True,False,True,False,False,False,True,False,False,True,19.45
0,5,55.8,300.4,0,False,False,False,True,False,False,False,False,False,True,False,False,False,True,False,False,False,False,False,False,False,False,False,True,False,False,279.0
0,34,105.35,3688.6,0,False,False,True,True,False,False,True,False,False,True,False,True,False,True,False,False,False,True,False,True,False,False,True,False,False,False,3581.8999999999996
0,32,101.35,3334.9,0,False,False,False,True,False,True,True,False,False,False,False,False,False,True,False,False,False,True,False,True,False,False,True,False,True,False,3243.2
0,41,35.4,1412.4,0,False,True,True,False,True,False,False,False,False,True,False,False,False,True,False,False,False,False,False,False,True,False,False,True,False,False,1451.3999999999999
0,25,54.2,1423.15,0,False,False,False,False,True,False,False,False,False,False,False,False,False,True,False,True,False,True,False,True,True,False,False,False,True,False,1355.0
0,17,62.1,1096.65,0,True,True,True,True,False,True,False,False,False,True,False,False,False,False,False,True,False,False,False,False,True,False,True,False,False,True,1055.7
0,17,24.8,475.25,0,False,False,False,True,False,True,False,True,True,False,True,False,True,False,True,False,True,False,True,False,False,False,False,False,False,True,421.6
0,70,84.7,5991.05,0,False,False,False,True,False,True,False,False,False,True,False,True,False,True,False,False,False,True,False,True,False,True,False,False,False,True,5929.0
0,43,19.2,776.25,0,True,True,True,True,False,False,False,True,True,False,True,False,True,False,True,False,True,False,True,False,True,False,True,False,False,True,825.6
0,71,24.35,1654.6,0,True,False,True,True,False,True,False,True,True,False,True,False,True,False,True,False,True,False,True,False,False,True,False,False,False,True,1728.8500000000001
1,2,24.45,47.5,1,True,False,False,False,True,False,False,False,False,False,False,False,False,False,False,False,False,False,False,False,False,False,True,False,False,True,48.9
0,49,74.6,3720.35,0,True,False,False,True,False,True,True,False,False,False,False,False,False,False,False,False,False,False,False,False,False,False,True,False,False,False,3655.3999999999996
1,72,105.0,7578.05,0,False,True,False,True,False,True,True,False,False,False,False,True,False,True,False,False,False,True,False,True,True,False,False,True,False,False,7560.0
0,26,84.3,2281.6,0,True,False,False,True,False,True,True,False,False,False,False,False,False,True,False,True,False,False,False,False,False,False,True,False,False,True,2191.7999999999997
0,18,20.1,407.05,0,False,False,False,True,False,False,False,True,True,False,True,False,True,False,True,False,True,False,True,False,True,False,False,False,False,True,361.8
0,1,93.3,93.3,1,True,False,True,True,False,True,True,False,False,False,False,False,False,False,False,False,False,True,False,True,False,False,True,False,True,False,93.3
0,9,24.1,259.8,1,True,True,False,False,True,False,False,False,False,False,False,False,False,False,False,False,False,False,False,False,True,False,False,False,False,False,216.9
0,28,76.55,2065.4,0,True,True,False,True,False,False,True,False,False,False,False,False,False,False,False,True,False,False,False,False,False,False,False,False,False,False,2143.4
0,60,19.25,1103.25,0,False,True,True,True,False,False,False,True,True,False,True,False,True,False,True,False,True,False,True,False,False,True,True,True,False,False,1155.0
0,23,20.85,473.9,0,True,False,False,True,False,False,False,True,True,False,True,False,True,False,True,False,True,False,True,False,False,False,False,False,True,False,479.55
0,15,79.75,1111.85,1,False,False,False,True,False,True,True,False,False,False,False,True,False,False,False,False,False,False,False,False,False,False,True,False,True,False,1196.25
0,29,67.45,1801.1,0,False,False,False,True,False,True,False,False,False,True,False,True,False,False,False,True,False,False,False,False,False,False,False,False,False,True,1956.0500000000002
0,56,19.8,1119.9,0,False,True,True,True,False,False,False,True,True,False,True,False,True,False,True,False,True,False,True,False,False,True,True,True,False,False,1108.8
0,11,54.6,617.85,0,False,False,False,True,False,False,False,False,False,True,False,False,False,False,False,True,False,False,False,False,True,False,True,False,False,True,600.6
0,27,69.35,1927.3,0,True,False,False,True,False,False,False,False,False,True,False,False,False,True,False,True,False,True,False,False,True,False,False,True,False,False,1872.4499999999998
0,1,70.0,70.0,1,True,True,False,True,False,False,True,False,False,False,False,False,False,False,False,False,False,False,False,False,False,False,False,False,True,False,70.0
0,66,90.55,6130.95,0,False,True,False,True,False,True,True,False,False,False,False,True,False,True,False,True,False,False,False,False,True,False,True,False,False,False,5976.3
1,2,56.55,118.25,0,False,False,False,True,False,True,False,False,False,False,False,True,False,False,False,False,False,False,False,False,False,False,True,True,False,False,113.1
0,19,20.15,387.7,0,False,True,True,True,False,False,False,True,True,False,True,False,True,False,True,False,True,False,True,False,False,True,False,False,False,True,382.84999999999997
0,62,94.95,5791.85,0,True,True,True,True,False,True,True,False,False,True,False,True,False,False,False,False,False,True,False,False,True,False,True,True,False,False,5886.900000000001
0,51,78.65,3950.85,0,False,True,False,True,False,True,False,False,False,False,False,True,False,False,False,True,False,True,False,True,True,False,True,True,False,False,4011.15
0,72,94.25,6849.75,0,False,True,False,True,False,True,True,False,False,True,False,True,False,True,False,True,False,False,False,False,False,True,True,False,False,False,6786.0
0,10,89.5,863.1,1,True,False,False,True,False,False,True,False,False,False,False,False,False,False,False,False,False,True,False,True,False,False,True,False,True,False,895.0
0,37,68.1,2479.25,0,False,True,False,True,False,True,False,False,False,True,False,False,False,True,False,True,False,False,False,False,True,False,False,True,False,False,2519.7
0,35,50.15,1655.35,0,False,False,True,True,False,True,False,False,False,False,False,False,False,False,False,False,False,False,False,False,False,False,False,False,False,True,1755.25
0,10,60.95,629.55,0,False,False,False,True,False,False,False,False,False,False,False,False,False,False,False,True,False,False,False,True,False,False,True,False,False,True,609.5
0,1,20.15,20.15,1,True,False,False,True,False,False,False,True,True,False,True,False,True,False,True,False,True,False,True,False,False,False,False,False,False,True,20.15
0,26,20.25,493.95,0,False,True,True,True,False,False,False,True,True,False,True,False,True,False,True,False,True,False,True,False,False,False,True,True,False,False,526.5
0,72,82.3,5980.55,0,True,True,False,True,False,True,False,False,False,True,False,True,False,True,False,True,False,False,False,True,False,True,True,False,False,False,5925.599999999999
1,38,99.55,3734.25,1,False,False,False,True,False,True,True,False,False,False,False,False,False,False,False,True,False,True,False,True,False,False,True,False,True,False,3782.9
0,18,99.85,1776.95,1,False,False,False,True,False,True,True,False,False,False,False,False,False,False,False,True,False,True,False,True,False,False,True,False,False,False,1797.3
0,56,52.7,3019.7,0,True,False,False,True,False,False,False,False,False,True,False,False,False,True,False,False,False,False,False,False,True,False,False,False,False,True,2951.2000000000003
0,36,54.45,1893.5,0,False,False,False,True,False,True,False,False,False,True,False,False,False,False,False,False,False,False,False,False,True,False,False,False,False,True,1960.2
0,22,88.75,1885.15,0,True,True,True,True,False,True,True,False,False,False,False,False,False,True,False,False,False,True,False,False,False,False,True,False,True,False,1952.5
0,65,104.1,6700.05,0,True,True,True,True,False,True,True,False,False,False,False,False,False,True,False,True,False,True,False,True,False,True,True,False,False,False,6766.5
0,27,53.8,1389.85,0,True,True,False,True,False,False,False,False,False,False,False,True,False,False,False,True,False,False,False,False,False,False,True,False,True,False,1452.6
0,29,74.2,1993.25,0,False,False,False,True,False,True,True,False,False,False,False,False,False,False,False,False,False,False,False,False,False,False,True,False,True,False,2151.8
1,10,95.35,898.35,1,True,False,False,True,False,True,True,False,False,False,False,False,False,False,False,False,False,True,False,True,False,False,True,False,True,False,953.5
1,50,104.95,5222.35,0,False,False,False,True,False,True,True,False,False,False,False,False,False,True,False,True,False,True,False,True,False,False,True,False,True,False,5247.5
0,9,86.25,770.5,0,True,False,False,True,False,False,True,False,False,False,False,False,False,False,False,True,False,True,False,False,False,False,False,False,True,False,776.25
0,23,24.35,538.5,0,True,True,True,True,False,True,False,True,True,False,True,False,True,False,True,False,True,False,True,False,True,False,False,False,False,True,560.0500000000001
0,24,54.75,1338.15,1,True,True,True,True,False,True,False,False,False,True,False,False,False,False,False,False,False,False,False,False,False,False,False,False,True,False,1314.0
0,1,55.7,55.7,0,True,True,False,True,False,False,False,False,False,True,False,False,False,True,False,False,False,False,False,False,False,False,False,False,False,True,55.7
0,20,64.4,1398.6,0,True,False,False,True,False,False,False,False,False,True,False,False,False,True,False,False,False,False,False,True,False,False,False,True,False,False,1288.0
0,58,60.3,3563.8,1,True,True,False,True,False,False,False,False,False,True,False,True,False,True,False,False,False,False,False,False,True,False,False,True,False,False,3497.3999999999996
0,47,20.15,1046.2,0,False,False,False,True,False,False,False,True,True,False,True,False,True,False,True,False,True,False,True,False,False,True,False,False,False,True,947.05
1,72,93.05,6735.05,0,True,True,False,True,False,True,True,False,False,True,False,True,False,True,False,True,False,False,False,False,False,True,True,False,False,False,6699.599999999999
0,14,50.2,668.85,0,True,True,False,True,False,False,False,False,False,False,False,False,False,True,False,False,False,False,False,False,False,False,False,True,False,False,702.8000000000001
0,62,54.75,3425.35,0,False,True,True,True,False,False,False,False,False,True,False,False,False,True,False,False,False,False,False,False,True,False,False,True,False,False,3394.5
1,37,76.5,2868.15,1,False,True,False,True,False,True,True,False,False,False,False,False,False,False,False,False,False,False,False,False,False,False,True,False,True,False,2830.5
0,29,34.3,1004.75,0,True,False,False,False,True,False,False,False,False,False,False,True,False,False,False,True,False,False,False,False,False,False,False,False,True,False,994.6999999999999
0,62,19.2,1123.65,0,False,False,False,True,False,False,False,True,True,False,True,False,True,False,True,False,True,False,True,False,False,True,True,True,False,False,1190.3999999999999
0,46,99.8,4391.25,0,False,False,True,True,False,False,True,False,False,False,False,True,False,True,False,False,False,True,False,True,False,False,True,False,True,False,4590.8
0,2,94.2,167.5,1,True,True,False,True,False,False,True,False,False,False,False,False,False,False,False,True,False,True,False,True,False,False,True,False,True,False,188.4
0,50,95.7,4729.75,0,False,False,False,True,False,True,True,False,False,False,False,False,False,False,False,False,False,True,False,True,False,False,True,False,True,False,4785.0
0,24,104.65,2542.45,1,True,True,False,True,False,True,True,False,False,False,False,True,False,True,False,False,False,True,False,True,False,False,True,False,True,False,2511.6000000000004
1,55,113.6,6292.7,0,True,True,False,True,False,True,True,False,False,False,False,True,False,True,False,True,False,True,False,True,False,True,True,False,True,False,6248.0
0,64,115.1,7334.05,0,False,False,False,True,False,True,True,False,False,True,False,True,False,True,False,True,False,True,False,True,False,True,True,False,False,False,7366.4
0,4,88.95,355.2,1,False,False,False,True,False,True,True,False,False,False,False,True,False,False,False,False,False,False,False,True,False,False,True,False,True,False,355.8
0,6,29.45,161.45,0,False,False,False,False,True,False,False,False,False,True,False,False,False,False,False,False,False,False,False,False,False,False,False,False,False,False,176.7
1,1,76.45,76.45,1,True,False,False,True,False,True,True,False,False,False,False,False,False,False,False,False,False,False,False,False,False,False,True,False,True,False,76.45
0,37,62.8,2278.75,0,True,True,True,True,False,True,False,False,False,True,False,False,False,True,False,True,False,False,False,False,False,True,True,True,False,False,2323.6
1,71,24.85,1901.0,0,True,True,False,True,False,True,False,True,True,False,True,False,True,False,True,False,True,False,True,False,False,True,False,False,False,False,1764.3500000000001
0,29,55.35,1636.95,0,True,True,True,False,True,False,False,False,False,True,False,True,False,True,False,True,False,False,False,True,True,False,True,True,False,False,1605.15
0,7,89.35,631.85,1,True,False,False,True,False,True,True,False,False,False,False,False,False,True,False,False,False,True,False,False,False,False,True,True,False,False,625.4499999999999
0,32,98.85,3145.9,0,True,True,False,True,False,True,True,False,False,False,False,True,False,False,False,False,False,True,False,True,False,False,True,True,False,False,3163.2
0,59,94.75,5597.65,0,False,True,False,True,False,True,True,False,False,True,False,True,False,False,False,False,False,True,False,False,False,False,True,False,True,False,5590.25
0,40,74.55,3015.75,0,True,True,True,True,False,True,False,False,False,False,False,False,False,True,False,False,False,True,False,True,False,False,True,False,True,False,2982.0
0,10,29.5,255.25,1,True,False,False,False,True,False,False,False,False,False,False,False,False,True,False,False,False,False,False,False,False,False,False,False,False,True,295.0
0,27,19.15,501.35,0,False,False,False,True,False,False,False,True,True,False,True,False,True,False,True,False,True,False,True,False,True,False,False,False,False,True,517.05
0,7,86.5,582.5,1,False,True,False,True,False,True,True,False,False,False,False,False,False,False,False,False,False,True,False,False,False,False,True,False,True,False,605.5
0,65,24.75,1715.1,0,True,True,True,True,False,True,False,True,True,False,True,False,True,False,True,False,True,False,True,False,False,True,False,True,False,False,1608.75
0,10,81.0,818.05,1,False,False,False,True,False,True,True,False,False,False,False,True,False,False,False,False,False,False,False,False,False,False,True,True,False,False,810.0
0,23,84.4,1936.85,0,False,True,True,True,False,False,True,False,False,True,False,True,False,False,False,True,False,False,False,False,False,False,False,False,False,True,1941.2
0,47,85.3,4107.25,0,False,True,True,True,False,True,False,False,False,True,False,True,False,False,False,True,False,True,False,True,False,True,True,True,False,False,4009.1
0,11,55.05,608.15,0,True,True,False,True,False,False,False,False,False,False,False,False,False,False,False,False,False,True,False,False,False,False,True,False,False,False,605.55
0,12,34.0,442.45,0,True,False,False,False,True,False,False,False,False,False,False,True,False,False,False,True,False,False,False,False,False,False,False,False,False,True,408.0
0,30,44.5,1307.8,0,True,False,True,False,True,False,False,False,False,False,False,False,False,False,False,False,False,True,False,True,False,False,True,False,True,False,1335.0
0,1,75.7,75.7,1,False,False,False,True,False,False,True,False,False,False,False,True,False,False,False,False,False,False,False,False,False,False,True,False,True,False,75.7
0,57,109.4,6252.7,0,False,True,False,True,False,True,True,False,False,False,False,True,False,True,False,True,False,True,False,True,True,False,True,False,False,False,6235.8
1,11,70.2,834.7,0,True,True,False,True,False,False,True,False,False,False,False,False,False,False,False,False,False,False,False,False,False,False,True,False,True,False,772.2
0,9,19.5,150.35,0,False,False,False,True,False,False,False,True,True,False,True,False,True,False,True,False,True,False,True,False,False,False,False,False,False,False,175.5
0,4,70.05,266.9,1,False,False,False,True,False,False,True,False,False,False,False,False,False,False,False,False,False,False,False,False,False,False,True,True,False,False,280.2
0,13,73.75,956.65,0,True,False,False,True,False,False,True,False,False,True,False,False,False,False,False,False,False,False,False,False,False,False,True,True,False,False,958.75
0,35,20.75,700.45,0,False,False,False,True,False,False,False,True,True,False,True,False,True,False,True,False,True,False,True,False,True,False,False,False,False,True,726.25
0,67,50.95,3521.7,0,True,True,False,False,True,False,False,False,False,True,False,True,False,False,False,True,False,False,False,True,False,True,True,False,False,False,3413.65
0,51,47.85,2356.75,0,True,False,True,True,False,False,False,False,False,False,False,False,False,False,False,True,False,False,False,False,True,False,False,True,False,False,2440.35
0,1,51.25,51.25,1,True,False,False,True,False,False,False,False,False,False,False,False,False,False,False,True,False,False,False,False,False,False,False,False,False,True,51.25
0,71,100.45,7159.7,0,False,True,True,True,False,True,True,False,False,True,False,False,False,True,False,True,False,False,False,True,False,True,False,False,True,False,7131.95
1,29,79.3,2414.55,0,True,True,False,True,False,True,True,False,False,False,False,False,False,False,False,True,False,False,False,False,False,False,True,False,True,False,2299.7
0,33,103.75,3361.05,1,False,True,False,True,False,False,True,False,False,True,False,False,False,True,False,True,False,True,False,True,True,False,True,False,True,False,3423.75
0,11,36.05,402.6,0,False,False,True,False,True,False,False,False,False,True,False,False,False,False,False,True,False,False,False,False,True,False,True,False,False,True,396.54999999999995
0,13,78.3,1033.95,0,True,False,True,True,False,False,True,False,False,False,False,False,False,False,False,False,False,True,False,False,False,False,True,True,False,False,1017.9
0,42,19.35,867.3,0,True,True,True,True,False,False,False,True,True,False,True,False,True,False,True,False,True,False,True,False,False,True,False,False,False,True,812.7
0,8,29.25,226.95,0,False,False,False,False,True,False,False,False,False,False,False,True,False,False,False,False,False,False,False,False,False,False,True,False,False,True,234.0
0,1,44.4,44.4,1,True,False,False,True,False,False,False,False,False,False,False,False,False,False,False,False,False,False,False,False,False,False,False,False,False,True,44.4
0,72,108.2,7840.6,0,True,True,False,True,False,True,True,False,False,False,False,True,False,True,False,True,False,True,False,True,False,True,True,False,True,False,7790.400000000001
0,47,87.2,4017.45,0,True,True,True,True,False,True,True,False,False,False,False,True,False,False,False,False,False,True,False,False,False,False,False,False,True,False,4098.400000000001
0,30,85.45,2509.95,0,True,True,True,True,False,True,True,False,False,False,False,False,False,False,False,False,False,True,False,False,False,False,False,False,True,False,2563.5
0,51,111.55,5720.35,0,True,True,False,True,False,True,True,False,False,True,False,False,False,True,False,True,False,True,False,True,True,False,True,False,True,False,5689.05
0,16,94.65,1461.15,0,False,True,False,True,False,False,True,False,False,False,False,True,False,False,False,False,False,True,False,True,False,False,True,False,False,False,1514.4
0,34,100.45,3414.65,0,False,True,False,True,False,True,True,False,False,False,False,False,False,True,False,False,False,True,False,True,False,False,True,False,True,False,3415.3
0,8,86.55,649.65,1,True,False,False,True,False,True,True,False,False,False,False,False,False,False,False,False,False,False,False,True,False,False,True,False,True,False,692.4
0,72,24.85,1871.85,0,False,True,False,True,False,True,False,True,True,False,True,False,True,False,True,False,True,False,True,False,False,True,False,True,False,False,1789.2
1,60,71.75,4374.55,0,True,False,False,True,False,True,False,False,False,True,False,True,False,False,False,False,False,False,False,True,True,False,True,False,True,False,4305.0
0,72,115.8,8424.9,0,True,True,False,True,False,True,True,False,False,True,False,True,False,True,False,True,False,True,False,True,False,True,True,False,False,False,8337.6
0,12,20.5,255.5,0,True,True,True,True,False,False,False,True,True,False,True,False,True,False,True,False,True,False,True,False,False,False,False,False,False,True,246.0
0,65,82.5,5215.1,0,False,True,True,True,False,True,False,False,False,True,False,True,False,False,False,True,False,True,False,True,False,True,True,False,False,False,5362.5
0,32,19.45,674.55,0,True,True,True,True,False,False,False,True,True,False,True,False,True,False,True,False,True,False,True,False,False,False,True,True,False,False,622.4
0,67,94.35,6341.45,1,False,True,True,True,False,True,True,False,False,True,False,False,False,False,False,True,False,False,False,True,True,False,True,True,False,False,6321.45
0,45,78.8,3597.5,0,True,True,False,True,False,False,False,False,False,True,False,True,False,True,False,False,False,True,False,True,True,False,False,False,False,False,3546.0
0,60,59.85,3590.2,0,False,True,True,False,True,False,False,False,False,True,False,False,False,True,False,True,False,True,False,True,False,True,False,True,False,False,3591.0
0,1,55.45,55.45,0,False,False,False,True,False,False,False,False,False,False,False,False,False,False,False,False,False,False,False,True,False,False,True,False,True,False,55.45
0,58,64.9,3795.45,0,False,False,False,True,False,False,False,False,False,True,False,True,False,True,False,True,False,False,False,False,False,True,True,True,False,False,3764.2000000000003
0,9,94.75,889.9,1,False,False,False,True,False,True,True,False,False,False,False,False,False,False,False,False,False,True,False,True,False,False,True,False,True,False,852.75
0,1,74.35,74.35,0,False,False,False,True,False,False,True,False,False,False,False,True,False,False,False,False,False,False,False,False,False,False,False,False,True,False,74.35
0,8,24.4,203.95,0,True,True,True,True,False,True,False,True,True,False,True,False,True,False,True,False,True,False,True,False,True,False,False,False,False,True,195.2
0,2,45.15,98.5,1,True,False,False,True,False,False,False,False,False,False,False,False,False,False,False,False,False,False,False,False,False,False,True,False,True,False,90.3
0,47,20.25,873.4,0,False,True,True,True,False,False,False,True,True,False,True,False,True,False,True,False,True,False,True,False,False,True,False,True,False,False,951.75
1,1,74.45,74.45,1,False,False,False,True,False,True,True,False,False,False,False,False,False,False,False,False,False,False,False,False,False,False,True,False,False,True,74.45
0,1,25.85,25.85,0,False,False,False,False,True,False,False,False,False,False,False,False,False,False,False,False,False,False,False,False,True,False,False,False,False,True,25.85
0,10,100.6,1060.2,1,False,False,False,True,False,True,True,False,False,False,False,False,False,True,False,False,False,True,False,True,False,False,True,False,True,False,1006.0
0,29,24.85,788.05,0,True,False,False,False,True,False,False,False,False,False,False,False,False,False,False,False,False,False,False,False,True,False,True,False,False,True,720.6500000000001
0,58,75.8,4415.75,0,False,True,True,True,False,True,False,False,False,True,False,False,False,True,False,True,False,True,False,False,False,True,False,False,False,True,4396.4
0,14,19.35,324.8,0,True,False,False,True,False,False,False,True,True,False,True,False,True,False,True,False,True,False,True,False,True,False,False,False,False,True,270.90000000000003
0,7,20.75,141.1,0,True,False,False,True,False,False,False,True,True,False,True,False,True,False,True,False,True,False,True,False,False,False,False,False,False,True,145.25
0,5,83.6,404.2,1,False,True,True,True,False,False,True,False,False,False,False,True,False,False,False,False,False,False,False,True,False,False,True,False,True,False,418.0
0,18,20.15,390.85,1,False,False,True,True,False,False,False,True,True,False,True,False,True,False,True,False,True,False,True,False,True,False,False,False,False,False,362.7
0,25,19.9,505.45,0,True,True,True,True,False,False,False,True,True,False,True,False,True,False,True,False,True,False,True,False,True,False,False,False,True,False,497.49999999999994
0,46,64.2,3009.5,0,False,True,False,True,False,False,False,False,False,False,False,True,False,False,False,True,False,True,False,False,False,True,True,True,False,False,2953.2000000000003
0,1,50.8,50.8,1,True,False,False,True,False,False,False,False,False,False,False,True,False,False,False,False,False,False,False,False,False,False,False,False,True,False,50.8
0,1,48.45,48.45,0,False,False,False,True,False,False,False,False,False,True,False,False,False,False,False,False,False,False,False,False,False,False,True,False,False,False,48.45
0,68,84.7,5711.05,0,False,True,False,True,False,True,True,False,False,True,False,True,False,False,False,False,False,False,False,False,False,True,True,False,False,False,5759.6
0,18,44.35,768.05,0,True,True,False,True,False,False,False,False,False,False,False,False,False,False,False,False,False,False,False,False,False,False,True,False,False,False,798.3000000000001
0,8,80.0,624.6,0,False,False,False,True,False,False,True,False,False,False,False,False,False,False,False,False,False,True,False,False,False,False,True,False,False,False,640.0
0,64,19.55,1240.15,0,True,False,False,True,False,False,False,True,True,False,True,False,True,False,True,False,True,False,True,False,False,True,False,False,False,True,1251.2
1,4,89.2,346.2,1,False,False,False,True,False,True,True,False,False,False,False,False,False,True,False,False,False,True,False,False,False,False,True,False,True,False,356.8
0,63,79.85,4861.45,0,False,False,False,True,False,True,False,False,False,True,False,True,False,True,False,True,False,True,False,False,False,True,True,True,False,False,5030.549999999999
0,54,105.85,5826.65,0,True,False,True,True,False,False,True,False,False,True,False,True,False,False,False,True,False,True,False,True,True,False,True,False,True,False,5715.9
0,54,74.55,4191.45,0,True,True,False,True,False,False,False,False,False,True,False,True,False,False,False,False,False,True,False,True,False,True,True,False,False,False,4025.7
0,72,69.85,5102.35,0,True,True,True,True,False,True,False,False,False,True,False,True,False,True,False,True,False,False,False,False,False,True,False,False,False,False,5029.2
1,4,50.95,207.35,0,True,False,False,False,True,False,False,False,False,False,False,True,False,False,False,False,False,True,False,True,False,False,True,True,False,False,203.8
0,72,91.15,6637.9,0,False,True,False,True,False,True,False,False,False,True,False,True,False,True,False,True,False,True,False,True,False,True,True,False,False,False,6562.8
1,60,49.45,2907.55,0,False,True,False,False,True,False,False,False,False,False,False,True,False,False,False,False,False,True,False,True,False,True,True,True,False,False,2967.0
0,20,90.2,1776.55,1,True,True,True,True,False,False,True,False,False,False,False,False,False,False,False,False,False,True,False,True,False,False,True,False,True,False,1804.0
1,35,70.55,2419.0,0,False,False,False,True,False,False,True,False,False,False,False,False,False,False,False,False,False,False,False,False,False,False,False,False,True,False,2469.25
0,2,49.05,91.1,1,False,False,False,True,False,False,False,False,False,False,False,True,False,False,False,False,False,False,False,False,False,False,True,True,False,False,98.1
0,26,50.35,1277.5,0,False,False,False,False,True,False,False,False,False,False,False,False,False,True,False,False,False,True,False,True,False,False,True,True,False,False,1309.1000000000001
0,14,82.65,1185.0,0,True,True,False,True,False,True,True,False,False,False,False,True,False,True,False,False,False,False,False,False,False,False,True,False,True,False,1157.1000000000001
1,1,74.7,74.7,1,True,False,False,True,False,True,True,False,False,False,False,False,False,False,False,False,False,False,False,False,False,False,True,False,True,False,74.7
0,53,19.85,1039.45,0,False,True,True,True,False,False,False,True,True,False,True,False,True,False,True,False,True,False,True,False,True,False,True,False,False,False,1052.0500000000002
0,1,19.3,19.3,0,True,False,False,True,False,False,False,True,True,False,True,False,True,False,True,False,True,False,True,False,False,False,False,True,False,False,19.3
0,58,20.3,1131.5,0,True,False,False,True,False,False,False,True,True,False,True,False,True,False,True,False,True,False,True,False,False,True,False,True,False,False,1177.4
0,5,51.0,286.8,0,False,False,True,True,False,False,False,False,False,False,False,False,False,False,False,True,False,False,False,False,False,False,True,False,False,True,255.0
0,53,105.55,5682.25,0,False,False,False,True,False,True,True,False,False,False,False,True,False,True,False,False,False,True,False,True,False,True,False,False,True,False,5594.15
0,4,20.15,91.4,0,False,True,False,True,False,False,False,True,True,False,True,False,True,False,True,False,True,False,True,False,False,False,False,False,True,False,80.6
0,49,98.7,4920.55,0,True,False,False,True,False,True,True,False,False,False,False,True,False,False,False,False,False,True,False,True,False,False,False,False,True,False,4836.3
0,2,90.0,190.05,1,True,True,True,True,False,False,True,False,False,False,False,False,False,True,False,True,False,False,False,True,False,False,False,True,False,False,180.0
0,2,67.75,116.65,1,True,False,False,True,False,False,True,False,False,False,False,False,False,False,False,False,False,False,False,False,False,False,True,False,True,False,135.5
0,3,74.75,229.5,1,False,True,False,True,False,True,True,False,False,False,False,False,False,False,False,False,False,False,False,False,False,False,True,True,False,False,224.25
0,7,93.85,635.6,1,True,False,False,True,False,True,True,False,False,False,False,False,False,False,False,False,False,True,False,True,False,False,True,False,True,False,656.9499999999999
0,14,44.6,641.25,0,True,True,False,True,False,False,False,False,False,False,False,False,False,False,False,False,False,False,False,False,True,False,False,False,True,False,624.4
0,18,99.4,1742.95,1,True,True,False,True,False,True,True,False,False,True,False,False,False,False,False,False,False,True,False,True,False,False,True,False,True,False,1789.2
0,27,81.3,2272.8,0,True,False,False,True,False,True,True,False,False,False,False,False,False,True,False,False,False,False,False,False,False,False,True,False,True,False,2195.1
0,66,59.75,3996.8,0,False,True,True,True,False,False,False,False,False,True,False,False,False,False,False,False,False,True,False,False,False,True,True,False,True,False,3943.5
0,43,86.45,3574.5,0,False,True,False,True,False,True,False,False,False,True,False,True,False,False,False,True,False,True,False,True,False,True,False,True,False,False,3717.35
0,69,112.55,7806.5,0,True,True,False,True,False,True,True,False,False,True,False,True,False,True,False,True,False,True,False,True,False,True,True,False,False,False,7765.95
0,71,93.25,6669.45,0,True,True,False,True,False,True,True,False,False,False,False,True,False,True,False,False,False,False,False,True,False,False,True,False,False,False,6620.75
1,50,83.4,4113.7,0,False,False,False,True,False,True,True,False,False,True,False,True,False,False,False,False,False,False,False,False,False,False,True,False,True,False,4170.0
0,51,19.1,1007.8,0,True,False,False,True,False,False,False,True,True,False,True,False,True,False,True,False,True,False,True,False,True,False,False,False,True,False,974.1
0,27,80.85,2204.35,0,True,True,False,True,False,True,False,False,False,True,False,False,False,False,False,True,False,True,False,True,True,False,False,False,False,True,2182.95
0,70,20.05,1360.25,0,True,True,True,True,False,False,False,True,True,False,True,False,True,False,True,False,True,False,True,False,False,True,False,True,False,False,1403.5
1,2,79.6,195.05,1,False,False,False,True,False,False,True,False,False,False,False,False,False,False,False,False,False,False,False,True,False,False,True,False,True,False,159.2
0,6,49.65,267.35,1,False,False,False,True,False,False,False,False,False,False,False,False,False,False,False,True,False,False,False,False,False,False,True,False,False,False,297.9
0,59,101.1,6039.9,1,False,True,False,True,False,True,True,False,False,False,False,True,False,False,False,False,False,True,False,True,False,False,False,False,True,False,5964.9
1,10,92.5,934.1,1,True,True,False,True,False,False,True,False,False,False,False,True,False,True,False,True,False,True,False,False,False,False,True,False,False,True,925.0
1,29,98.5,3004.15,1,True,True,False,True,False,True,True,False,False,False,False,False,False,True,False,False,False,True,False,True,False,False,True,False,True,False,2856.5
0,5,20.35,92.75,0,True,False,False,True,False,False,False,True,True,False,True,False,True,False,True,False,True,False,True,False,False,False,False,False,False,True,101.75
1,21,94.25,1973.75,1,False,False,False,True,False,True,True,False,False,False,False,False,False,False,False,False,False,True,False,True,False,False,True,False,True,False,1979.25
0,62,104.3,6613.65,0,False,True,False,True,False,False,True,False,False,True,False,False,False,True,False,True,False,True,False,True,True,False,True,False,True,False,6466.599999999999
0,36,19.45,754.5,0,True,True,True,True,False,False,False,True,True,False,True,False,True,False,True,False,True,False,True,False,False,True,False,True,False,False,700.1999999999999
0,3,19.85,64.55,1,True,False,False,True,False,False,False,True,True,False,True,False,True,False,True,False,True,False,True,False,False,False,False,False,False,True,59.550000000000004
0,69,116.0,8182.85,0,False,True,False,True,False,True,True,False,False,True,False,True,False,True,False,True,False,True,False,True,False,True,True,False,True,False,8004.0
0,2,30.9,59.05,1,False,False,False,False,True,False,False,False,False,False,False,False,False,False,False,True,False,False,False,False,False,False,True,False,True,False,61.8
0,8,85.2,627.4,1,False,True,False,True,False,True,True,False,False,False,False,False,False,False,False,False,False,False,False,True,False,False,True,True,False,False,681.6
1,3,30.75,82.85,0,False,True,False,False,True,False,False,False,False,False,False,True,False,False,False,False,False,False,False,False,False,False,True,False,True,False,92.25
0,1,45.75,45.75,1,True,False,False,True,False,False,False,False,False,False,False,False,False,False,False,False,False,False,False,False,False,False,False,False,True,False,45.75
0,12,98.9,1120.95,1,False,False,False,True,False,False,True,False,False,True,False,False,False,False,False,True,False,True,False,True,False,False,True,False,False,False,1186.8000000000002
0,18,75.6,1395.05,0,True,False,False,True,False,True,True,False,False,False,False,False,False,False,False,False,False,False,False,False,False,False,True,False,False,False,1360.8
0,20,24.9,505.95,0,False,False,False,False,True,False,False,False,False,False,False,False,False,False,False,False,False,False,False,False,False,False,False,True,False,False,498.0
0,22,59.0,1254.7,1,True,False,False,True,False,True,False,False,False,True,False,True,False,False,False,False,False,False,False,False,False,False,False,False,True,False,1298.0
0,5,46.0,221.7,1,False,False,True,True,False,False,False,False,False,False,False,False,False,False,False,False,False,False,False,False,False,False,False,False,False,True,230.0
0,24,25.15,553.0,0,False,False,False,True,False,True,False,True,True,False,True,False,True,False,True,False,True,False,True,False,False,True,False,True,False,False,603.5999999999999
0,64,69.25,4447.75,0,True,True,True,True,False,False,False,False,False,True,False,False,False,True,False,True,False,True,False,False,False,True,False,False,False,True,4432.0
0,26,98.65,2537.0,0,True,False,False,True,False,False,True,False,False,False,False,False,False,True,False,True,False,True,False,True,False,False,True,False,True,False,2564.9
1,68,105.3,7299.65,1,True,True,False,True,False,True,True,False,False,False,False,True,False,True,False,False,False,True,False,True,False,False,True,False,True,False,7160.4
0,60,20.6,1093.0,0,False,False,False,True,False,False,False,True,True,False,True,False,True,False,True,False,True,False,True,False,False,True,False,False,False,True,1236.0
0,25,55.1,1466.1,0,True,True,True,True,False,True,False,False,False,False,False,False,False,False,False,True,False,False,False,False,True,False,True,False,False,True,1377.5
0,51,25.5,1281.25,0,False,True,False,True,False,True,False,True,True,False,True,False,True,False,True,False,True,False,True,False,False,True,False,False,False,True,1300.5
0,7,81.25,580.1,0,False,True,False,True,False,False,False,False,False,True,False,False,False,True,False,True,False,True,False,True,False,False,False,False,False,False,568.75
0,39,19.35,779.2,0,True,False,True,True,False,False,False,True,True,False,True,False,True,False,True,False,True,False,True,False,True,False,False,False,False,False,754.6500000000001
0,72,80.45,5886.85,0,False,True,True,True,False,False,False,False,False,True,False,False,False,True,False,True,False,True,False,True,False,True,True,False,False,False,5792.400000000001
0,27,95.0,2462.55,0,False,True,False,True,False,True,True,False,False,False,False,False,False,False,False,False,False,True,False,True,False,False,False,True,False,False,2565.0
0,56,85.85,4793.8,0,True,True,True,True,False,False,True,False,False,False,False,True,False,True,False,True,False,False,False,False,True,False,True,False,False,True,4807.599999999999
0,57,19.6,1134.25,0,False,True,False,True,False,False,False,True,True,False,True,False,True,False,True,False,True,False,True,False,False,True,True,False,False,False,1117.2
0,17,106.65,1672.1,0,True,False,False,True,False,True,True,False,False,True,False,True,False,True,False,True,False,True,False,False,False,False,True,False,False,False,1813.0500000000002
0,1,56.25,56.25,1,False,False,False,True,False,False,False,False,False,False,False,False,False,False,False,False,False,False,False,True,False,False,True,False,True,False,56.25
0,35,19.6,686.95,0,True,True,True,True,False,False,False,True,True,False,True,False,True,False,True,False,True,False,True,False,False,True,False,False,False,True,686.0
0,13,72.8,930.05,0,True,True,True,True,False,True,False,False,False,False,False,True,False,True,False,True,False,True,False,False,False,False,True,False,True,False,946.4
0,69,19.75,1375.4,0,False,True,True,True,False,False,False,True,True,False,True,False,True,False,True,False,True,False,True,False,False,True,False,False,False,False,1362.75
0,1,19.25,19.25,0,False,True,True,True,False,False,False,True,True,False,True,False,True,False,True,False,True,False,True,False,False,False,False,False,True,False,19.25
0,7,74.65,544.55,1,True,False,False,True,False,False,True,False,False,False,False,False,False,True,False,False,False,False,False,False,False,False,False,False,False,True,522.5500000000001
1,72,116.75,8277.05,0,False,True,False,True,False,True,True,False,False,True,False,True,False,True,False,True,False,True,False,True,False,True,True,True,False,False,8406.0
0,3,98.7,293.65,1,True,False,False,True,False,False,True,False,False,False,False,False,False,True,False,True,False,True,False,True,False,False,True,False,True,False,296.1
0,53,61.1,3357.9,0,True,False,False,True,False,False,False,False,False,False,False,False,False,True,False,False,False,False,False,True,True,False,True,False,True,False,3238.3
0,38,81.85,3141.7,0,True,False,True,True,False,True,True,False,False,False,False,True,False,False,False,False,False,False,False,False,False,False,True,False,False,True,3110.2999999999997
0,4,80.3,324.2,0,False,False,False,True,False,True,True,False,False,False,False,True,False,False,False,False,False,False,False,False,False,False,True,False,False,True,321.2
0,62,84.5,5193.2,0,False,False,False,True,False,True,False,False,False,False,False,True,False,True,False,True,False,True,False,True,False,True,False,False,False,False,5239.0
0,1,49.05,49.05,0,True,False,False,True,False,False,False,False,False,False,False,False,False,False,False,True,False,False,False,False,False,False,False,False,False,True,49.05
0,46,84.25,3847.6,0,False,False,False,True,False,True,True,False,False,True,False,True,False,False,False,False,False,False,False,False,False,False,False,False,False,True,3875.5
0,19,59.55,1144.6,0,True,False,False,True,False,True,False,False,False,False,False,False,False,True,False,True,False,False,False,False,False,False,False,False,True,False,1131.45
0,72,91.35,6697.2,0,False,False,False,True,False,True,False,False,False,True,False,True,False,True,False,True,False,True,False,True,False,True,True,False,False,False,6577.2
0,38,25.05,963.95,0,True,True,True,True,False,True,False,True,True,False,True,False,True,False,True,False,True,False,True,False,False,True,False,True,False,False,951.9
0,71,105.7,7472.15,0,True,True,False,True,False,True,True,False,False,False,False,True,False,True,False,False,False,True,False,True,True,False,True,False,False,False,7504.7
0,16,100.0,1534.75,1,False,True,False,True,False,True,True,False,False,False,False,True,False,False,False,False,False,True,False,True,False,False,True,False,True,False,1600.0
1,66,105.95,6975.25,1,False,True,False,True,False,True,True,False,False,False,False,False,False,True,False,True,False,True,False,True,True,False,True,True,False,False,6992.7
1,11,95.0,1120.3,1,False,False,False,True,False,False,True,False,False,False,False,True,False,False,False,False,False,True,False,True,False,False,True,False,True,False,1045.0
0,66,84.0,5714.25,0,True,True,True,True,False,True,False,False,False,True,False,False,False,True,False,True,False,True,False,True,False,True,True,False,False,True,5544.0
0,28,91.0,2626.15,0,True,False,False,True,False,False,True,False,False,False,False,False,False,True,False,True,False,False,False,True,False,False,False,False,True,False,2548.0
0,1,35.05,35.05,1,False,False,False,False,True,False,False,False,False,False,False,False,False,False,False,False,False,False,False,True,False,False,False,False,False,True,35.05
0,72,109.5,7854.9,0,False,True,True,True,False,False,True,False,False,True,False,True,False,True,False,True,False,True,False,True,False,True,True,True,False,False,7884.0
0,18,19.35,309.25,0,False,True,True,True,False,False,False,True,True,False,True,False,True,False,True,False,True,False,True,False,False,True,False,False,False,True,348.3
0,49,19.0,918.7,0,False,True,False,True,False,False,False,True,True,False,True,False,True,False,True,False,True,False,True,False,True,False,False,True,False,False,931.0
1,41,104.4,4133.95,0,False,False,False,True,False,True,True,False,False,False,False,True,False,True,False,False,False,True,False,True,False,False,True,False,True,False,4280.400000000001
0,1,70.45,70.45,1,True,False,True,True,False,False,True,False,False,False,False,False,False,False,False,False,False,False,False,False,False,False,True,False,False,True,70.45
1,27,75.5,1893.95,1,True,True,False,True,False,True,True,False,False,False,False,False,False,False,False,False,False,False,False,False,False,False,True,False,True,False,2038.5
0,5,20.65,93.55,0,True,False,False,True,False,False,False,True,True,False,True,False,True,False,True,False,True,False,True,False,False,False,False,False,False,False,103.25
0,43,35.2,1463.7,0,True,False,False,False,True,False,False,False,False,True,False,False,False,True,False,False,False,False,False,False,True,False,True,True,False,False,1513.6000000000001
0,47,55.3,2654.05,0,True,False,True,True,False,False,False,False,False,True,False,True,False,False,False,False,False,False,False,False,False,False,True,False,True,False,2599.1
0,1,49.55,49.55,0,False,False,False,True,False,False,False,False,False,True,False,False,False,False,False,False,False,False,False,False,False,False,False,False,False,False,49.55
0,15,59.45,892.65,1,False,False,False,True,False,False,False,False,False,False,False,False,False,True,False,False,False,False,False,True,False,False,True,False,True,False,891.75
0,7,71.05,472.65,0,False,False,True,True,False,False,True,False,False,False,False,False,False,False,False,False,False,False,False,False,False,False,True,False,True,False,497.34999999999997
0,14,19.6,300.4,0,True,False,False,True,False,False,False,True,True,False,True,False,True,False,True,False,True,False,True,False,False,False,False,True,False,False,274.40000000000003
0,43,80.45,3398.9,0,False,True,False,True,False,True,True,False,False,False,False,True,False,False,False,False,False,False,False,False,False,False,False,False,True,False,3459.35
0,29,84.45,2467.1,1,True,True,False,True,False,True,True,False,False,True,False,True,False,False,False,False,False,False,False,False,False,False,True,False,True,False,2449.05
0,46,24.45,1066.15,0,False,True,False,True,False,True,False,True,True,False,True,False,True,False,True,False,True,False,True,False,True,False,True,False,False,False,1124.7
0,24,49.3,1233.25,0,False,False,False,True,False,False,False,False,False,False,False,False,False,True,False,False,False,False,False,False,False,False,True,True,False,False,1183.1999999999998
0,51,59.3,3014.65,1,True,True,True,False,True,False,False,False,False,True,False,True,False,True,False,False,False,True,False,True,True,False,False,False,True,False,3024.2999999999997
0,70,60.35,4138.7,0,True,True,True,False,True,False,False,False,False,False,False,True,False,True,False,True,False,True,False,True,True,False,False,False,True,False,4224.5
0,12,45.9,505.95,0,False,True,False,True,False,False,False,False,False,False,False,False,False,False,False,False,False,False,False,False,False,False,False,False,False,False,550.8
0,3,19.65,68.35,0,True,False,False,True,False,False,False,True,True,False,True,False,True,False,True,False,True,False,True,False,False,False,True,False,False,True,58.949999999999996
1,9,84.45,762.5,1,False,False,False,True,False,True,True,False,False,False,False,False,False,False,False,False,False,False,False,True,False,False,True,False,True,False,760.0500000000001
0,15,84.45,1287.85,0,False,False,False,True,False,False,False,False,False,True,False,True,False,True,False,True,False,True,False,True,False,False,False,False,False,True,1266.75
0,72,24.25,1784.5,0,False,True,True,True,False,True,False,True,True,False,True,False,True,False,True,False,True,False,True,False,False,True,False,True,False,False,1746.0
0,4,20.4,84.75,0,False,False,True,True,False,False,False,True,True,False,True,False,True,False,True,False,True,False,True,False,True,False,True,False,False,True,81.6
0,72,103.95,7556.9,0,False,True,False,True,False,True,True,False,False,True,False,True,False,True,False,True,False,True,False,False,False,True,True,False,False,False,7484.400000000001
0,10,20.35,176.3,0,True,False,False,True,False,False,False,True,True,False,True,False,True,False,True,False,True,False,True,False,True,False,False,False,False,True,203.5
1,5,28.45,131.05,1,False,False,False,False,True,False,False,False,False,False,False,True,False,False,False,False,False,False,False,False,False,False,False,False,True,False,142.25
0,8,85.65,659.45,0,True,True,False,True,False,True,True,False,False,False,False,False,False,False,False,False,False,False,False,True,False,False,True,False,False,False,685.2
1,26,91.25,2351.8,1,False,False,False,True,False,False,True,False,False,False,False,False,False,False,False,False,False,True,False,True,False,False,True,False,True,False,2372.5
0,68,70.9,4911.35,0,False,True,False,True,False,True,False,False,False,True,False,True,False,True,False,True,False,False,False,False,False,True,False,True,False,False,4821.200000000001
0,2,20.2,34.75,0,True,True,True,True,False,False,False,True,True,False,True,False,True,False,True,False,True,False,True,False,True,False,False,False,False,True,40.4
1,8,74.5,606.55,1,True,False,False,True,False,False,True,False,False,False,False,True,False,False,False,False,False,False,False,False,False,False,True,False,True,False,596.0
0,3,19.85,57.2,0,False,False,False,True,False,False,False,True,True,False,True,False,True,False,True,False,True,False,True,False,False,False,False,False,False,True,59.550000000000004
0,13,98.15,1230.25,1,True,False,False,True,False,True,True,False,False,True,False,False,False,False,False,False,False,True,False,True,False,False,False,False,False,True,1275.95
1,34,69.15,2275.1,0,True,False,False,True,False,False,True,False,False,False,False,False,False,False,False,False,False,False,False,False,False,False,False,True,False,False,2351.1000000000004
0,72,65.7,4575.35,0,False,True,True,False,True,False,False,False,False,True,False,True,False,True,False,True,False,True,False,True,False,True,False,False,False,False,4730.400000000001
0,21,43.55,1011.5,0,True,False,False,False,True,False,False,False,False,True,False,False,False,False,False,True,False,True,False,False,False,False,True,False,False,True,914.55
0,40,84.85,3303.05,1,False,True,True,True,False,True,True,False,False,False,False,False,False,True,False,True,False,False,False,False,False,False,True,False,True,False,3394.0
0,16,54.85,916.15,0,True,False,False,False,True,False,False,False,False,True,False,True,False,True,False,True,False,True,False,False,False,True,False,False,False,True,877.6
0,26,56.05,1553.2,0,False,False,False,True,False,False,False,False,False,False,False,True,False,True,False,False,False,False,False,False,True,False,True,False,False,True,1457.3
0,49,99.05,4853.75,1,True,True,False,True,False,True,True,False,False,False,False,True,False,False,False,False,False,True,False,True,False,False,True,False,False,False,4853.45
0,46,19.2,908.15,0,True,False,False,True,False,False,False,True,True,False,True,False,True,False,True,False,True,False,True,False,False,True,False,True,False,False,883.1999999999999
0,11,79.5,868.5,1,True,True,True,True,False,False,True,False,False,False,False,False,False,False,False,False,False,True,False,False,False,False,True,False,False,False,874.5
0,72,84.45,6033.1,0,True,True,False,True,False,False,False,False,False,True,False,True,False,True,False,True,False,True,False,True,False,True,False,False,False,True,6080.400000000001
0,47,20.45,943.0,0,True,False,False,True,False,False,False,True,True,False,True,False,True,False,True,False,True,False,True,False,False,True,False,False,False,False,961.15
0,1,19.25,19.25,1,True,False,True,True,False,False,False,True,True,False,True,False,True,False,True,False,True,False,True,False,False,False,False,False,False,True,19.25
1,59,89.75,5496.9,0,False,False,False,True,False,True,True,False,False,True,False,True,False,True,False,False,False,False,False,False,False,False,True,False,True,False,5295.25
0,71,87.95,6365.35,0,False,True,False,True,False,True,False,False,False,True,False,True,False,True,False,True,False,True,False,True,False,True,False,False,False,False,6244.45
0,25,20.05,520.1,0,False,True,True,True,False,False,False,True,True,False,True,False,True,False,True,False,True,False,True,False,True,False,False,False,False,True,501.25
0,72,107.7,7919.8,0,True,True,True,True,False,True,True,False,False,True,False,True,False,False,False,True,False,True,False,True,False,True,True,True,False,False,7754.400000000001
0,2,20.0,32.7,0,True,False,False,True,False,False,False,True,True,False,True,False,True,False,True,False,True,False,True,False,False,False,False,False,False,True,40.0
0,35,62.15,2215.45,0,False,True,False,True,False,False,False,False,False,True,False,False,False,False,False,False,False,True,False,False,True,False,True,False,False,False,2175.25
0,71,104.65,7288.4,0,True,True,True,True,False,False,True,False,False,True,False,True,False,True,False,False,False,True,False,True,True,False,True,False,False,False,7430.150000000001
1,15,94.65,1285.05,0,False,True,False,True,False,False,True,False,False,False,False,True,False,False,False,False,False,True,False,True,False,False,True,False,True,False,1419.75
0,2,20.45,34.8,0,False,False,False,True,False,False,False,True,True,False,True,False,True,False,True,False,True,False,True,False,True,False,False,False,False,True,40.9
0,26,79.3,2015.8,0,False,True,False,True,False,True,True,False,False,False,False,True,False,False,False,False,False,False,False,False,False,False,False,False,False,False,2061.7999999999997
1,3,88.3,273.75,1,False,True,True,True,False,False,True,False,False,True,False,False,False,False,False,True,False,True,False,False,False,False,True,False,False,True,264.9
1,49,49.8,2398.4,0,True,True,False,True,False,False,False,False,False,False,False,True,False,False,False,False,False,False,False,False,False,True,False,False,False,True,2440.2
0,27,75.75,1929.0,0,True,True,True,True,False,True,True,False,False,False,False,False,False,False,False,False,False,False,False,False,False,False,True,False,False,False,2045.25
0,3,50.5,147.75,0,True,False,False,True,False,False,False,False,False,False,False,False,False,False,False,True,False,False,False,False,False,False,True,False,False,True,151.5
0,45,51.0,2264.5,0,False,True,True,False,True,False,False,False,False,False,False,True,False,True,False,True,False,False,False,True,True,False,False,False,False,False,2295.0
0,37,104.5,3778.0,0,True,False,False,True,False,True,True,False,False,False,False,True,False,False,False,True,False,True,False,True,True,False,True,True,False,False,3866.5
0,72,116.85,8477.7,0,False,True,True,True,False,True,True,False,False,True,False,True,False,True,False,True,False,True,False,True,False,True,True,False,False,False,8413.199999999999
0,62,92.05,5755.8,0,False,False,False,True,False,True,True,False,False,True,False,True,False,True,False,False,False,False,False,False,True,False,True,False,True,False,5707.099999999999
0,54,59.8,3246.45,0,False,True,True,True,False,True,False,False,False,False,False,True,False,True,False,False,False,False,False,False,False,True,True,False,False,False,3229.2
0,15,101.9,1667.25,0,True,True,True,True,False,False,True,False,False,True,False,False,False,False,False,True,False,True,False,True,True,False,False,False,True,False,1528.5
0,1,20.05,20.05,1,True,False,False,True,False,False,False,True,True,False,True,False,True,False,True,False,True,False,True,False,False,False,False,False,False,False,20.05
1,1,25.2,25.2,1,False,False,False,False,True,False,False,False,False,False,False,False,False,False,False,False,False,False,False,False,False,False,True,False,True,False,25.2
0,72,61.2,4390.25,0,True,False,False,False,True,False,False,False,False,True,False,False,False,True,False,True,False,True,False,True,False,True,True,True,False,False,4406.400000000001
0,30,79.3,2427.1,0,False,False,False,True,False,True,False,False,False,True,False,False,False,True,False,False,False,True,False,True,True,False,True,True,False,False,2379.0
0,40,78.85,3126.85,0,False,True,False,True,False,True,True,False,False,False,False,False,False,False,False,True,False,False,False,False,False,False,True,True,False,False,3154.0
0,71,71.1,5224.95,0,False,True,True,True,False,True,False,False,False,True,False,True,False,True,False,True,False,False,False,False,False,True,False,False,False,True,5048.099999999999
0,18,33.5,600.0,1,True,False,False,False,True,False,False,False,False,False,False,True,False,True,False,False,False,False,False,False,False,False,True,True,False,False,603.0
0,17,25.1,382.8,0,True,False,False,False,True,False,False,False,False,False,False,False,False,False,False,False,False,False,False,False,False,False,False,True,False,False,426.70000000000005
0,40,20.15,804.85,0,False,False,False,True,False,False,False,True,True,False,True,False,True,False,True,False,True,False,True,False,False,True,False,False,False,True,806.0
1,72,110.8,7882.25,0,False,True,False,True,False,True,True,False,False,False,False,True,False,True,False,True,False,True,False,True,False,True,True,True,False,False,7977.599999999999
0,2,19.75,39.3,0,True,False,False,True,False,False,False,True,True,False,True,False,True,False,True,False,True,False,True,False,False,False,False,False,False,True,39.5
0,53,24.05,1301.9,0,True,False,False,True,False,True,False,True,True,False,True,False,True,False,True,False,True,False,True,False,True,False,False,False,False,False,1274.65
0,71,116.25,8564.75,0,True,True,False,True,False,True,True,False,False,True,False,True,False,True,False,True,False,True,False,True,False,True,True,False,True,False,8253.75
0,20,96.55,1901.65,0,False,True,False,True,False,False,True,False,False,True,False,True,False,False,False,True,False,True,False,False,False,False,True,False,True,False,1931.0
0,7,54.85,370.4,0,True,False,False,True,False,False,False,False,False,False,False,False,False,False,False,False,False,True,False,False,False,False,False,False,False,True,383.95
0,15,84.35,1302.65,0,False,False,False,True,False,True,True,False,False,True,False,False,False,True,False,False,False,False,False,False,False,False,True,True,False,False,1265.25
0,72,24.05,1709.15,0,False,True,True,True,False,True,False,True,True,False,True,False,True,False,True,False,True,False,True,False,False,True,True,False,False,False,1731.6000000000001
0,39,23.8,903.8,0,True,True,True,True,False,True,False,True,True,False,True,False,True,False,True,False,True,False,True,False,False,True,True,False,False,True,928.2
0,45,25.5,1121.05,0,False,True,False,True,False,True,False,True,True,False,True,False,True,False,True,False,True,False,True,False,False,True,False,False,False,True,1147.5
0,5,84.0,424.75,0,False,False,False,True,False,True,True,False,False,False,False,False,False,False,False,False,False,True,False,False,False,False,True,False,True,False,420.0
0,47,39.65,1798.65,0,False,False,False,False,True,False,False,False,False,True,False,True,False,False,False,True,False,False,False,False,True,False,False,True,False,False,1863.55
0,4,19.85,63.0,0,True,False,False,True,False,False,False,True,True,False,True,False,True,False,True,False,True,False,True,False,False,False,True,False,True,False,79.4
0,47,100.75,4669.2,0,True,False,False,True,False,True,True,False,False,True,False,True,False,False,False,True,False,True,False,False,False,False,False,False,False,True,4735.25
0,33,95.3,3275.15,0,True,False,True,True,False,True,True,False,False,True,False,False,False,True,False,False,False,False,False,True,False,False,True,False,False,False,3144.9
0,15,25.25,394.85,0,False,True,True,True,False,True,False,True,True,False,True,False,True,False,True,False,True,False,True,False,False,False,True,False,True,False,378.75
0,66,89.4,5976.9,0,True,False,False,True,False,True,True,False,False,False,False,True,False,False,False,False,False,False,False,True,False,False,False,True,False,False,5900.400000000001
0,6,90.1,521.3,1,False,False,False,True,False,True,True,False,False,False,False,True,False,False,False,False,False,True,False,False,False,False,True,False,True,False,540.5999999999999
0,17,19.7,340.35,0,False,False,False,True,False,False,False,True,True,False,True,False,True,False,True,False,True,False,True,False,False,False,False,True,False,False,334.9
0,41,94.9,3848.0,0,False,True,True,True,False,False,True,False,False,False,False,False,False,True,False,False,False,True,False,True,False,False,True,False,False,False,3890.9
0,56,99.8,5515.45,0,False,True,True,True,False,True,True,False,False,False,False,False,False,True,False,False,False,True,False,True,True,False,True,True,False,False,5588.8
0,28,54.9,1505.15,0,False,False,False,True,False,True,False,False,False,False,False,False,False,False,False,True,False,False,False,False,False,False,True,True,False,False,1537.2
0,72,53.65,3784.0,0,False,True,True,False,True,False,False,False,False,False,False,True,False,False,False,True,False,True,False,True,False,True,False,True,False,False,3862.7999999999997
0,1,49.75,49.75,0,True,False,False,True,False,False,False,False,False,True,False,False,False,False,False,False,False,False,False,False,False,False,False,False,True,False,49.75
0,56,106.6,5893.95,0,False,False,False,True,False,True,True,False,False,True,False,True,False,False,False,False,False,True,False,True,False,False,True,True,False,False,5969.599999999999
0,70,79.15,5536.5,0,True,True,False,True,False,True,False,False,False,True,False,True,False,True,False,True,False,True,False,False,False,True,False,False,False,True,5540.5
0,44,90.65,3974.15,0,True,True,False,True,False,False,True,False,False,False,False,False,False,False,False,False,False,True,False,True,True,False,True,False,False,False,3988.6000000000004
0,2,44.35,81.25,1,True,False,False,True,False,False,False,False,False,False,False,False,False,False,False,False,False,False,False,False,False,False,False,False,True,False,88.7
0,58,71.6,4230.25,0,True,True,True,True,False,True,False,False,False,True,False,True,False,True,False,True,False,False,False,False,False,True,False,True,False,False,4152.799999999999
0,48,83.45,3887.85,0,False,False,False,True,False,True,False,False,False,True,False,True,False,True,False,False,False,True,False,True,True,False,True,True,False,False,4005.6000000000004
0,11,84.8,888.75,0,True,False,False,True,False,False,True,False,False,False,False,False,False,True,False,False,False,False,False,True,False,False,False,False,True,False,932.8
0,72,115.55,8425.3,0,True,True,False,True,False,True,True,False,False,True,False,True,False,True,False,True,False,True,False,True,False,True,True,False,True,False,8319.6
0,72,42.1,2962.0,0,True,True,False,False,True,False,False,False,False,True,False,True,False,True,False,False,False,False,False,False,False,True,False,False,False,False,3031.2000000000003
0,26,85.9,2196.45,0,False,True,False,True,False,False,True,False,False,False,False,False,False,False,False,True,False,False,False,True,False,False,False,True,False,False,2233.4
0,52,39.9,2020.9,0,True,True,False,False,True,False,False,False,False,True,False,False,False,False,False,False,False,False,False,True,False,False,True,False,True,False,2074.7999999999997
0,52,20.1,1078.75,0,False,True,True,True,False,False,False,True,True,False,True,False,True,False,True,False,True,False,True,False,False,True,False,False,False,False,1045.2
0,27,53.45,1461.45,0,True,False,False,True,False,False,False,False,False,True,False,False,False,False,False,True,False,False,False,False,False,False,False,False,False,True,1443.15
0,1,79.05,79.05,1,True,False,False,True,False,False,True,False,False,False,False,False,False,False,False,False,False,True,False,False,False,False,True,False,True,False,79.05
0,45,81.4,3775.85,0,True,True,False,True,False,True,True,False,False,False,False,True,False,False,False,False,False,False,False,False,False,False,False,False,False,False,3663.0000000000005
0,61,89.2,5500.6,0,False,False,False,True,False,True,True,False,False,False,False,False,False,True,False,False,False,False,False,True,False,False,False,False,False,True,5441.2
0,2,80.45,137.1,0,False,False,False,True,False,False,True,False,False,True,False,False,False,True,False,False,False,False,False,False,False,False,True,False,True,False,160.9
0,11,66.35,740.8,1,False,True,True,True,False,True,False,False,False,False,False,False,False,False,False,True,False,False,False,True,False,False,True,False,True,False,729.8499999999999
0,21,60.25,1258.35,0,False,False,False,True,False,False,False,False,False,True,False,False,False,True,False,True,False,False,False,False,True,False,True,False,True,False,1265.25
1,1,71.15,71.15,1,False,False,False,True,False,False,True,False,False,False,False,False,False,False,False,False,False,False,False,False,False,False,True,False,True,False,71.15
1,6,98.25,560.6,1,False,False,False,True,False,True,True,False,False,False,False,True,False,False,False,False,False,True,False,True,False,False,True,False,True,False,589.5
0,71,73.5,5357.75,0,True,True,False,True,False,True,False,False,False,True,False,True,False,False,False,True,False,True,False,False,False,True,False,True,False,False,5218.5
0,72,70.65,5011.15,0,False,True,True,True,False,False,False,False,False,True,False,True,False,True,False,False,False,True,False,False,False,True,True,True,False,False,5086.8
1,67,60.95,4119.4,0,True,True,False,True,False,False,False,False,False,True,False,True,False,False,False,True,False,False,False,False,True,False,True,False,False,False,4083.65
0,21,58.85,1215.45,0,False,True,True,True,False,False,False,False,False,False,False,True,False,False,False,False,False,True,False,False,True,False,True,True,False,False,1235.8500000000001
0,72,19.7,1421.9,0,True,True,False,True,False,False,False,True,True,False,True,False,True,False,True,False,True,False,True,False,False,True,False,True,False,False,1418.3999999999999
0,33,20.1,620.55,0,True,True,True,True,False,False,False,True,True,False,True,False,True,False,True,False,True,False,True,False,True,False,False,True,False,False,663.3000000000001
0,3,95.2,292.85,1,False,True,False,True,False,True,True,False,False,False,False,False,False,False,False,False,False,True,False,True,False,False,True,False,True,False,285.6
0,31,93.8,3019.5,1,True,True,False,True,False,True,True,False,False,False,False,True,False,True,False,False,False,True,False,False,False,False,False,False,True,False,2907.7999999999997
1,55,50.05,2743.45,0,True,False,False,False,True,False,False,False,False,False,False,False,False,True,False,False,False,True,False,True,True,False,True,False,False,False,2752.75
0,1,74.35,74.35,1,True,False,True,True,False,True,True,False,False,False,False,False,False,False,False,False,False,False,False,False,False,False,True,False,True,False,74.35
0,10,18.85,163.2,0,False,False,False,True,False,False,False,True,True,False,True,False,True,False,True,False,True,False,True,False,False,False,False,False,False,True,188.5
0,1,20.45,20.45,0,True,False,False,True,False,False,False,True,True,False,True,False,True,False,True,False,True,False,True,False,False,False,True,False,False,True,20.45
1,14,95.6,1273.3,0,True,False,False,True,False,True,True,False,False,False,False,False,False,False,False,False,False,True,False,True,False,False,True,False,True,False,1338.3999999999999
0,66,74.25,4859.25,0,False,True,True,True,False,True,True,False,False,False,False,False,False,False,False,False,False,False,False,False,True,False,True,False,False,False,4900.5
0,72,106.1,7657.4,0,False,True,True,True,False,True,True,False,False,True,False,True,False,True,False,True,False,True,False,False,False,True,False,True,False,False,7639.2
0,11,29.6,346.45,0,False,True,True,False,True,False,False,False,False,True,False,False,False,False,False,False,False,False,False,False,False,False,True,False,True,False,325.6
0,32,93.4,2979.3,0,True,False,False,True,False,False,True,False,False,True,False,True,False,True,False,False,False,False,False,True,False,False,True,True,False,False,2988.8
1,7,101.95,700.85,1,True,True,False,True,False,True,True,False,False,False,False,False,False,True,False,False,False,True,False,True,False,False,True,False,True,False,713.65
0,31,59.95,1848.8,0,True,True,True,False,True,False,False,False,False,True,False,False,False,True,False,True,False,True,False,True,True,False,False,False,True,False,1858.45
0,61,43.7,2696.55,0,False,False,False,False,True,False,False,False,False,True,False,True,False,True,False,True,False,False,False,False,True,False,False,True,False,False,2665.7000000000003
1,1,70.15,70.15,1,False,False,False,True,False,False,True,False,False,False,False,False,False,False,False,False,False,False,False,False,False,False,True,False,True,False,70.15
1,71,104.05,7413.55,0,False,False,False,True,False,True,True,False,False,False,False,False,False,True,False,False,False,True,False,True,False,True,False,False,False,False,7387.55
0,1,70.6,70.6,1,True,False,False,True,False,False,True,False,False,False,False,False,False,False,False,False,False,False,False,False,False,False,False,False,False,True,70.6
0,3,90.7,237.65,0,True,False,False,True,False,False,True,False,False,False,False,False,False,False,False,False,False,True,False,True,False,False,False,False,False,True,272.1
0,4,78.45,330.05,1,True,False,False,True,False,True,True,False,False,False,False,True,False,False,False,False,False,False,False,False,False,False,False,False,True,False,313.8
1,27,85.9,2220.1,0,True,True,False,True,False,True,True,False,False,True,False,False,False,True,False,False,False,False,False,False,True,False,True,False,True,False,2319.3
0,3,95.4,293.15,0,False,False,False,True,False,False,True,False,False,False,False,True,False,False,False,False,False,True,False,True,False,False,False,False,True,False,286.20000000000005
0,1,20.3,20.3,0,True,False,False,True,False,False,False,True,True,False,True,False,True,False,True,False,True,False,True,False,False,False,False,False,False,True,20.3
0,72,89.7,6339.3,0,True,True,True,True,False,True,False,False,False,True,False,True,False,True,False,True,False,True,False,True,False,True,False,True,False,False,6458.400000000001
0,61,50.7,3088.75,0,False,True,True,False,True,False,False,False,False,True,False,True,False,False,False,True,False,False,False,True,True,False,True,False,False,False,3092.7000000000003
0,68,110.2,7467.5,0,True,True,True,True,False,True,True,False,False,True,False,True,False,True,False,False,False,True,False,True,False,True,True,False,True,False,7493.6
0,2,20.7,39.85,0,False,False,False,True,False,False,False,True,True,False,True,False,True,False,True,False,True,False,True,False,False,False,True,False,False,False,41.4
0,9,20.15,238.15,0,False,False,False,True,False,False,False,True,True,False,True,False,True,False,True,False,True,False,True,False,False,False,False,False,False,False,181.35
0,31,20.4,609.1,0,True,False,False,True,False,False,False,True,True,False,True,False,True,False,True,False,True,False,True,False,False,True,False,False,False,False,632.4
0,3,74.4,215.8,1,False,False,False,True,False,True,True,False,False,False,False,False,False,False,False,False,False,False,False,False,False,False,False,False,False,False,223.20000000000002
0,35,109.95,3782.4,0,True,True,True,True,False,True,True,False,False,False,False,True,False,True,False,True,False,True,False,True,False,False,True,False,True,False,3848.25
0,15,20.1,302.45,0,False,False,False,True,False,False,False,True,True,False,True,False,True,False,True,False,True,False,True,False,True,False,False,True,False,False,301.5
1,1,89.3,89.3,1,False,False,False,True,False,False,True,False,False,False,False,False,False,False,False,False,False,True,False,True,False,False,True,False,True,False,89.3
0,42,106.15,4512.7,1,True,True,False,True,False,True,True,False,False,False,False,False,False,True,False,True,False,True,False,True,False,False,True,False,False,False,4458.3
0,1,45.4,45.4,1,False,False,False,True,False,False,False,False,False,False,False,False,False,False,False,False,False,False,False,False,False,False,True,False,False,True,45.4
0,71,95.75,6849.4,0,False,True,True,True,False,True,True,False,False,False,False,True,False,True,False,False,False,False,False,True,False,True,True,True,False,False,6798.25
0,50,20.15,930.9,0,False,True,True,True,False,False,False,True,True,False,True,False,True,False,True,False,True,False,True,False,False,True,False,False,False,False,1007.4999999999999
0,55,25.65,1388.0,0,False,True,True,True,False,True,False,True,True,False,True,False,True,False,True,False,True,False,True,False,False,True,True,True,False,False,1410.75
0,47,74.05,3496.3,0,False,False,False,True,False,True,False,False,False,True,False,True,False,False,False,True,False,False,False,True,False,True,False,False,False,True,3480.35
0,27,19.55,520.55,0,True,True,False,True,False,False,False,True,True,False,True,False,True,False,True,False,True,False,True,False,False,True,False,False,False,False,527.85
0,25,19.9,527.5,0,False,False,False,True,False,False,False,True,True,False,True,False,True,False,True,False,True,False,True,False,True,False,False,True,False,False,497.49999999999994
0,36,99.15,3615.6,1,False,False,False,True,False,True,True,False,False,False,False,True,False,False,False,False,False,True,False,True,False,False,True,False,True,False,3569.4
0,9,90.35,767.9,0,True,True,True,True,False,True,True,False,False,False,False,False,False,True,False,False,False,True,False,False,True,False,True,False,True,False,813.15
1,45,102.15,4735.35,0,False,False,False,True,False,True,True,False,False,False,False,False,False,True,False,False,False,True,False,True,True,False,True,False,False,False,4596.75
0,63,79.8,5034.05,0,True,True,False,True,False,True,False,False,False,False,False,False,False,True,False,True,False,True,False,True,False,True,False,True,False,False,5027.4
0,8,68.55,564.35,0,False,True,True,True,False,False,False,False,False,False,False,False,False,False,False,True,False,True,False,True,False,False,True,False,True,False,548.4
0,72,65.6,4566.5,0,True,False,False,False,True,False,False,False,False,True,False,True,False,True,False,True,False,True,False,True,False,True,True,False,False,False,4723.2
0,17,80.85,1400.85,1,True,True,True,True,False,False,True,False,False,False,False,False,False,False,False,False,False,True,False,False,False,False,False,False,True,False,1374.4499999999998
1,51,77.5,3807.35,1,False,True,False,True,False,True,True,False,False,True,False,False,False,False,False,False,False,False,False,False,False,False,True,False,True,False,3952.5
0,8,20.85,161.65,0,False,False,False,True,False,False,False,True,True,False,True,False,True,False,True,False,True,False,True,False,False,True,False,False,False,True,166.8
0,3,19.75,58.85,1,False,False,False,True,False,False,False,True,True,False,True,False,True,False,True,False,True,False,True,False,False,False,False,False,True,False,59.25
0,71,23.9,1663.5,0,False,True,True,True,False,True,False,True,True,False,True,False,True,False,True,False,True,False,True,False,False,True,False,True,False,False,1696.8999999999999
1,65,92.7,5968.4,0,True,True,False,True,False,True,True,False,False,True,False,True,False,False,False,False,False,True,False,False,False,True,True,True,False,False,6025.5
0,72,108.4,7767.25,0,True,True,True,True,False,True,True,False,False,True,False,True,False,True,False,False,False,True,False,True,False,True,True,True,False,False,7804.8
0,72,64.8,4719.75,0,True,True,True,False,True,False,False,False,False,True,False,True,False,True,False,True,False,True,False,True,False,True,True,True,False,False,4665.599999999999
0,69,110.05,7430.75,0,True,False,False,True,False,True,True,False,False,True,False,True,False,True,False,False,False,True,False,True,False,True,True,True,False,False,7593.45
0,62,43.7,2618.3,0,True,False,False,False,True,False,False,False,False,True,False,True,False,True,False,True,False,False,False,False,False,True,True,False,False,False,2709.4
1,54,115.6,6431.05,0,False,True,False,True,False,True,True,False,False,True,False,True,False,True,False,True,False,True,False,True,True,False,True,False,False,False,6242.4
0,3,19.1,52.0,0,False,True,True,True,False,False,False,True,True,False,True,False,True,False,True,False,True,False,True,False,False,True,False,False,False,True,57.300000000000004
0,23,59.95,1406.0,0,True,True,False,True,False,False,False,False,False,True,False,False,False,False,False,False,False,False,False,True,False,False,True,False,False,False,1378.8500000000001
0,35,20.75,739.9,0,True,False,False,True,False,False,False,True,True,False,True,False,True,False,True,False,True,False,True,False,False,False,False,False,False,False,726.25
0,52,49.75,2535.55,0,False,False,False,True,False,False,False,False,False,True,False,False,False,False,False,False,False,False,False,False,False,False,True,False,False,False,2587.0
0,2,91.15,168.5,0,False,False,False,True,False,False,True,False,False,True,False,True,False,False,False,False,False,True,False,False,False,False,True,False,True,False,182.3
0,64,19.7,1274.05,0,True,True,True,True,False,False,False,True,True,False,True,False,True,False,True,False,True,False,True,False,False,True,True,False,False,False,1260.8
0,1,24.4,24.4,0,True,False,False,False,True,False,False,False,False,False,False,False,False,False,False,False,False,False,False,False,False,False,True,False,True,False,24.4
0,60,74.35,4453.3,0,True,True,True,True,False,True,True,False,False,False,False,False,False,False,False,False,False,False,False,False,False,False,False,False,False,False,4461.0
0,3,35.15,99.75,1,True,True,False,False,True,False,False,False,False,False,False,False,False,False,False,False,False,False,False,True,False,False,True,False,True,False,105.44999999999999
0,72,105.0,7589.8,0,False,True,False,True,False,True,True,False,False,True,False,False,False,True,False,False,False,True,False,True,False,True,True,True,False,False,7560.0
0,3,85.7,256.75,0,True,False,False,True,False,False,True,False,False,False,False,False,False,True,False,False,False,False,False,True,False,False,False,True,False,False,257.1
0,34,24.7,780.2,0,False,True,False,True,False,True,False,True,True,False,True,False,True,False,True,False,True,False,True,False,False,False,False,False,True,False,839.8
0,43,75.35,3161.4,0,True,False,False,True,False,True,True,False,False,False,False,False,False,False,False,False,False,False,False,False,False,False,True,True,False,False,3240.0499999999997
1,66,102.85,6976.75,0,False,False,False,True,False,True,True,False,False,False,False,False,False,True,False,True,False,True,False,True,True,False,True,True,False,False,6788.099999999999
0,10,24.8,223.9,0,True,False,True,True,False,True,False,True,True,False,True,False,True,False,True,False,True,False,True,False,False,False,False,True,False,False,248.0
0,35,102.35,3626.1,1,True,False,False,True,False,False,True,False,False,False,False,True,False,True,False,False,False,True,False,True,True,False,True,False,False,False,3582.25
0,1,20.25,20.25,0,False,False,False,True,False,False,False,True,True,False,True,False,True,False,True,False,True,False,True,False,False,False,True,False,False,True,20.25
0,29,48.95,1323.7,0,True,False,False,True,False,False,False,False,False,False,False,False,False,True,False,False,False,False,False,False,False,False,False,False,False,False,1419.5500000000002
0,50,69.75,3557.7,0,False,True,True,True,False,False,True,False,False,False,False,False,False,False,False,False,False,False,False,False,False,False,True,False,False,False,3487.5
0,1,75.1,75.1,1,False,False,False,True,False,True,True,False,False,False,False,False,False,False,False,False,False,False,False,False,False,False,True,False,True,False,75.1
0,23,64.9,1509.8,0,True,False,False,True,False,False,False,False,False,False,False,False,False,False,False,False,False,True,False,True,True,False,True,False,False,False,1492.7
0,13,74.4,896.75,1,True,True,True,True,False,True,True,False,False,False,False,False,False,False,False,False,False,False,False,False,False,False,True,True,False,False,967.2
0,68,54.45,3687.75,0,False,False,False,True,False,True,False,False,False,True,False,False,False,False,False,False,False,False,False,False,False,False,False,False,False,True,3702.6000000000004
0,15,19.6,331.6,0,False,False,False,True,False,False,False,True,True,False,True,False,True,False,True,False,True,False,True,False,False,True,False,False,False,True,294.0
0,44,70.95,3250.45,0,True,True,False,True,False,False,False,False,False,False,False,True,False,True,False,True,False,True,False,False,True,False,True,False,True,False,3121.8
0,40,83.85,3532.25,0,False,False,False,True,False,True,True,False,False,False,False,False,False,False,False,False,False,False,False,True,False,False,False,False,False,False,3354.0
0,48,24.0,1183.05,0,False,False,False,True,False,True,False,True,True,False,True,False,True,False,True,False,True,False,True,False,False,True,False,True,False,False,1152.0
0,1,75.5,75.5,0,True,False,False,True,False,False,False,False,False,False,False,False,False,True,False,True,False,True,False,True,False,False,True,False,True,False,75.5
0,53,53.6,2879.2,0,False,False,False,False,True,False,False,False,False,True,False,True,False,True,False,True,False,True,False,False,True,False,True,False,True,False,2840.8
0,19,44.9,839.65,0,False,True,False,True,False,False,False,False,False,False,False,False,False,False,False,False,False,False,False,False,False,False,False,False,False,True,853.1
0,1,44.15,44.15,0,False,False,False,True,False,False,False,False,False,False,False,False,False,False,False,False,False,False,False,False,False,False,False,False,False,False,44.15
0,39,81.9,3219.75,0,True,False,False,True,False,False,True,False,False,False,False,False,False,True,False,True,False,False,False,False,True,False,False,False,True,False,3194.1000000000004
0,43,104.3,4451.85,0,True,True,True,True,False,True,True,False,False,False,False,False,False,True,False,True,False,True,False,True,True,False,True,True,False,False,4484.9
0,4,87.1,341.45,1,False,False,True,True,False,True,True,False,False,False,False,False,False,True,False,True,False,False,False,False,False,False,True,False,False,True,348.4
0,71,80.6,5708.2,0,True,False,False,True,False,True,False,False,False,True,False,True,False,True,False,True,False,False,False,True,False,True,False,False,False,False,5722.599999999999
0,47,85.3,4045.65,1,False,True,False,True,False,False,True,False,False,False,False,False,False,True,False,False,False,False,False,True,False,False,True,False,True,False,4009.1
0,29,70.75,1974.8,1,True,True,True,True,False,False,True,False,False,False,False,False,False,False,False,False,False,False,False,False,False,False,True,False,True,False,2051.75
0,58,45.35,2540.1,0,False,True,False,False,True,False,False,False,False,True,False,True,False,False,False,False,False,True,False,False,True,False,True,False,True,False,2630.3
0,15,49.1,679.55,1,False,False,False,True,False,True,False,False,False,False,False,False,False,False,False,False,False,False,False,False,False,False,True,False,True,False,736.5
0,72,84.05,6052.25,0,False,True,False,True,False,True,True,False,False,True,False,True,False,False,False,False,False,False,False,False,False,True,True,False,False,False,6051.599999999999
1,43,55.55,2342.2,1,False,True,False,False,True,False,False,False,False,False,False,True,False,True,False,False,False,True,False,True,False,False,False,True,False,False,2388.65
1,25,98.5,2514.5,1,False,True,False,True,False,False,True,False,False,False,False,True,False,True,False,False,False,True,False,True,False,False,True,False,True,False,2462.5
0,2,20.35,41.85,0,False,True,False,True,False,False,False,True,True,False,True,False,True,False,True,False,True,False,True,False,False,False,False,False,False,True,40.7
0,5,44.05,202.15,0,False,False,False,True,False,False,False,False,False,False,False,False,False,False,False,False,False,False,False,False,False,False,True,True,False,False,220.25
0,15,59.65,867.1,0,True,True,True,True,False,True,False,False,False,False,False,False,False,True,False,True,False,False,False,False,False,False,True,False,False,False,894.75
0,11,19.65,225.75,0,True,True,True,True,False,False,False,True,True,False,True,False,True,False,True,False,True,False,True,False,False,True,False,False,False,True,216.14999999999998
0,37,26.45,911.6,0,False,True,True,True,False,True,False,True,True,False,True,False,True,False,True,False,True,False,True,False,False,False,False,False,False,True,978.65
0,11,100.75,1129.75,1,False,False,False,True,False,True,True,False,False,False,False,False,False,True,False,False,False,True,False,True,False,False,True,False,True,False,1108.25
0,17,74.55,1215.8,0,False,True,True,True,False,False,False,False,False,True,False,True,False,False,False,False,False,True,False,True,False,False,False,False,False,True,1267.35
1,62,97.95,5936.55,0,False,True,False,True,False,True,True,False,False,False,False,True,False,True,False,False,False,True,False,False,True,False,True,True,False,False,6072.900000000001
0,27,49.0,1291.35,0,True,False,False,True,False,True,False,False,False,False,False,False,False,False,False,False,False,False,False,False,False,False,False,False,False,True,1323.0
0,25,20.2,507.9,0,False,True,False,True,False,False,False,True,True,False,True,False,True,False,True,False,True,False,True,False,True,False,True,False,False,False,505.0
0,50,19.8,1013.2,0,True,True,False,True,False,False,False,True,True,False,True,False,True,False,True,False,True,False,True,False,False,True,False,False,True,False,990.0
0,69,99.45,7007.6,1,True,True,True,True,False,True,True,False,False,False,False,False,False,True,False,False,False,True,False,True,False,False,True,True,False,False,6862.05
0,28,25.55,672.2,0,False,True,False,True,False,True,False,True,True,False,True,False,True,False,True,False,True,False,True,False,True,False,False,False,False,True,715.4
0,35,20.5,759.35,0,True,True,True,True,False,False,False,True,True,False,True,False,True,False,True,False,True,False,True,False,False,True,False,False,False,False,717.5
0,29,19.1,529.5,0,True,False,False,True,False,False,False,True,True,False,True,False,True,False,True,False,True,False,True,False,True,False,False,False,False,True,553.9000000000001
1,65,103.15,6792.45,0,True,True,False,True,False,True,True,False,False,False,False,True,False,True,False,False,False,True,False,True,True,False,True,False,False,False,6704.75
0,35,19.9,666.0,0,True,True,True,True,False,False,False,True,True,False,True,False,True,False,True,False,True,False,True,False,True,False,False,False,True,False,696.5
0,51,19.55,1086.75,0,True,True,True,True,False,False,False,True,True,False,True,False,True,False,True,False,True,False,True,False,False,True,False,True,False,False,997.0500000000001
0,4,45.65,191.05,1,False,False,False,True,False,False,False,False,False,False,False,False,False,False,False,False,False,False,False,False,False,False,False,False,False,True,182.6
0,65,84.2,5324.5,0,True,True,True,True,False,True,False,False,False,False,False,True,False,True,False,True,False,True,False,True,False,True,True,False,False,False,5473.0
0,23,99.95,2292.75,0,True,False,False,True,False,False,True,False,False,True,False,False,False,True,False,False,False,True,False,True,True,False,True,True,False,False,2298.85
1,38,80.45,3162.65,0,True,False,True,True,False,True,True,False,False,True,False,False,False,False,False,False,False,False,False,False,False,False,True,False,False,True,3057.1
1,43,84.85,3645.6,0,True,False,False,True,False,True,True,False,False,False,False,False,False,False,False,False,False,True,False,False,False,False,True,False,True,False,3648.5499999999997
0,12,25.25,274.7,0,False,True,True,True,False,True,False,True,True,False,True,False,True,False,True,False,True,False,True,False,False,True,False,True,False,False,303.0
0,65,100.15,6643.5,0,False,True,False,True,False,True,True,False,False,True,False,True,False,False,False,True,False,True,False,False,True,False,True,False,False,False,6509.75
1,14,95.8,1346.3,0,False,True,True,True,False,True,True,False,False,False,False,False,False,False,False,False,False,True,False,True,False,False,True,False,True,False,1341.2
0,20,85.25,1734.5,1,True,False,False,True,False,True,True,False,False,False,False,False,False,False,False,False,False,True,False,False,False,False,True,False,True,False,1705.0
0,56,61.3,3346.8,0,False,True,True,True,False,False,False,False,False,True,False,True,False,True,False,False,False,False,False,False,False,True,True,True,False,False,3432.7999999999997
0,42,25.1,1097.15,0,True,True,False,False,True,False,False,False,False,False,False,False,False,False,False,False,False,False,False,False,False,False,True,True,False,False,1054.2
0,11,72.9,818.45,0,True,False,False,True,False,False,True,False,False,False,False,False,False,True,False,False,False,False,False,False,False,False,False,False,True,False,801.9000000000001
0,2,82.0,184.65,1,True,False,False,True,False,True,True,False,False,False,False,True,False,False,False,False,False,False,False,False,False,False,True,False,True,False,164.0
0,3,19.65,60.65,0,False,True,True,True,False,False,False,True,True,False,True,False,True,False,True,False,True,False,True,False,False,False,False,False,False,True,58.949999999999996
0,1,69.35,69.35,1,True,False,False,True,False,False,True,False,False,False,False,False,False,False,False,False,False,False,False,False,False,False,True,False,True,False,69.35
0,11,19.55,223.15,0,True,False,False,True,False,False,False,True,True,False,True,False,True,False,True,False,True,False,True,False,False,True,False,True,False,False,215.05
0,3,65.25,209.9,0,True,False,False,True,False,True,False,False,False,False,False,False,False,False,False,True,False,True,False,False,False,False,True,False,False,True,195.75
0,1,19.55,19.55,0,False,False,False,True,False,False,False,True,True,False,True,False,True,False,True,False,True,False,True,False,False,False,False,False,False,True,19.55
0,68,19.95,1303.25,0,True,True,True,True,False,False,False,True,True,False,True,False,True,False,True,False,True,False,True,False,False,True,True,False,False,False,1356.6
0,53,20.2,1068.15,0,True,True,True,True,False,False,False,True,True,False,True,False,True,False,True,False,True,False,True,False,True,False,False,True,False,False,1070.6
1,60,101.4,6176.6,0,False,False,False,True,False,True,True,False,False,True,False,False,False,False,False,False,False,True,False,True,True,False,True,False,False,False,6084.0
0,66,88.9,6000.1,0,False,False,False,True,False,True,True,False,False,False,False,True,False,False,False,False,False,True,False,False,True,False,True,False,False,False,5867.400000000001
0,28,59.0,1654.45,0,False,False,False,True,False,True,False,False,False,True,False,False,False,True,False,False,False,False,False,False,True,False,False,False,False,True,1652.0
1,5,70.05,302.6,0,False,True,False,True,False,False,True,False,False,False,False,False,False,False,False,False,False,False,False,False,False,False,False,False,True,False,350.25
1,24,39.1,971.3,1,True,True,False,False,True,False,False,False,False,True,False,False,False,False,False,False,False,False,False,True,False,False,False,False,False,False,938.4000000000001
0,45,54.15,2319.8,1,False,True,True,True,False,False,False,False,False,False,False,True,False,False,False,True,False,False,False,False,True,False,True,True,False,False,2436.75
0,6,94.05,518.75,0,False,True,True,True,False,True,True,False,False,False,False,True,False,True,False,False,False,True,False,False,False,False,True,False,False,True,564.3
1,64,80.3,5017.7,0,True,True,False,True,False,False,True,False,False,True,False,False,False,True,False,False,False,False,False,False,True,False,False,True,False,False,5139.2
0,58,92.85,5305.05,0,True,True,True,True,False,False,True,False,False,False,False,True,False,False,False,False,False,True,False,True,False,False,True,False,True,False,5385.299999999999
1,5,83.15,446.05,1,False,False,False,True,False,True,True,False,False,False,False,False,False,False,False,False,False,True,False,False,False,False,True,True,False,False,415.75
0,31,59.05,1882.8,0,True,True,False,True,False,True,False,False,False,False,False,False,False,False,False,False,False,True,False,False,False,False,True,True,False,False,1830.55
0,35,100.25,3527.6,1,False,False,False,True,False,True,True,False,False,False,False,False,False,True,False,False,False,True,False,True,False,False,True,False,True,False,3508.75
0,5,20.2,83.75,0,True,False,True,True,False,False,False,True,True,False,True,False,True,False,True,False,True,False,True,False,False,False,False,False,False,True,101.0
0,16,69.95,1205.5,0,True,False,False,True,False,False,True,False,False,False,False,False,False,False,False,False,False,False,False,False,False,False,True,True,False,False,1119.2
1,72,105.75,7629.85,0,False,True,False,True,False,True,True,False,False,False,False,True,False,True,False,False,False,True,False,True,True,False,True,True,False,False,7614.0
0,60,94.15,5811.8,0,False,True,True,True,False,True,True,False,False,True,False,True,False,False,False,False,False,True,False,False,True,False,False,False,False,False,5649.0
0,67,26.3,1688.9,0,True,True,True,True,False,True,False,True,True,False,True,False,True,False,True,False,True,False,True,False,False,True,False,False,False,True,1762.1000000000001
0,72,90.35,6563.4,0,False,True,True,True,False,True,True,False,False,True,False,True,False,False,False,True,False,False,False,False,False,True,True,False,False,False,6505.2
0,50,19.85,943.1,0,False,True,False,True,False,False,False,True,True,False,True,False,True,False,True,False,True,False,True,False,True,False,True,False,False,False,992.5000000000001
0,10,24.0,226.55,0,True,False,False,True,False,True,False,True,True,False,True,False,True,False,True,False,True,False,True,False,False,False,True,False,True,False,240.0
0,4,97.95,384.5,1,False,True,True,True,False,True,True,False,False,False,False,True,False,False,False,False,False,True,False,True,False,False,True,False,True,False,391.8
1,4,74.9,321.75,1,False,False,False,True,False,True,True,False,False,False,False,False,False,False,False,False,False,False,False,False,False,False,True,False,True,False,299.6
1,23,86.8,1975.85,0,True,True,False,True,False,True,True,False,False,False,False,False,False,False,False,False,False,False,False,True,False,False,False,False,True,False,1996.3999999999999
1,6,79.7,497.6,0,True,False,False,True,False,False,True,False,False,False,False,False,False,False,False,False,False,True,False,False,False,False,True,False,True,False,478.20000000000005
0,12,74.75,827.05,0,True,False,False,True,False,True,False,False,False,False,False,False,False,True,False,False,False,True,False,True,False,False,False,False,False,False,897.0
0,10,20.55,252.75,0,False,True,False,True,False,False,False,True,True,False,True,False,True,False,True,False,True,False,True,False,False,False,True,False,False,True,205.5
0,12,84.6,959.9,0,True,True,False,True,False,False,True,False,False,True,False,True,False,True,False,False,False,False,False,False,False,False,True,False,True,False,1015.1999999999999
0,22,67.5,1544.05,1,True,True,True,True,False,False,False,False,False,True,False,False,False,True,False,True,False,True,False,False,True,False,True,False,False,False,1485.0
0,47,75.45,3545.1,0,False,False,False,True,False,False,True,False,False,True,False,False,False,False,False,False,False,False,False,False,False,False,False,True,False,False,3546.15
0,24,98.75,2407.3,1,False,False,False,True,False,True,True,False,False,False,False,False,False,True,False,False,False,True,False,True,False,False,True,False,True,False,2370.0
0,34,64.4,2088.75,1,False,False,False,True,False,True,False,False,False,True,False,True,False,False,False,True,False,False,False,False,True,False,True,False,False,True,2189.6000000000004
1,9,21.25,204.55,0,True,True,False,True,False,False,False,True,True,False,True,False,True,False,True,False,True,False,True,False,False,False,True,False,False,True,191.25
0,28,74.9,2068.55,1,True,False,True,True,False,False,True,False,False,True,False,False,False,False,False,False,False,False,False,False,False,False,True,False,False,False,2097.2000000000003
0,69,64.15,4254.1,0,False,True,True,True,False,True,False,False,False,True,False,False,False,True,False,True,False,False,False,False,False,True,True,True,False,False,4426.35
0,39,50.65,1905.4,0,False,False,False,False,True,False,False,False,False,False,False,False,False,True,False,False,False,True,False,True,False,False,True,True,False,False,1975.35
1,27,110.5,2857.6,0,False,False,False,True,False,True,True,False,False,True,False,True,False,True,False,False,False,True,False,True,True,False,True,False,False,False,2983.5
0,2,20.5,38.25,0,False,False,True,True,False,False,False,True,True,False,True,False,True,False,True,False,True,False,True,False,True,False,False,False,False,False,41.0
0,1,19.4,19.4,0,False,False,False,True,False,False,False,True,True,False,True,False,True,False,True,False,True,False,True,False,False,False,True,False,False,True,19.4
0,65,89.75,5769.6,1,True,True,False,True,False,True,True,False,False,True,False,True,False,True,False,False,False,False,False,False,True,False,False,False,True,False,5833.75
0,28,54.3,1546.3,0,False,False,False,True,False,False,False,False,False,True,False,False,False,False,False,True,False,False,False,False,True,False,False,False,False,True,1520.3999999999999
0,12,84.45,1059.55,1,True,False,False,True,False,True,True,False,False,False,False,False,False,False,False,False,False,True,False,False,False,False,True,False,True,False,1013.4000000000001
1,1,70.45,70.45,1,False,True,False,True,False,False,True,False,False,False,False,False,False,False,False,False,False,False,False,False,False,False,True,False,False,True,70.45
0,27,79.5,2180.55,1,True,False,True,True,False,True,True,False,False,False,False,False,False,False,False,True,False,False,False,False,False,False,True,False,True,False,2146.5
0,66,25.3,1672.35,0,True,True,True,True,False,True,False,True,True,False,True,False,True,False,True,False,True,False,True,False,False,True,True,True,False,False,1669.8
0,72,59.75,4265.0,0,False,False,False,True,False,True,False,False,False,True,False,True,False,False,False,False,False,False,False,False,False,True,False,False,False,False,4302.0
1,58,89.85,5125.75,0,True,True,True,True,False,True,True,False,False,True,False,True,False,False,False,True,False,False,False,False,True,False,True,False,False,False,5211.299999999999
0,7,99.8,673.25,1,True,False,False,True,False,True,True,False,False,False,False,True,False,False,False,False,False,True,False,True,False,False,True,False,True,False,698.6
0,17,94.4,1607.2,1,False,True,True,True,False,True,True,False,False,True,False,False,False,True,False,False,False,True,False,False,False,False,False,False,True,False,1604.8000000000002
0,70,24.7,1685.9,0,False,True,True,True,False,True,False,True,True,False,True,False,True,False,True,False,True,False,True,False,False,True,False,False,False,False,1729.0
0,1,45.6,45.6,0,True,False,False,True,False,False,False,False,False,False,False,False,False,False,False,False,False,False,False,False,False,False,False,False,False,True,45.6
0,64,24.7,1642.75,0,False,False,False,True,False,True,False,True,True,False,True,False,True,False,True,False,True,False,True,False,True,False,False,False,False,True,1580.8
0,55,77.75,4266.4,0,False,True,False,True,False,True,True,False,False,False,False,True,False,False,False,False,False,False,False,False,False,False,True,True,False,False,4276.25
1,51,79.6,3974.7,0,True,False,False,True,False,True,True,False,False,False,False,True,False,False,False,False,False,False,False,False,True,False,True,False,False,False,4059.6
0,5,85.2,474.8,1,False,False,False,True,False,True,True,False,False,False,False,False,False,False,False,False,False,True,False,False,False,False,True,False,True,False,426.0
0,43,115.05,4895.1,0,False,False,False,True,False,True,True,False,False,True,False,True,False,True,False,True,False,True,False,True,False,True,False,True,False,False,4947.15
1,53,101.9,5549.4,1,True,True,False,True,False,True,True,False,False,False,False,True,False,False,False,False,False,True,False,True,False,False,True,False,True,False,5400.700000000001
0,63,19.7,1275.85,0,True,True,True,True,False,False,False,True,True,False,True,False,True,False,True,False,True,False,True,False,False,True,False,False,False,True,1241.1
0,27,20.35,531.6,0,True,False,False,True,False,False,False,True,True,False,True,False,True,False,True,False,True,False,True,False,False,True,False,True,False,False,549.45
1,22,69.75,1545.4,0,False,False,False,True,False,False,False,False,False,True,False,False,False,True,False,True,False,False,False,True,False,False,True,False,False,True,1534.5
1,6,85.15,503.6,1,True,False,False,True,False,False,True,False,False,True,False,False,False,False,False,False,False,True,False,False,False,False,True,False,False,False,510.90000000000003
0,31,89.3,2823.0,0,True,True,True,True,False,True,True,False,False,True,False,False,False,True,False,True,False,False,False,False,False,False,False,False,True,False,2768.2999999999997
0,64,81.05,5135.35,0,True,True,True,True,False,False,True,False,False,True,False,True,False,False,False,False,False,False,False,False,False,False,False,False,True,False,5187.2
0,71,20.85,1539.75,0,True,True,False,True,False,False,False,True,True,False,True,False,True,False,True,False,True,False,True,False,True,False,False,False,True,False,1480.3500000000001
0,68,54.1,3794.5,0,True,True,False,False,True,False,False,False,False,True,False,False,False,True,False,False,False,True,False,True,False,True,True,False,False,False,3678.8
0,1,53.55,53.55,0,False,True,False,True,False,False,False,False,False,True,False,True,False,False,False,False,False,False,False,False,False,False,True,False,False,True,53.55
1,64,103.5,6548.65,0,True,False,False,True,False,True,True,False,False,True,False,True,False,False,False,False,False,True,False,True,False,False,True,False,False,False,6624.0
0,2,70.3,132.4,0,True,False,False,True,False,False,False,False,False,False,False,False,False,False,False,True,False,True,False,True,False,False,False,False,True,False,140.6
0,1,44.0,44.0,0,True,False,True,True,False,False,False,False,False,False,False,False,False,False,False,False,False,False,False,False,False,False,False,False,True,False,44.0
0,28,64.4,1802.15,0,True,True,True,True,False,True,False,False,False,False,False,True,False,False,False,False,False,False,False,True,False,False,False,False,True,False,1803.2000000000003
0,2,20.25,36.8,0,True,False,False,True,False,False,False,True,True,False,True,False,True,False,True,False,True,False,True,False,False,False,False,False,False,True,40.5
1,72,89.55,6448.85,0,False,True,True,True,False,True,False,False,False,True,False,True,False,True,False,True,False,True,False,True,False,True,True,True,False,False,6447.599999999999
0,28,91.25,2483.65,0,True,False,False,True,False,False,True,False,False,False,False,True,False,False,False,True,False,True,False,False,True,False,True,False,False,False,2555.0
0,55,100.9,5448.6,0,False,True,True,True,False,True,True,False,False,True,False,False,False,False,False,False,False,True,False,True,True,False,False,False,False,True,5549.5
0,65,71.0,4386.2,0,False,True,False,True,False,False,False,False,False,True,False,True,False,True,False,False,False,False,False,True,False,True,False,False,False,False,4615.0
1,34,108.9,3625.2,0,True,True,True,True,False,True,True,False,False,False,False,True,False,True,False,True,False,True,False,True,False,False,True,False,True,False,3702.6000000000004
1,53,60.05,3229.65,1,True,True,False,True,False,True,False,False,False,True,False,False,False,False,False,True,False,False,False,False,True,False,True,False,True,False,3182.6499999999996
0,37,19.8,726.1,0,True,True,True,True,False,False,False,True,True,False,True,False,True,False,True,False,True,False,True,False,False,True,False,False,False,False,732.6
0,15,85.9,1269.55,1,False,False,True,True,False,False,True,False,False,False,False,True,False,False,False,False,False,False,False,True,False,False,True,False,False,False,1288.5
0,71,82.55,5832.65,0,True,True,False,True,False,False,False,False,False,True,False,False,False,True,False,True,False,True,False,True,False,True,True,False,True,False,5861.05
0,7,74.35,533.6,0,True,False,False,True,False,False,True,False,False,True,False,False,False,False,False,False,False,False,False,False,False,False,False,False,False,True,520.4499999999999
0,67,111.2,7530.8,0,True,True,True,True,False,True,True,False,False,False,False,True,False,True,False,True,False,True,False,True,False,True,True,False,False,False,7450.400000000001
0,52,95.65,5088.4,0,True,True,False,True,False,True,True,False,False,False,False,True,False,False,False,True,False,False,False,True,False,False,True,True,False,False,4973.8
0,69,108.75,7493.05,0,False,True,True,True,False,True,True,False,False,False,False,True,False,True,False,True,False,True,False,True,True,False,True,False,False,False,7503.75
0,24,74.8,1821.2,0,True,True,True,True,False,True,False,False,False,True,False,False,False,False,False,False,False,True,False,True,True,False,False,False,False,True,1795.1999999999998
0,7,78.5,571.05,0,False,False,False,True,False,False,False,False,False,True,False,True,False,False,False,True,False,True,False,True,False,False,True,False,True,False,549.5
0,39,25.45,958.45,0,True,False,True,True,False,True,False,True,True,False,True,False,True,False,True,False,True,False,True,False,True,False,False,False,False,False,992.55
0,50,20.55,1067.65,0,True,True,False,True,False,False,False,True,True,False,True,False,True,False,True,False,True,False,True,False,False,True,False,False,False,True,1027.5
0,71,98.65,6962.85,0,True,True,False,True,False,True,True,False,False,False,False,False,False,True,False,False,False,True,False,True,True,False,True,True,False,False,7004.150000000001
0,13,19.55,265.3,0,False,True,True,True,False,False,False,True,True,False,True,False,True,False,True,False,True,False,True,False,False,True,False,False,False,True,254.15
0,1,18.85,18.85,0,False,False,False,True,False,False,False,True,True,False,True,False,True,False,True,False,True,False,True,False,False,False,False,False,True,False,18.85
0,29,94.2,2607.6,0,True,False,False,True,False,False,True,False,False,False,False,False,False,False,False,True,False,True,False,True,False,False,True,False,True,False,2731.8
1,27,83.85,2310.2,0,False,True,False,True,False,True,False,False,False,False,False,True,False,True,False,True,False,True,False,True,False,False,False,False,True,False,2263.95
0,48,55.8,2651.2,0,True,True,True,True,False,False,False,False,False,False,False,True,False,True,False,False,False,False,False,False,True,False,True,True,False,False,2678.3999999999996
0,6,91.0,531.0,1,True,True,False,True,False,False,True,False,False,False,False,True,False,True,False,False,False,False,False,True,False,False,True,False,True,False,546.0
0,59,76.75,4541.9,0,True,True,True,True,False,False,False,False,False,False,False,True,False,True,False,True,False,True,False,True,True,False,False,True,False,False,4528.25
1,30,105.7,3181.8,0,True,True,False,True,False,True,True,False,False,True,False,True,False,True,False,True,False,True,False,False,False,False,True,False,False,False,3171.0
0,32,20.55,654.55,0,False,False,False,True,False,False,False,True,True,False,True,False,True,False,True,False,True,False,True,False,True,False,False,False,False,False,657.6
0,3,92.0,266.8,0,True,False,False,True,False,False,True,False,False,False,False,False,False,False,False,False,False,True,False,True,False,False,True,False,True,False,276.0
0,5,55.7,259.4,0,True,True,True,True,False,True,False,False,False,False,False,False,False,False,False,True,False,False,False,False,False,False,True,False,False,True,278.5
0,70,89.0,6293.2,0,False,True,True,True,False,True,False,False,False,True,False,True,False,True,False,True,False,True,False,True,False,True,True,False,False,False,6230.0
0,1,69.9,69.9,0,True,False,False,True,False,False,True,False,False,False,False,False,False,False,False,False,False,False,False,False,False,False,True,False,True,False,69.9
0,54,91.3,4965.0,0,False,True,True,True,False,True,False,False,False,True,False,True,False,True,False,True,False,True,False,True,False,True,False,True,False,False,4930.2
0,72,106.1,7548.6,0,True,True,True,True,False,True,True,False,False,True,False,True,False,True,False,True,False,True,False,False,False,True,True,True,False,False,7639.2
0,66,65.7,4378.9,0,True,False,True,True,False,True,False,False,False,True,False,True,False,False,False,True,False,False,False,False,False,True,False,False,False,False,4336.2
0,9,58.5,539.85,1,False,False,False,False,True,False,False,False,False,True,False,False,False,True,False,True,False,True,False,True,False,False,False,False,False,True,526.5
0,41,78.45,3126.45,0,False,True,True,True,False,False,False,False,False,True,False,True,False,False,False,True,False,True,False,True,False,True,False,False,True,False,3216.4500000000003
1,71,82.7,5831.2,0,False,True,False,True,False,True,False,False,False,True,False,True,False,True,False,True,False,False,False,True,False,True,True,False,False,False,5871.7
0,72,110.9,8240.85,0,True,True,False,True,False,True,True,False,False,True,False,False,False,True,False,True,False,True,False,True,False,True,True,True,False,False,7984.8
0,72,110.45,7982.5,0,False,True,False,True,False,True,True,False,False,False,False,True,False,True,False,True,False,True,False,True,False,True,True,False,False,False,7952.400000000001
1,12,83.8,1029.75,1,True,False,False,True,False,False,True,False,False,False,False,True,False,True,False,True,False,False,False,False,False,False,True,False,False,True,1005.5999999999999
0,55,64.2,3627.3,0,True,False,False,True,False,False,False,False,False,False,False,True,False,False,False,True,False,False,False,True,True,False,True,False,True,False,3531.0
0,72,103.75,7346.2,0,True,True,False,True,False,True,True,False,False,False,False,True,False,True,False,False,False,True,False,True,False,True,True,False,False,False,7470.0
1,65,108.8,7082.45,0,False,True,False,True,False,True,True,False,False,False,False,True,False,True,False,False,False,True,False,True,False,False,True,False,False,False,7072.0
0,6,80.5,502.85,1,False,True,True,True,False,True,True,False,False,False,False,False,False,False,False,True,False,False,False,False,False,False,True,False,True,False,483.0
0,4,70.9,273.0,1,False,False,False,True,False,False,True,False,False,False,False,False,False,False,False,False,False,False,False,False,False,False,True,False,False,False,283.6
0,62,102.0,6529.25,1,True,False,False,True,False,True,True,False,False,True,False,True,False,False,False,True,False,False,False,True,True,False,False,False,True,False,6324.0
0,67,24.65,1620.45,0,True,True,True,True,False,True,False,True,True,False,True,False,True,False,True,False,True,False,True,False,False,True,False,False,False,False,1651.55
0,8,94.0,773.65,1,True,False,False,True,False,True,True,False,False,False,False,True,False,True,False,False,False,True,False,False,False,False,True,False,True,False,752.0
0,72,20.8,1521.2,0,True,False,False,True,False,False,False,True,True,False,True,False,True,False,True,False,True,False,True,False,False,True,True,False,False,True,1497.6000000000001
1,66,45.55,3027.25,0,False,True,False,False,True,False,False,False,False,False,False,True,False,True,False,False,False,True,False,False,True,False,False,False,False,False,3006.2999999999997
0,10,72.15,794.25,1,True,False,False,True,False,True,False,False,False,False,False,False,False,False,False,False,False,True,False,True,False,False,True,True,False,False,721.5
1,43,109.55,4830.25,1,False,True,False,True,False,True,True,False,False,True,False,False,False,True,False,True,False,True,False,True,True,False,True,False,False,True,4710.65
0,22,61.15,1422.05,1,False,True,True,True,False,False,False,False,False,True,False,True,False,True,False,False,False,False,False,False,False,False,False,False,False,True,1345.3
0,12,81.45,912.0,0,True,False,False,True,False,False,True,False,False,False,False,False,False,False,False,False,False,True,False,False,False,False,True,False,True,False,977.4000000000001
0,10,45.8,436.2,0,True,False,False,True,False,False,False,False,False,False,False,False,False,False,False,False,False,False,False,False,False,False,True,True,False,False,458.0
0,27,48.7,1421.75,0,True,True,False,True,False,False,False,False,False,True,False,False,False,False,False,False,False,False,False,False,True,False,False,True,False,False,1314.9
0,8,20.05,163.6,0,False,False,True,True,False,False,False,True,True,False,True,False,True,False,True,False,True,False,True,False,False,False,False,False,False,True,160.4
0,12,20.3,224.5,0,False,True,True,True,False,False,False,True,True,False,True,False,True,False,True,False,True,False,True,False,False,True,False,False,False,False,243.60000000000002
0,71,53.95,3888.65,0,True,False,False,False,True,False,False,False,False,True,False,True,False,True,False,True,False,True,False,False,False,True,False,False,False,False,3830.4500000000003
0,50,105.95,5341.8,1,True,True,True,True,False,True,True,False,False,True,False,False,False,True,False,False,False,True,False,True,False,False,False,True,False,False,5297.5
0,70,108.15,7930.55,0,False,True,True,True,False,True,True,False,False,True,False,True,False,True,False,False,False,True,False,True,True,False,True,True,False,False,7570.5
0,7,44.75,333.65,0,True,True,True,True,False,False,False,False,False,False,False,False,False,False,False,False,False,False,False,False,False,False,False,False,True,False,313.25
1,46,100.7,4541.2,1,True,True,True,True,False,True,True,False,False,True,False,True,False,True,False,False,False,True,False,False,False,False,True,False,True,False,4632.2
0,6,48.95,273.25,0,False,True,True,True,False,True,False,False,False,False,False,False,False,False,False,False,False,False,False,False,False,False,True,True,False,False,293.70000000000005
0,6,89.25,487.05,0,False,False,False,True,False,False,True,False,False,False,False,False,False,True,False,True,False,False,False,True,False,False,True,False,True,False,535.5
0,47,26.9,1250.85,0,False,True,False,True,False,True,False,True,True,False,True,False,True,False,True,False,True,False,True,False,True,False,False,False,True,False,1264.3
0,36,93.6,3366.05,0,True,True,False,True,False,False,True,False,False,True,False,False,False,False,False,False,False,True,False,True,False,False,True,False,True,False,3369.6
0,8,94.7,740.3,1,True,False,False,True,False,False,True,False,False,False,False,False,False,True,False,False,False,True,False,True,False,False,True,False,True,False,757.6
0,40,60.3,2448.5,0,True,True,True,False,True,False,False,False,False,False,False,True,False,True,False,True,False,True,False,True,True,False,False,False,False,True,2412.0
0,61,104.0,6363.45,0,True,False,False,True,False,True,True,False,False,True,False,False,False,True,False,False,False,True,False,True,True,False,False,False,True,False,6344.0
0,72,97.95,7114.25,0,True,True,False,True,False,True,True,False,False,True,False,True,False,True,False,False,False,True,False,False,False,True,True,True,False,False,7052.400000000001
1,39,99.1,3877.95,0,False,True,False,True,False,False,True,False,False,True,False,True,False,False,False,False,False,True,False,True,True,False,False,False,False,True,3864.8999999999996
0,8,19.55,161.15,0,True,True,False,True,False,False,False,True,True,False,True,False,True,False,True,False,True,False,True,False,False,False,True,False,False,False,156.4
0,1,89.1,89.1,1,True,False,False,True,False,False,True,False,False,False,False,False,False,False,False,False,False,True,False,True,False,False,True,False,True,False,89.1
0,33,59.55,2016.3,0,False,True,False,False,True,False,False,False,False,True,False,False,False,True,False,True,False,True,False,True,False,True,False,False,False,False,1965.1499999999999
0,31,86.55,2697.4,1,False,False,True,True,False,True,True,False,False,False,False,False,False,False,False,False,False,True,False,False,False,False,True,True,False,False,2683.0499999999997
0,9,89.45,853.1,1,False,True,False,True,False,False,True,False,False,False,False,False,False,False,False,False,False,True,False,True,False,False,False,False,True,False,805.0500000000001
0,70,19.85,1328.35,0,False,True,False,True,False,False,False,True,True,False,True,False,True,False,True,False,True,False,True,False,False,True,False,True,False,False,1389.5
0,55,19.5,1026.35,0,True,True,True,True,False,False,False,True,True,False,True,False,True,False,True,False,True,False,True,False,True,False,False,False,False,True,1072.5
0,4,19.4,93.4,0,True,False,False,True,False,False,False,True,True,False,True,False,True,False,True,False,True,False,True,False,False,False,False,False,False,True,77.6
0,48,78.75,3682.45,0,True,False,True,True,False,True,False,False,False,True,False,False,False,True,False,False,False,True,False,True,True,False,True,True,False,False,3780.0
0,61,19.75,1124.2,0,True,False,True,True,False,False,False,True,True,False,True,False,True,False,True,False,True,False,True,False,False,True,False,False,False,True,1204.75
1,2,69.3,153.8,0,False,True,False,True,False,False,True,False,False,False,False,False,False,False,False,False,False,False,False,False,False,False,True,False,True,False,138.6
0,6,50.8,288.05,1,False,False,False,True,False,False,False,False,False,False,False,False,False,False,False,True,False,False,False,False,False,False,True,False,False,False,304.79999999999995
0,3,29.6,79.45,1,True,False,False,False,True,False,False,False,False,False,False,True,False,False,False,False,False,False,False,False,False,False,True,False,True,False,88.80000000000001
0,22,43.75,903.6,1,True,False,False,False,True,False,False,False,False,False,False,True,False,True,False,False,False,False,False,True,True,False,True,False,False,False,962.5
0,33,79.95,2684.85,0,False,False,False,True,False,False,True,False,False,False,False,True,False,False,False,True,False,False,False,False,True,False,True,False,False,False,2638.35
0,12,99.95,1132.75,1,True,False,False,True,False,True,True,False,False,False,False,False,False,False,False,True,False,True,False,True,False,False,True,False,False,True,1199.4
1,72,114.65,8333.95,0,False,True,False,True,False,True,True,False,False,True,False,True,False,True,False,True,False,True,False,True,False,True,True,False,False,False,8254.800000000001
0,58,65.25,3791.6,0,False,True,False,True,False,False,False,False,False,True,False,True,False,False,False,False,False,True,False,False,False,False,True,True,False,False,3784.5
0,59,85.55,5084.65,1,True,True,False,True,False,True,True,False,False,False,False,False,False,False,False,False,False,False,False,True,True,False,False,False,True,False,5047.45
0,34,77.2,2753.8,0,True,True,True,True,False,True,False,False,False,False,False,False,False,True,False,False,False,True,False,True,True,False,False,False,False,False,2624.8
0,52,24.8,1229.1,0,True,True,True,True,False,True,False,True,True,False,True,False,True,False,True,False,True,False,True,False,False,True,False,False,False,True,1289.6000000000001
0,10,45.55,402.6,1,True,False,False,True,False,False,False,False,False,False,False,False,False,False,False,False,False,False,False,False,False,False,True,False,True,False,455.5
1,16,59.4,1023.9,1,False,False,False,True,False,False,False,False,False,False,False,False,False,False,False,True,False,True,False,False,False,False,False,False,True,False,950.4
1,58,108.85,6287.25,1,True,True,False,True,False,True,True,False,False,True,False,True,False,True,False,False,False,True,False,True,True,False,True,False,True,False,6313.299999999999
0,10,94.9,1048.85,1,True,False,False,True,False,False,True,False,False,False,False,False,False,True,False,False,False,True,False,True,False,False,True,False,True,False,949.0
0,3,89.85,244.45,0,True,False,False,True,False,False,True,False,False,False,False,False,False,True,False,True,False,True,False,False,False,False,True,False,False,True,269.54999999999995
0,69,19.8,1436.95,0,False,True,True,True,False,False,False,True,True,False,True,False,True,False,True,False,True,False,True,False,False,True,False,True,False,False,1366.2
0,13,30.85,394.1,0,False,False,False,False,True,False,False,False,False,True,False,False,False,False,False,False,False,False,False,False,False,False,True,False,False,False,401.05
0,25,89.15,2257.75,1,False,True,True,True,False,False,True,False,False,False,False,True,False,True,False,False,False,True,False,False,False,False,True,False,False,False,2228.75
1,1,20.05,20.05,1,True,False,False,True,False,False,False,True,True,False,True,False,True,False,True,False,True,False,True,False,False,False,False,False,False,True,20.05
0,1,62.05,62.05,1,True,False,False,True,False,True,False,False,False,False,False,False,False,True,False,True,False,False,False,False,False,False,False,False,False,True,62.05
0,68,102.1,7149.35,0,True,False,False,True,False,True,True,False,False,True,False,True,False,True,False,False,False,False,False,True,False,True,True,False,False,False,6942.799999999999
0,1,90.85,90.85,1,True,False,False,True,False,True,True,False,False,False,False,True,False,False,False,False,False,False,False,True,False,False,True,True,False,False,90.85
0,8,100.85,819.55,1,True,False,False,True,False,True,True,False,False,False,False,True,False,False,False,False,False,True,False,True,False,False,False,False,True,False,806.8
0,1,25.25,25.25,0,False,False,False,False,True,False,False,False,False,False,False,False,False,False,False,False,False,False,False,False,False,False,False,False,True,False,25.25
0,46,53.1,2459.8,0,False,True,False,True,False,True,False,False,False,True,False,False,False,False,False,False,False,False,False,False,False,False,False,False,True,False,2442.6
0,45,103.65,4747.85,0,True,False,False,True,False,True,True,False,False,False,False,False,False,True,False,True,False,True,False,True,False,False,True,False,False,False,4664.25
0,8,103.35,847.3,1,False,False,False,True,False,True,True,False,False,True,False,False,False,False,False,True,False,True,False,True,False,False,True,False,False,False,826.8
0,5,94.85,462.8,1,True,False,False,True,False,True,True,False,False,False,False,False,False,False,False,False,False,True,False,True,False,False,True,False,False,False,474.25
0,22,93.2,2157.3,0,True,False,False,True,False,False,True,False,False,False,False,True,False,False,False,False,False,True,False,True,False,False,True,False,False,True,2050.4
0,58,95.3,5817.7,0,False,False,False,True,False,False,True,False,False,False,False,False,False,False,False,True,False,True,False,True,False,False,True,False,True,False,5527.4
0,51,49.65,2553.35,0,False,True,False,False,True,False,False,False,False,False,False,True,False,False,False,False,False,True,False,True,False,False,True,False,True,False,2532.15
0,39,48.95,1880.85,1,True,False,False,False,True,False,False,False,False,True,False,True,False,False,False,True,False,True,False,False,False,False,True,True,False,False,1909.0500000000002
0,26,26.0,684.05,0,False,True,False,True,False,True,False,True,True,False,True,False,True,False,True,False,True,False,True,False,True,False,False,False,False,True,676.0
0,53,85.45,4517.25,1,True,False,False,True,False,True,True,False,False,False,False,False,False,False,False,False,False,True,False,False,False,False,False,False,False,False,4528.85
0,1,80.0,80.0,1,True,True,True,True,False,False,True,False,False,False,False,False,False,False,False,False,False,False,False,True,False,False,False,False,True,False,80.0
0,1,29.95,29.95,1,False,False,False,False,True,False,False,False,False,False,False,True,False,False,False,False,False,False,False,False,False,False,False,False,False,False,29.95
0,18,85.6,1601.5,0,True,True,True,True,False,False,True,False,False,False,False,False,False,False,False,True,False,False,False,True,False,False,True,False,True,False,1540.8
0,46,20.05,902.0,0,True,False,False,True,False,False,False,True,True,False,True,False,True,False,True,False,True,False,True,False,False,True,False,False,False,False,922.3000000000001
0,3,79.25,267.6,1,True,False,False,True,False,False,True,False,False,False,False,False,False,False,False,False,False,True,False,False,False,False,False,False,True,False,237.75
0,12,44.55,480.6,1,False,False,True,True,False,False,False,False,False,False,False,False,False,False,False,False,False,False,False,False,False,False,True,False,True,False,534.5999999999999
0,14,55.0,771.95,0,True,False,False,False,True,False,False,False,False,False,False,False,False,True,False,True,False,True,False,True,False,False,True,False,True,False,770.0
1,5,70.25,331.9,1,True,False,False,True,False,False,True,False,False,False,False,False,False,False,False,False,False,False,False,False,False,False,True,False,False,True,351.25
0,28,100.35,2799.0,0,True,True,True,True,False,False,True,False,False,False,False,True,False,True,False,False,False,True,False,True,True,False,False,False,False,False,2809.7999999999997
1,59,93.85,5574.75,1,True,True,False,True,False,True,True,False,False,False,False,False,False,False,False,False,False,True,False,True,False,False,True,False,False,False,5537.15
0,10,44.85,435.4,1,True,False,False,True,False,False,False,False,False,False,False,False,False,False,False,False,False,False,False,False,False,False,True,True,False,False,448.5
0,21,80.9,1714.95,0,False,True,False,True,False,False,False,False,False,True,False,False,False,True,False,True,False,True,False,True,True,False,False,False,False,True,1698.9
1,5,45.7,198.0,1,False,False,False,False,True,False,False,False,False,False,False,False,False,False,False,False,False,True,False,True,False,False,False,False,True,False,228.5
0,10,26.1,225.55,0,False,True,True,True,False,True,False,True,True,False,True,False,True,False,True,False,True,False,True,False,False,True,False,True,False,False,261.0
1,5,71.45,371.6,0,True,False,False,True,False,False,True,False,False,False,False,False,False,False,False,False,False,False,False,False,False,False,True,False,False,True,357.25
0,9,79.9,741.7,1,True,True,False,True,False,False,True,False,False,False,False,True,False,True,False,False,False,False,False,False,False,False,True,False,True,False,719.1
0,11,97.85,1105.4,1,False,False,False,True,False,True,True,False,False,False,False,False,False,True,False,False,False,True,False,True,False,False,True,False,False,False,1076.35
0,47,73.6,3522.65,0,True,True,False,True,False,False,False,False,False,False,False,True,False,True,False,False,False,True,False,True,False,True,False,False,True,False,3459.2
0,3,41.35,107.25,0,True,False,False,False,True,False,False,False,False,True,False,False,False,True,False,True,False,False,False,False,False,False,False,False,False,True,124.05000000000001
0,1,75.9,75.9,1,True,False,False,True,False,False,True,False,False,False,False,False,False,False,False,True,False,False,False,False,False,False,True,False,True,False,75.9
0,23,40.65,947.4,0,True,False,True,False,True,False,False,False,False,True,False,True,False,False,False,True,False,False,False,False,True,False,False,False,False,False,934.9499999999999
1,16,94.45,1511.2,1,False,False,False,True,False,False,True,False,False,False,False,False,False,False,False,True,False,True,False,True,False,False,True,False,True,False,1511.2
0,27,81.7,2212.55,0,True,False,False,True,False,False,False,False,False,True,False,False,False,True,False,True,False,True,False,True,True,False,False,False,True,False,2205.9
0,68,25.75,1686.15,0,True,True,True,True,False,True,False,True,True,False,True,False,True,False,True,False,True,False,True,False,False,True,False,False,False,True,1751.0
0,2,51.4,96.8,0,False,False,False,False,True,False,False,False,False,False,False,True,False,False,False,False,False,True,False,True,False,False,False,False,True,False,102.8
0,5,20.35,122.0,0,True,False,True,True,False,False,False,True,True,False,True,False,True,False,True,False,True,False,True,False,False,False,False,True,False,False,101.75
1,67,75.7,5060.85,0,True,False,False,True,False,True,True,False,False,False,False,False,False,False,False,False,False,False,False,False,False,False,True,False,False,True,5071.900000000001
0,52,57.95,3042.25,0,False,False,False,True,False,False,False,False,False,True,False,False,False,True,False,True,False,False,False,False,True,False,False,True,False,False,3013.4
0,29,85.8,2440.25,0,True,True,False,True,False,True,True,False,False,False,False,True,False,True,False,False,False,False,False,False,False,False,True,False,True,False,2488.2
0,1,70.1,70.1,0,False,False,False,True,False,False,True,False,False,False,False,False,False,False,False,False,False,False,False,False,False,False,False,False,True,False,70.1
0,4,70.15,268.35,1,False,False,False,True,False,False,True,False,False,False,False,False,False,False,False,False,False,False,False,False,False,False,True,False,True,False,280.6
0,69,85.35,5897.4,0,False,False,False,True,False,True,False,False,False,True,False,False,False,True,False,True,False,True,False,True,False,True,True,True,False,False,5889.15
0,16,38.9,664.4,0,False,False,False,False,True,False,False,False,False,True,False,False,False,False,False,False,False,True,False,False,False,False,True,False,True,False,622.4
0,24,93.0,2248.05,0,True,True,False,True,False,True,True,False,False,False,False,False,False,False,False,False,False,True,False,True,False,False,True,False,True,False,2232.0
0,42,103.8,4327.5,0,False,False,False,True,False,False,True,False,False,False,False,True,False,True,False,True,False,True,False,True,False,False,True,False,False,False,4359.599999999999
0,60,50.8,3027.4,1,False,False,False,False,True,False,False,False,False,False,False,True,False,False,False,False,False,True,False,True,False,False,True,False,True,False,3048.0
0,10,95.2,930.4,1,True,False,True,True,False,True,True,False,False,False,False,False,False,False,False,False,False,True,False,True,False,False,False,False,True,False,952.0
0,9,59.5,530.05,0,False,False,False,True,False,False,False,False,False,False,False,False,False,False,False,True,False,True,False,False,False,False,True,False,False,False,535.5
0,24,69.45,1614.05,0,False,True,False,True,False,False,False,False,False,False,False,True,False,False,False,False,False,True,False,True,False,False,True,False,False,False,1666.8000000000002
0,18,20.05,358.5,0,True,False,False,True,False,False,False,True,True,False,True,False,True,False,True,False,True,False,True,False,False,False,False,False,False,True,360.90000000000003
0,72,115.6,8220.4,0,False,True,True,True,False,True,True,False,False,True,False,True,False,True,False,True,False,True,False,True,False,True,True,False,False,False,8323.199999999999
0,64,86.8,5327.25,0,False,True,True,True,False,True,True,False,False,True,False,False,False,False,False,True,False,False,False,False,False,False,True,False,False,False,5555.2
0,2,19.4,50.6,0,True,False,False,True,False,False,False,True,True,False,True,False,True,False,True,False,True,False,True,False,False,False,False,False,False,True,38.8
0,68,90.8,6302.85,0,True,True,False,True,False,True,False,False,False,True,False,True,False,True,False,True,False,True,False,True,False,True,True,True,False,False,6174.4
0,1,102.45,102.45,1,False,True,True,True,False,True,True,False,False,True,False,False,False,True,False,False,False,True,False,True,False,False,True,False,True,False,102.45
0,59,20.35,1267.0,0,False,True,False,True,False,False,False,True,True,False,True,False,True,False,True,False,True,False,True,False,True,False,False,False,False,True,1200.65
0,50,98.25,4858.7,0,True,True,False,True,False,True,True,False,False,False,False,True,False,False,False,False,False,True,False,True,True,False,True,False,True,False,4912.5
0,72,110.45,8058.85,0,False,True,True,True,False,True,True,False,False,True,False,False,False,True,False,True,False,True,False,True,False,True,True,False,False,False,7952.400000000001
0,57,94.7,5468.95,0,False,False,False,True,False,True,True,False,False,False,False,True,False,False,False,True,False,False,False,True,True,False,False,False,True,False,5397.900000000001
1,18,20.35,369.6,0,False,False,False,True,False,False,False,True,True,False,True,False,True,False,True,False,True,False,True,False,True,False,False,False,False,False,366.3
0,62,115.05,7133.45,0,False,False,False,True,False,True,True,False,False,True,False,True,False,True,False,True,False,True,False,True,True,False,True,True,False,False,7133.099999999999
0,24,20.1,533.9,0,True,True,False,True,False,False,False,True,True,False,True,False,True,False,True,False,True,False,True,False,True,False,False,False,False,True,482.40000000000003
0,37,40.2,1448.8,1,True,True,True,False,True,False,False,False,False,True,False,True,False,True,False,False,False,False,False,False,False,False,False,False,False,False,1487.4
0,5,85.75,470.95,1,False,True,True,True,False,False,True,False,False,False,False,False,False,False,False,True,False,True,False,False,False,False,True,False,True,False,428.75
0,3,69.55,222.3,1,False,False,False,True,False,False,True,False,False,False,False,False,False,False,False,False,False,False,False,False,False,False,True,False,False,False,208.64999999999998
0,29,75.3,2263.4,0,True,True,False,True,False,False,True,False,False,False,False,False,False,True,False,False,False,False,False,False,False,False,True,True,False,False,2183.7
0,31,49.2,1498.55,0,False,True,False,True,False,False,False,False,False,False,False,False,False,False,False,True,False,False,False,False,False,False,True,False,False,True,1525.2
0,24,20.8,469.65,0,True,True,True,True,False,False,False,True,True,False,True,False,True,False,True,False,True,False,True,False,True,False,True,True,False,False,499.20000000000005
0,18,74.8,1438.05,0,False,True,False,True,False,False,True,False,False,True,False,False,False,False,False,False,False,False,False,False,False,False,False,False,True,False,1346.3999999999999
0,17,91.85,1574.45,1,False,True,True,True,False,False,True,False,False,True,False,False,False,False,False,True,False,True,False,False,False,False,False,False,True,False,1561.4499999999998
0,69,66.9,4577.9,0,False,False,False,True,False,True,False,False,False,True,False,True,False,False,False,True,False,False,False,False,False,True,True,False,False,True,4616.1
0,48,19.95,936.7,0,False,False,True,True,False,False,False,True,True,False,True,False,True,False,True,False,True,False,True,False,True,False,False,False,False,True,957.5999999999999
0,54,20.4,1090.6,0,True,True,True,True,False,False,False,True,True,False,True,False,True,False,True,False,True,False,True,False,False,True,False,True,False,False,1101.6
0,13,78.75,995.35,0,False,False,False,True,False,True,False,False,False,True,False,False,False,True,False,False,False,True,False,True,False,False,True,False,True,False,1023.75
1,22,85.35,1961.6,0,False,True,True,True,False,True,True,False,False,False,False,False,False,False,False,False,False,True,False,False,False,False,False,False,False,False,1877.6999999999998
0,18,25.15,476.8,0,True,False,False,False,True,False,False,False,False,False,False,False,False,False,False,False,False,False,False,False,False,False,False,False,False,True,452.7
0,16,90.7,1374.9,0,False,True,False,True,False,True,True,False,False,True,False,True,False,True,False,False,False,False,False,False,False,False,False,False,True,False,1451.2
0,5,80.6,415.55,1,True,False,False,True,False,False,True,False,False,False,False,False,False,False,False,False,False,True,False,False,False,False,True,False,True,False,403.0
0,53,20.25,1048.45,0,False,False,False,True,False,False,False,True,True,False,True,False,True,False,True,False,True,False,True,False,False,True,False,False,False,True,1073.25
1,44,73.85,3122.4,0,True,False,False,True,False,False,True,False,False,False,False,False,False,True,False,False,False,False,False,False,False,False,False,False,True,False,3249.3999999999996
0,44,100.55,4398.15,1,True,False,False,True,False,False,True,False,False,False,False,True,False,False,False,True,False,True,False,True,False,False,False,False,True,False,4424.2
0,70,89.75,6367.2,0,False,False,False,True,False,True,False,False,False,True,False,True,False,True,False,True,False,True,False,True,False,True,False,True,False,False,6282.5
0,6,105.3,545.2,1,False,True,False,True,False,True,True,False,False,False,False,True,False,True,False,False,False,True,False,True,False,False,True,False,True,False,631.8
0,33,51.45,1758.9,0,False,True,False,True,False,False,False,False,False,False,False,False,False,False,False,True,False,False,False,False,True,False,True,False,False,True,1697.8500000000001
0,11,20.0,211.95,0,False,False,False,True,False,False,False,True,True,False,True,False,True,False,True,False,True,False,True,False,True,False,False,False,False,True,220.0
0,72,24.45,1709.1,0,False,True,True,True,False,True,False,True,True,False,True,False,True,False,True,False,True,False,True,False,False,True,False,False,False,False,1760.3999999999999
0,9,79.75,769.1,0,False,True,False,True,False,False,True,False,False,False,False,False,False,False,False,False,False,False,False,True,False,False,True,False,True,False,717.75
1,63,36.1,2298.9,0,True,True,False,False,True,False,False,False,False,True,False,False,False,False,False,True,False,False,False,False,True,False,False,False,False,False,2274.3
0,3,20.55,57.4,0,False,False,True,True,False,False,False,True,True,False,True,False,True,False,True,False,True,False,True,False,True,False,True,True,False,False,61.650000000000006
0,66,105.65,6844.5,0,True,False,False,True,False,False,True,False,False,True,False,False,False,True,False,True,False,True,False,True,False,True,True,False,False,False,6972.900000000001
0,66,62.5,4136.4,0,False,False,False,False,True,False,False,False,False,True,False,True,False,True,False,True,False,True,False,True,False,True,True,False,False,False,4125.0
0,1,71.1,71.1,0,False,False,False,True,False,False,True,False,False,False,False,False,False,False,False,False,False,False,False,False,False,False,False,False,False,True,71.1
0,30,94.4,2638.1,0,False,False,False,True,False,False,True,False,False,False,False,False,False,False,False,True,False,True,False,True,True,False,True,False,False,False,2832.0
0,13,70.15,931.75,0,True,False,False,True,False,False,True,False,False,False,False,False,False,False,False,False,False,False,False,False,False,False,True,False,True,False,911.95
0,72,79.5,5661.7,0,False,True,True,True,False,True,False,False,False,True,False,True,False,True,False,True,False,False,False,True,False,True,True,False,False,False,5724.0
0,8,55.75,446.8,0,False,True,True,True,False,True,False,False,False,False,False,True,False,False,False,False,False,False,False,False,False,False,False,False,True,False,446.0
0,28,106.1,2847.4,1,True,True,True,True,False,True,True,False,False,True,False,True,False,False,False,False,False,True,False,True,True,False,False,False,True,False,2970.7999999999997
0,65,105.05,6914.95,0,False,True,False,True,False,True,True,False,False,True,False,False,False,True,False,False,False,True,False,True,False,False,True,False,True,False,6828.25
1,11,82.9,880.05,0,False,True,False,True,False,False,True,False,False,False,False,False,False,False,False,True,False,True,False,False,False,False,True,False,True,False,911.9000000000001
0,26,19.2,459.6,0,False,True,False,True,False,False,False,True,True,False,True,False,True,False,True,False,True,False,True,False,True,False,False,False,False,True,499.2
1,59,50.25,2997.45,0,True,True,False,False,True,False,False,False,False,False,False,True,False,False,False,False,False,True,False,True,False,False,True,False,True,False,2964.75
0,67,19.4,1284.2,0,True,True,True,True,False,False,False,True,True,False,True,False,True,False,True,False,True,False,True,False,False,True,True,True,False,False,1299.8
0,71,19.85,1379.6,0,False,True,False,True,False,False,False,True,True,False,True,False,True,False,True,False,True,False,True,False,False,True,False,True,False,False,1409.3500000000001
1,57,71.1,4140.1,0,True,True,False,True,False,True,False,False,False,False,False,True,False,True,False,False,False,True,False,False,True,False,True,True,False,False,4052.7
0,71,47.05,3263.6,0,False,True,False,False,True,False,False,False,False,False,False,False,False,True,False,True,False,False,False,True,False,True,True,False,True,False,3340.5499999999997
0,57,20.55,1252.85,0,True,False,False,True,False,False,False,True,True,False,True,False,True,False,True,False,True,False,True,False,False,True,False,True,False,False,1171.3500000000001
0,72,26.1,1851.45,0,True,True,True,True,False,True,False,True,True,False,True,False,True,False,True,False,True,False,True,False,False,True,False,False,False,True,1879.2
0,1,75.35,75.35,0,True,True,False,True,False,False,True,False,False,False,False,False,False,True,False,False,False,False,False,False,False,False,False,True,False,False,75.35
1,15,96.5,1392.25,0,True,True,False,True,False,True,True,False,False,True,False,False,False,True,False,False,False,True,False,False,False,False,True,False,True,False,1447.5
0,4,80.15,319.85,0,False,False,False,True,False,True,True,False,False,True,False,False,False,False,False,False,False,False,False,False,False,False,True,False,True,False,320.6
0,23,44.95,996.85,0,False,False,False,False,True,False,False,False,False,False,False,False,False,False,False,False,False,True,False,True,False,False,True,False,True,False,1033.8500000000001
1,71,106.8,7623.2,0,True,False,False,True,False,True,True,False,False,False,False,True,False,False,False,True,False,True,False,True,False,True,True,False,True,False,7582.8
0,45,81.3,3541.1,0,False,True,True,True,False,True,False,False,False,True,False,True,False,True,False,True,False,True,False,False,False,False,False,False,False,True,3658.5
0,64,108.5,6880.85,0,True,True,False,True,False,True,True,False,False,True,False,False,False,True,False,True,False,True,False,True,True,False,True,False,False,True,6944.0
0,20,59.2,1191.2,0,True,False,False,True,False,True,False,False,False,True,False,False,False,False,False,True,False,False,False,False,False,False,False,False,False,False,1184.0
0,31,79.85,2404.15,1,False,False,False,True,False,True,True,False,False,False,False,False,False,False,False,True,False,False,False,False,False,False,True,True,False,False,2475.35
1,3,94.85,335.75,0,True,False,False,True,False,True,True,False,False,False,False,False,False,False,False,False,False,True,False,True,False,False,True,False,True,False,284.54999999999995
0,20,20.65,417.5,0,True,True,False,True,False,False,False,True,True,False,True,False,True,False,True,False,True,False,True,False,True,False,False,False,False,True,413.0
0,57,97.55,5598.0,0,True,True,True,True,False,False,True,False,False,False,False,True,False,True,False,False,False,True,False,True,True,False,True,True,False,False,5560.349999999999
1,8,29.4,221.9,1,True,False,False,False,True,False,False,False,False,False,False,False,False,True,False,False,False,False,False,False,False,False,True,False,True,False,235.2
0,33,19.45,600.25,0,True,True,True,True,False,False,False,True,True,False,True,False,True,False,True,False,True,False,True,False,True,False,True,False,False,False,641.85
0,67,54.2,3623.95,0,False,True,True,False,True,False,False,False,False,True,False,True,False,True,False,True,False,True,False,False,False,True,False,True,False,False,3631.4
0,71,82.0,5999.85,0,False,True,True,True,False,False,False,False,False,True,False,False,False,True,False,True,False,True,False,True,False,True,True,True,False,False,5822.0
0,59,64.65,3735.45,0,True,False,False,True,False,False,False,False,False,False,False,False,False,True,False,True,False,True,False,False,False,False,True,False,True,False,3814.3500000000004
0,1,20.45,20.45,0,True,False,False,True,False,False,False,True,True,False,True,False,True,False,True,False,True,False,True,False,False,False,False,False,False,True,20.45
0,57,74.6,4368.95,0,False,True,False,True,False,True,False,False,False,False,False,True,False,True,False,True,False,True,False,False,True,False,False,False,False,False,4252.2
0,1,59.2,59.2,1,False,False,True,True,False,False,False,False,False,False,False,False,False,True,False,False,False,False,False,True,False,False,False,False,True,False,59.2
0,9,99.3,918.75,0,True,False,False,True,False,True,True,False,False,False,False,True,False,False,False,False,False,True,False,True,False,False,True,True,False,False,893.6999999999999
0,4,20.15,68.45,0,False,False,False,True,False,False,False,True,True,False,True,False,True,False,True,False,True,False,True,False,False,False,True,True,False,False,80.6
0,72,88.55,6362.35,0,True,False,False,True,False,True,False,False,False,True,False,True,False,True,False,True,False,True,False,True,False,True,False,True,False,False,6375.599999999999
0,62,106.05,6703.5,0,False,True,True,True,False,True,True,False,False,False,False,True,False,False,False,True,False,True,False,True,True,False,True,True,False,False,6575.099999999999
0,5,80.2,384.25,0,False,False,False,True,False,False,True,False,False,False,False,False,False,False,False,False,False,True,False,False,False,False,False,False,True,False,401.0
0,22,94.95,2142.8,0,True,False,False,True,False,False,True,False,False,False,False,True,False,True,False,True,False,False,False,True,False,False,True,False,False,False,2088.9
0,35,25.45,809.25,0,True,True,True,True,False,True,False,True,True,False,True,False,True,False,True,False,True,False,True,False,False,True,False,False,False,False,890.75
0,12,79.95,1043.4,0,True,False,False,True,False,False,True,False,False,False,False,False,False,False,False,False,False,False,False,True,False,False,True,False,False,False,959.4000000000001
0,28,20.25,535.35,0,False,False,True,True,False,False,False,True,True,False,True,False,True,False,True,False,True,False,True,False,False,False,False,False,False,True,567.0
0,1,20.4,20.4,0,True,False,False,True,False,False,False,True,True,False,True,False,True,False,True,False,True,False,True,False,False,False,False,False,False,True,20.4
0,67,104.1,7040.85,1,True,True,False,True,False,True,True,False,False,False,False,True,False,True,False,False,False,True,False,True,True,False,False,False,True,False,6974.7
0,72,97.75,6991.6,0,True,True,True,True,False,True,True,False,False,True,False,True,False,False,False,True,False,False,False,True,False,True,True,True,False,False,7038.0
0,38,110.7,4428.6,0,True,True,False,True,False,True,True,False,False,True,False,False,False,True,False,True,False,True,False,True,True,False,True,False,True,False,4206.6
0,14,48.8,664.4,0,True,True,False,True,False,False,False,False,False,False,False,False,False,False,False,True,False,False,False,False,False,False,False,False,False,False,683.1999999999999
0,47,86.95,4138.9,0,True,False,False,True,False,False,False,False,False,True,False,True,False,True,False,True,False,True,False,True,True,False,True,False,False,False,4086.65
0,63,24.65,1574.5,0,True,True,True,True,False,True,False,True,True,False,True,False,True,False,True,False,True,False,True,False,False,True,False,True,False,False,1552.9499999999998
0,37,28.6,973.55,1,False,False,False,False,True,False,False,False,False,False,False,False,False,False,False,True,False,False,False,False,False,False,False,True,False,False,1058.2
1,1,74.2,74.2,1,False,False,False,True,False,True,True,False,False,False,False,False,False,False,False,False,False,False,False,False,False,False,True,False,True,False,74.2
0,37,19.85,717.5,0,False,True,False,True,False,False,False,True,True,False,True,False,True,False,True,False,True,False,True,False,True,False,True,False,False,False,734.45
0,9,40.65,328.95,1,True,True,False,False,True,False,False,False,False,False,False,False,False,False,False,True,False,True,False,False,False,False,False,False,False,True,365.84999999999997
0,60,59.8,3561.15,0,True,True,False,True,False,False,False,False,False,True,False,False,False,False,False,False,False,True,False,False,True,False,True,False,False,True,3588.0
0,57,87.55,4884.85,0,False,False,False,True,False,True,True,False,False,True,False,True,False,False,False,True,False,False,False,False,False,False,True,False,False,False,4990.349999999999
0,41,45.2,1841.9,0,False,False,True,True,False,False,False,False,False,False,False,False,False,False,False,False,False,False,False,False,False,False,False,False,False,False,1853.2
0,50,70.8,3478.15,0,False,False,True,True,False,False,False,False,False,True,False,False,False,True,False,True,False,True,False,False,True,False,True,True,False,False,3540.0
0,4,50.8,202.3,0,True,False,False,True,False,False,False,False,False,False,False,False,False,False,False,True,False,False,False,False,False,False,True,False,False,True,203.2
0,9,79.35,661.25,1,True,True,True,True,False,True,True,False,False,False,False,False,False,True,False,False,False,False,False,False,False,False,True,False,False,False,714.15
0,36,95.4,3474.2,0,True,True,False,True,False,True,True,False,False,False,False,False,False,False,False,False,False,True,False,True,False,False,True,False,True,False,3434.4
1,2,24.35,41.85,1,False,False,False,False,True,False,False,False,False,False,False,False,False,False,False,False,False,False,False,False,False,False,False,False,True,False,48.7
0,65,94.55,6078.75,0,True,True,True,True,False,True,True,False,False,True,False,True,False,True,False,True,False,False,False,False,False,True,False,True,False,False,6145.75
0,36,85.85,3003.55,0,False,False,False,True,False,False,False,False,False,True,False,True,False,True,False,True,False,True,False,True,True,False,False,False,False,False,3090.6
0,5,20.15,117.95,0,False,False,False,True,False,False,False,True,True,False,True,False,True,False,True,False,True,False,True,False,False,False,False,False,False,True,100.75
1,71,107.5,7713.55,0,True,True,False,True,False,True,True,False,False,True,False,True,False,True,False,False,False,True,False,True,False,False,True,False,True,False,7632.5
0,3,26.4,121.25,0,True,False,True,True,False,True,False,True,True,False,True,False,True,False,True,False,True,False,True,False,False,True,True,False,False,True,79.19999999999999
0,55,19.7,1140.05,0,False,True,False,True,False,False,False,True,True,False,True,False,True,False,True,False,True,False,True,False,True,False,False,False,True,False,1083.5
0,5,47.15,223.15,1,True,False,False,True,False,True,False,False,False,False,False,False,False,False,False,False,False,False,False,False,False,False,False,False,True,False,235.75
0,1,53.5,53.5,1,True,False,False,True,False,False,False,False,False,False,False,False,False,False,False,False,False,True,False,False,False,False,True,False,False,True,53.5
0,68,80.35,5375.15,0,True,True,True,True,False,False,True,False,False,True,False,False,False,True,False,False,False,False,False,False,False,True,False,True,False,False,5463.799999999999
0,38,83.9,3233.6,1,False,False,False,True,False,False,True,False,False,True,False,True,False,True,False,False,False,False,False,False,False,False,True,True,False,False,3188.2000000000003
1,16,54.1,889.0,0,False,False,False,True,False,True,False,False,False,True,False,False,False,False,False,False,False,False,False,False,False,False,True,False,True,False,865.6
0,67,72.35,4991.5,0,False,False,False,True,False,False,False,False,False,True,False,False,False,True,False,True,False,False,False,True,True,False,True,False,False,False,4847.45
0,72,116.95,8594.4,0,True,True,False,True,False,True,True,False,False,True,False,True,False,True,False,True,False,True,False,True,False,True,True,True,False,False,8420.4
0,21,68.65,1493.2,0,False,False,False,True,False,False,True,False,False,False,False,False,False,False,False,False,False,False,False,False,False,False,True,False,True,False,1441.65
0,4,19.0,78.9,0,True,False,False,True,False,False,False,True,True,False,True,False,True,False,True,False,True,False,True,False,False,False,False,False,False,True,76.0
0,3,29.2,98.5,0,False,False,False,False,True,False,False,False,False,False,False,True,False,False,False,False,False,False,False,False,False,False,False,False,False,True,87.6
0,69,99.35,6856.45,0,True,True,True,True,False,True,True,False,False,False,False,False,False,False,False,True,False,True,False,True,False,True,True,False,True,False,6855.15
1,2,93.85,196.75,1,True,False,False,True,False,True,True,False,False,False,False,False,False,False,False,False,False,True,False,True,False,False,True,False,True,False,187.7
0,70,98.3,6859.5,1,True,True,True,True,False,True,True,False,False,False,False,True,False,False,False,False,False,True,False,True,False,True,False,False,False,False,6881.0
0,1,21.0,21.0,1,False,True,True,True,False,False,False,True,True,False,True,False,True,False,True,False,True,False,True,False,False,False,True,False,True,False,21.0
0,2,19.65,38.8,0,True,False,False,True,False,False,False,True,True,False,True,False,True,False,True,False,True,False,True,False,False,False,True,False,False,True,39.3
0,11,90.6,1020.2,0,True,True,True,True,False,False,True,False,False,False,False,False,False,False,False,False,False,True,False,True,False,False,False,False,True,False,996.5999999999999
0,13,96.65,1244.5,1,False,False,False,True,False,True,True,False,False,True,False,True,False,False,False,False,False,True,False,False,False,False,True,False,True,False,1256.45
0,60,19.65,1161.75,0,True,True,True,True,False,False,False,True,True,False,True,False,True,False,True,False,True,False,True,False,False,True,False,True,False,False,1179.0
1,20,73.65,1463.5,1,True,True,False,True,False,False,True,False,False,False,False,True,False,False,False,False,False,False,False,False,False,False,True,False,True,False,1473.0
0,37,35.8,1316.9,0,True,False,False,False,True,False,False,False,False,False,False,False,False,False,False,False,False,True,False,False,False,True,False,True,False,False,1324.6
0,30,20.7,587.1,0,True,True,False,True,False,False,False,True,True,False,True,False,True,False,True,False,True,False,True,False,True,False,False,True,False,False,621.0
0,60,103.75,5969.95,0,True,True,True,True,False,True,True,False,False,False,False,True,False,False,False,True,False,True,False,True,False,False,True,False,False,False,6225.0
0,35,70.3,2416.55,1,False,True,False,True,False,False,True,False,False,False,False,False,False,False,False,False,False,False,False,False,False,False,True,False,True,False,2460.5
1,50,95.7,4816.7,1,True,False,False,True,False,True,True,False,False,False,False,False,False,False,False,False,False,True,False,True,False,False,True,False,True,False,4785.0
0,71,95.65,6856.95,0,False,True,False,True,False,True,True,False,False,True,False,True,False,False,False,False,False,True,False,False,True,False,False,False,False,True,6791.150000000001
1,8,74.05,600.15,0,False,False,False,True,False,False,True,False,False,False,False,False,False,True,False,False,False,False,False,False,False,False,True,False,False,False,592.4
0,38,24.25,914.4,0,False,False,False,True,False,True,False,True,True,False,True,False,True,False,True,False,True,False,True,False,True,False,True,False,True,False,921.5
0,72,19.85,1434.1,0,True,False,False,True,False,False,False,True,True,False,True,False,True,False,True,False,True,False,True,False,False,True,False,False,False,False,1429.2
1,42,95.55,3930.6,0,False,True,False,True,False,True,True,False,False,False,False,True,False,True,False,False,False,True,False,False,False,False,True,False,True,False,4013.1
0,57,95.0,5535.8,0,False,True,True,True,False,False,True,False,False,False,False,True,False,False,False,False,False,True,False,True,True,False,True,False,True,False,5415.0
0,60,110.8,6640.7,0,False,True,False,True,False,True,True,False,False,False,False,True,False,True,False,True,False,True,False,True,False,True,True,True,False,False,6648.0
0,71,25.35,1847.55,0,True,True,True,True,False,True,False,True,True,False,True,False,True,False,True,False,True,False,True,False,False,True,False,True,False,False,1799.8500000000001
0,11,23.15,245.2,1,True,False,False,True,False,True,False,True,True,False,True,False,True,False,True,False,True,False,True,False,False,False,False,True,False,False,254.64999999999998
0,40,51.1,2092.9,0,True,False,False,True,False,False,False,False,False,False,False,False,False,False,False,True,False,False,False,False,False,False,True,False,True,False,2044.0
0,42,84.35,3571.6,0,False,True,False,True,False,True,False,False,False,True,False,False,False,True,False,True,False,True,False,True,False,True,False,True,False,False,3542.7
0,1,44.45,44.45,1,False,False,False,True,False,False,False,False,False,False,False,False,False,False,False,False,False,False,False,False,False,False,True,False,False,True,44.45
0,47,90.05,4137.2,0,True,True,True,True,False,False,True,False,False,True,False,False,False,True,False,False,False,False,False,True,False,False,False,False,True,False,4232.349999999999
0,50,75.5,4025.6,0,True,True,True,True,False,False,False,False,False,True,False,False,False,False,False,True,False,True,False,True,True,False,False,False,True,False,3775.0
0,10,53.7,521.0,0,True,True,True,False,True,False,False,False,False,True,False,True,False,True,False,True,False,False,False,True,False,True,False,True,False,False,537.0
0,72,85.45,6227.5,0,True,True,False,True,False,True,False,False,False,False,False,True,False,True,False,True,False,True,False,True,False,True,True,True,False,False,6152.400000000001
0,72,99.4,7285.7,0,True,True,False,True,False,True,True,False,False,False,False,True,False,False,False,False,False,True,False,True,False,True,True,False,True,False,7156.8
0,60,89.55,5231.2,0,True,False,False,True,False,True,True,False,False,False,False,False,False,True,False,False,False,True,False,False,False,True,True,False,True,False,5373.0
0,3,75.15,216.75,1,False,True,False,True,False,True,True,False,False,False,False,False,False,False,False,False,False,False,False,False,False,False,True,True,False,False,225.45000000000002
0,2,79.85,152.45,1,True,False,False,True,False,False,True,False,False,False,False,False,False,True,False,True,False,False,False,False,False,False,True,False,True,False,159.7
0,1,80.05,80.05,1,False,True,True,True,False,False,True,False,False,False,False,False,False,False,False,False,False,True,False,False,False,False,True,False,False,True,80.05
0,11,89.2,990.3,0,False,False,False,True,False,True,True,False,False,False,False,False,False,True,False,False,False,True,False,False,False,False,True,False,True,False,981.2
0,49,98.35,4889.2,0,False,True,True,True,False,True,True,False,False,False,False,True,False,False,False,False,False,True,False,True,False,False,True,False,True,False,4819.15
1,70,113.65,7714.65,0,False,True,False,True,False,True,True,False,False,True,False,True,False,True,False,True,False,True,False,True,False,True,True,False,True,False,7955.5
1,2,70.75,154.85,1,False,False,False,True,False,False,True,False,False,False,False,False,False,False,False,False,False,False,False,False,False,False,False,False,True,False,141.5
1,16,98.75,1587.55,1,True,True,False,True,False,True,True,False,False,False,False,False,False,True,False,False,False,True,False,True,False,False,True,False,True,False,1580.0
0,10,99.85,990.9,1,True,True,False,True,False,False,True,False,False,False,False,True,False,False,False,True,False,True,False,True,False,False,True,False,True,False,998.5
0,56,68.75,3815.4,0,False,True,True,True,False,True,False,False,False,True,False,True,False,False,False,False,False,False,False,True,True,False,False,False,False,False,3850.0
0,48,103.85,4946.05,0,False,False,False,True,False,True,True,False,False,False,False,False,False,True,False,True,False,True,False,True,False,False,True,False,True,False,4984.799999999999
1,72,25.0,1802.55,0,True,True,False,True,False,True,False,True,True,False,True,False,True,False,True,False,True,False,True,False,False,True,True,False,False,False,1800.0
0,1,20.9,20.9,1,False,False,False,True,False,False,False,True,True,False,True,False,True,False,True,False,True,False,True,False,False,False,False,False,False,True,20.9
0,29,19.55,521.8,0,False,True,False,True,False,False,False,True,True,False,True,False,True,False,True,False,True,False,True,False,False,True,True,False,False,True,566.95
0,25,25.3,676.35,1,True,False,False,True,False,True,False,True,True,False,True,False,True,False,True,False,True,False,True,False,True,False,False,False,False,False,632.5
0,68,54.45,3674.95,0,False,False,False,True,False,False,False,False,False,True,False,False,False,True,False,False,False,False,False,False,True,False,True,True,False,False,3702.6000000000004
0,2,69.8,146.65,0,True,False,False,True,False,False,True,False,False,False,False,False,False,False,False,False,False,False,False,False,False,False,True,False,True,False,139.6
0,42,77.95,3384.0,1,False,True,True,True,False,False,True,False,False,False,False,False,False,False,False,False,False,True,False,False,False,False,True,True,False,False,3273.9
0,6,20.1,100.35,0,False,True,True,True,False,False,False,True,True,False,True,False,True,False,True,False,True,False,True,False,False,True,False,False,False,True,120.60000000000001
0,18,101.3,1794.65,0,True,False,False,True,False,False,True,False,False,False,False,True,False,True,False,False,False,True,False,True,False,False,False,True,False,False,1823.3999999999999
0,10,70.3,738.2,1,True,True,False,True,False,False,True,False,False,False,False,False,False,False,False,False,False,False,False,False,False,False,True,False,True,False,703.0
0,72,103.65,7634.8,0,True,False,False,True,False,True,True,False,False,False,False,True,False,True,False,False,False,True,False,True,False,True,True,False,True,False,7462.8
0,63,104.8,6597.25,0,True,True,True,True,False,True,True,False,False,False,False,True,False,True,False,False,False,True,False,True,False,True,True,False,False,False,6602.4
0,27,78.2,2078.95,0,False,False,False,True,False,False,False,False,False,False,False,True,False,True,False,True,False,True,False,True,True,False,False,False,False,True,2111.4
0,35,25.4,949.8,0,False,True,True,True,False,True,False,True,True,False,True,False,True,False,True,False,True,False,True,False,False,True,True,True,False,False,889.0
0,18,90.1,1612.75,1,False,False,False,True,False,True,True,False,False,False,False,False,False,False,False,True,False,False,False,True,False,False,True,False,True,False,1621.8
0,11,73.5,791.75,1,True,False,False,True,False,False,True,False,False,True,False,False,False,False,False,False,False,False,False,False,False,False,True,False,True,False,808.5
0,44,20.6,926.0,0,True,True,True,True,False,False,False,True,True,False,True,False,True,False,True,False,True,False,True,False,True,False,False,False,False,False,906.4000000000001
0,19,60.6,1297.8,0,False,False,True,True,False,False,False,False,False,True,False,True,False,True,False,False,False,False,False,False,False,False,True,False,True,False,1151.4
0,72,93.25,6688.95,0,False,True,True,True,False,True,False,False,False,True,False,True,False,True,False,True,False,True,False,True,False,True,True,False,False,False,6714.0
0,18,50.0,892.7,0,False,False,False,True,False,False,False,False,False,False,False,False,False,True,False,False,False,False,False,False,False,False,True,False,False,True,900.0
1,18,49.85,865.75,0,False,False,False,True,False,False,False,False,False,False,False,True,False,False,False,False,False,False,False,False,False,False,True,True,False,False,897.3000000000001
0,71,61.4,4310.35,0,False,True,False,False,True,False,False,False,False,False,False,True,False,True,False,True,False,True,False,True,False,True,True,True,False,False,4359.4
0,30,55.3,1530.6,0,False,False,False,True,False,False,False,False,False,True,False,True,False,False,False,False,False,False,False,False,False,False,True,False,False,False,1659.0
0,28,60.0,1682.05,0,True,True,True,False,True,False,False,False,False,False,False,True,False,True,False,True,False,True,False,True,True,False,True,True,False,False,1680.0
0,37,78.95,2839.65,1,False,True,False,True,False,True,True,False,False,False,False,False,False,True,False,False,False,False,False,False,False,False,True,True,False,False,2921.15
0,18,19.8,342.3,0,True,True,True,True,False,False,False,True,True,False,True,False,True,False,True,False,True,False,True,False,True,False,False,False,False,False,356.40000000000003
0,31,80.55,2471.6,0,False,True,True,True,False,True,False,False,False,False,False,True,False,False,False,True,False,True,False,True,False,True,False,False,False,False,2497.0499999999997
0,5,56.15,291.45,0,True,False,False,True,False,False,False,False,False,False,False,False,False,True,False,True,False,False,False,False,False,False,False,False,True,False,280.75
1,30,77.9,2351.45,0,True,True,False,True,False,True,True,False,False,False,False,False,False,False,False,False,False,False,False,False,False,False,False,False,False,True,2337.0
0,49,71.8,3472.05,0,False,True,False,True,False,True,False,False,False,True,False,True,False,True,False,False,False,False,False,True,True,False,False,False,True,False,3518.2
0,12,45.4,518.9,1,True,False,False,True,False,False,False,False,False,False,False,False,False,False,False,False,False,False,False,False,False,False,True,False,False,False,544.8
0,1,78.05,78.05,1,False,False,False,True,False,False,True,False,False,False,False,False,False,False,False,False,False,True,False,False,False,False,False,False,True,False,78.05
0,4,89.6,365.65,1,False,False,True,True,False,True,True,False,False,False,False,True,False,False,False,False,False,True,False,False,False,False,False,False,False,True,358.4
0,3,20.55,51.15,1,True,True,False,True,False,False,False,True,True,False,True,False,True,False,True,False,True,False,True,False,False,False,True,True,False,False,61.650000000000006
0,3,79.4,244.65,1,False,False,False,True,False,False,True,False,False,False,False,False,False,False,False,False,False,True,False,False,False,False,True,False,True,False,238.20000000000002
0,37,65.6,2313.8,0,True,False,False,True,False,False,False,False,False,True,False,True,False,True,False,True,False,False,False,False,False,True,False,False,False,False,2427.2
0,23,66.25,1533.8,0,False,True,True,True,False,False,False,False,False,True,False,True,False,True,False,True,False,False,False,False,True,False,True,False,False,True,1523.75
0,23,79.1,1783.75,0,False,False,False,True,False,False,True,False,False,False,False,True,False,False,False,True,False,False,False,False,False,False,True,False,False,True,1819.3
1,45,100.15,4459.8,0,False,False,False,True,False,True,True,False,False,False,False,False,False,True,False,False,False,True,False,True,True,False,True,False,False,False,4506.75
0,22,20.25,488.25,0,True,True,True,True,False,False,False,True,True,False,True,False,True,False,True,False,True,False,True,False,True,False,False,False,False,False,445.5
0,24,99.65,2404.85,0,True,False,False,True,False,True,True,False,False,False,False,True,False,False,False,False,False,True,False,True,False,False,True,False,False,False,2391.6000000000004
0,48,19.85,916.0,0,True,False,False,True,False,False,False,True,True,False,True,False,True,False,True,False,True,False,True,False,False,True,False,True,False,False,952.8000000000001
0,3,56.15,168.15,1,True,True,True,True,False,False,False,False,False,False,False,True,False,True,False,False,False,False,False,False,False,False,True,False,False,True,168.45
1,8,87.1,713.6,0,False,False,False,True,False,False,True,False,False,False,False,True,False,False,False,False,False,True,False,False,False,False,True,False,True,False,696.8
0,44,53.95,2375.4,1,True,False,False,False,True,False,False,False,False,False,False,True,False,True,False,False,False,True,False,True,True,False,True,False,False,True,2373.8
0,56,90.55,5116.6,0,False,True,False,True,False,True,True,False,False,False,False,True,False,True,False,True,False,False,False,False,False,False,False,False,True,False,5070.8
0,1,20.6,20.6,0,True,False,False,True,False,False,False,True,True,False,True,False,True,False,True,False,True,False,True,False,False,False,False,False,False,True,20.6
0,53,92.55,4779.45,0,True,True,True,True,False,False,True,False,False,False,False,True,False,False,False,True,False,True,False,False,False,False,True,False,True,False,4905.15
0,59,19.3,1192.7,0,True,True,True,True,False,False,False,True,True,False,True,False,True,False,True,False,True,False,True,False,False,True,False,True,False,False,1138.7
0,15,48.85,631.4,0,False,False,False,True,False,True,False,False,False,False,False,False,False,False,False,False,False,False,False,False,False,False,False,False,False,True,732.75
1,49,89.85,4287.2,0,False,False,False,True,False,False,True,False,False,False,False,True,False,True,False,False,False,False,False,True,True,False,True,False,False,False,4402.65
0,39,55.9,2184.35,1,False,True,False,False,True,False,False,False,False,True,False,False,False,True,False,False,False,True,False,True,False,False,False,False,True,False,2180.1
1,44,89.15,3990.75,0,False,False,False,True,False,False,True,False,False,False,False,True,False,True,False,False,False,False,False,True,True,False,False,True,False,False,3922.6000000000004
0,3,53.4,188.7,1,True,False,False,True,False,False,False,False,False,False,False,False,False,False,False,False,False,True,False,False,False,False,False,True,False,False,160.2
1,16,74.3,1178.25,1,True,True,False,True,False,False,True,False,False,False,False,True,False,False,False,False,False,False,False,False,False,False,True,True,False,False,1188.8
0,5,65.6,339.9,0,True,False,False,True,False,False,False,False,False,False,False,True,False,False,False,True,False,False,False,True,False,False,True,False,False,False,328.0
0,37,100.3,3541.4,0,False,False,False,True,False,True,True,False,False,False,False,False,False,False,False,True,False,True,False,True,False,False,False,True,False,False,3711.1
0,9,50.85,466.6,0,False,True,False,True,False,False,False,False,False,False,False,True,False,False,False,False,False,False,False,False,False,False,False,False,False,True,457.65000000000003
0,35,19.85,739.35,0,False,True,True,True,False,False,False,True,True,False,True,False,True,False,True,False,True,False,True,False,False,True,True,False,False,True,694.75
0,7,86.25,587.1,1,False,True,False,True,False,False,True,False,False,False,False,False,False,True,False,False,False,True,False,False,False,False,True,False,True,False,603.75
0,1,20.2,20.2,1,False,False,False,True,False,False,False,True,True,False,True,False,True,False,True,False,True,False,True,False,False,False,True,False,False,False,20.2
0,29,25.1,712.85,1,False,False,False,False,True,False,False,False,False,False,False,False,False,False,False,False,False,False,False,False,False,False,True,True,False,False,727.9000000000001
0,51,95.15,5000.05,0,False,True,True,True,False,True,True,False,False,True,False,False,False,False,False,True,False,True,False,False,True,False,True,False,False,True,4852.650000000001
0,58,70.1,4048.95,0,True,False,False,True,False,False,False,False,False,False,False,True,False,True,False,True,False,True,False,False,False,True,False,False,False,False,4065.7999999999997
0,72,108.5,8003.8,0,False,True,False,True,False,True,True,False,False,False,False,True,False,True,False,True,False,True,False,True,True,False,True,False,False,False,7812.0
0,4,38.55,156.1,0,True,True,True,False,True,False,False,False,False,True,False,False,False,False,False,False,False,True,False,False,False,False,False,True,False,False,154.2
0,64,111.45,7266.95,0,False,True,True,True,False,True,True,False,False,False,False,True,False,True,False,True,False,True,False,True,True,False,True,False,True,False,7132.8
1,68,80.35,5589.3,0,True,True,False,True,False,True,True,False,False,False,False,False,False,True,False,False,False,False,False,False,False,False,True,True,False,False,5463.799999999999
1,62,96.1,6019.35,0,False,True,True,True,False,True,True,False,False,False,False,True,False,True,False,False,False,False,False,True,False,False,True,True,False,False,5958.2
0,37,92.95,3415.25,0,True,True,True,True,False,True,True,False,False,False,False,True,False,True,False,False,False,True,False,False,False,False,True,False,True,False,3439.15
0,43,19.65,779.25,0,False,False,False,True,False,False,False,True,True,False,True,False,True,False,True,False,True,False,True,False,False,True,True,False,False,False,844.9499999999999
0,65,91.55,5963.95,0,False,True,True,True,False,True,False,False,False,True,False,True,False,True,False,True,False,True,False,True,False,True,False,False,False,False,5950.75
0,1,61.15,61.15,0,True,False,False,True,False,True,False,False,False,True,False,True,False,False,False,False,False,False,False,False,False,False,False,False,True,False,61.15
0,27,66.15,1874.45,0,False,True,True,True,False,False,False,False,False,True,False,True,False,True,False,True,False,False,False,False,True,False,False,False,False,True,1786.0500000000002
0,57,19.5,1167.6,0,False,True,True,True,False,False,False,True,True,False,True,False,True,False,True,False,True,False,True,False,False,True,False,False,False,False,1111.5
0,1,20.55,20.55,1,False,True,True,True,False,False,False,True,True,False,True,False,True,False,True,False,True,False,True,False,False,False,False,False,False,True,20.55
0,43,40.45,1912.85,0,True,False,True,False,True,False,False,False,False,True,False,True,False,True,False,False,False,False,False,False,False,False,True,False,True,False,1739.3500000000001
0,48,111.8,5443.65,0,True,True,True,True,False,True,True,False,False,True,False,True,False,True,False,True,False,True,False,True,False,True,False,True,False,False,5366.4
0,41,111.15,4507.15,0,True,False,True,True,False,False,True,False,False,True,False,True,False,True,False,True,False,True,False,True,False,True,True,False,True,False,4557.150000000001
0,68,90.2,6297.65,0,False,True,False,True,False,True,True,False,False,False,False,True,False,True,False,True,False,False,False,False,False,True,False,True,False,False,6133.6
0,15,48.85,736.8,0,False,False,False,True,False,False,False,False,False,False,False,True,False,False,False,False,False,False,False,False,False,False,False,False,True,False,732.75
1,8,94.45,742.95,1,False,False,False,True,False,False,True,False,False,False,False,False,False,True,False,False,False,True,False,True,False,False,True,True,False,False,755.6
1,3,25.3,77.75,1,False,False,False,False,True,False,False,False,False,False,False,False,False,False,False,False,False,False,False,False,False,False,False,False,True,False,75.9
1,55,90.45,5044.8,0,False,True,False,True,False,True,True,False,False,False,False,True,False,True,False,True,False,False,False,False,False,False,False,False,True,False,4974.75
0,1,19.65,19.65,0,False,False,False,True,False,False,False,True,True,False,True,False,True,False,True,False,True,False,True,False,False,False,False,False,False,True,19.65
1,16,71.8,1167.8,1,True,True,False,True,False,False,True,False,False,False,False,False,False,False,False,False,False,False,False,False,False,False,True,False,False,False,1148.8
0,39,80.0,3182.95,1,True,True,True,True,False,False,False,False,False,True,False,False,False,True,False,True,False,True,False,True,True,False,False,True,False,False,3120.0
0,10,94.85,953.45,1,False,False,False,True,False,True,True,False,False,False,False,True,False,True,False,False,False,False,False,True,False,False,True,False,True,False,948.5
0,46,108.9,4854.3,0,False,True,False,True,False,True,True,False,False,False,False,True,False,True,False,True,False,True,False,True,False,True,True,True,False,False,5009.400000000001
0,12,56.3,628.65,0,True,True,True,True,False,False,False,False,False,False,False,False,False,False,False,False,False,True,False,False,False,False,True,False,False,True,675.5999999999999
0,41,20.65,835.15,0,False,False,False,True,False,False,False,True,True,False,True,False,True,False,True,False,True,False,True,False,False,True,False,False,False,True,846.65
0,65,109.15,6941.2,1,True,False,False,True,False,True,True,False,False,False,False,True,False,True,False,True,False,True,False,True,False,False,True,False,True,False,7094.75
0,21,79.2,1742.45,0,False,True,False,True,False,False,True,False,False,False,False,False,False,True,False,True,False,False,False,False,True,False,False,False,True,False,1663.2
1,4,99.8,442.85,1,False,False,False,True,False,False,True,False,False,False,False,True,False,True,False,False,False,True,False,True,False,False,True,True,False,False,399.2
1,72,89.85,6697.35,0,False,True,False,True,False,True,False,False,False,True,False,True,False,True,False,True,False,True,False,True,False,True,True,False,False,False,6469.2
0,47,24.55,1160.45,0,True,True,True,True,False,True,False,True,True,False,True,False,True,False,True,False,True,False,True,False,False,True,False,False,False,True,1153.8500000000001
0,43,84.25,3539.25,0,True,True,False,True,False,False,True,False,False,True,False,False,False,True,False,True,False,False,False,False,True,False,True,False,False,False,3622.75
0,72,113.1,8248.5,0,False,True,True,True,False,True,True,False,False,True,False,True,False,True,False,True,False,True,False,True,False,True,True,False,False,False,8143.2
0,67,111.25,7511.65,0,False,True,False,True,False,True,True,False,False,True,False,False,False,True,False,True,False,True,False,True,True,False,True,False,True,False,7453.75
0,6,89.3,577.6,1,False,False,False,True,False,False,True,False,False,False,False,False,False,False,False,False,False,True,False,True,False,False,False,False,True,False,535.8
0,60,70.15,4224.7,0,False,False,False,True,False,False,False,False,False,False,False,True,False,True,False,True,False,True,False,False,True,False,True,True,False,False,4209.0
1,40,98.15,4116.8,0,True,True,False,True,False,False,True,False,False,True,False,True,False,True,False,True,False,True,False,False,True,False,True,True,False,False,3926.0
0,66,90.95,5930.05,0,False,False,True,True,False,True,True,False,False,True,False,False,False,True,False,True,False,False,False,False,False,True,True,True,False,False,6002.7
1,52,49.15,2550.9,1,True,False,False,False,True,False,False,False,False,False,False,True,False,False,False,False,False,True,False,True,False,False,True,False,True,False,2555.7999999999997
0,1,93.85,93.85,1,False,False,False,True,False,True,True,False,False,False,False,False,False,False,False,False,False,True,False,True,False,False,True,False,True,False,93.85
0,58,93.4,5435.6,1,False,True,True,True,False,True,True,False,False,True,False,True,False,False,False,False,False,False,False,True,False,False,True,False,False,False,5417.200000000001
0,72,63.8,4684.3,0,False,True,True,False,True,False,False,False,False,True,False,True,False,True,False,True,False,True,False,True,False,True,True,False,False,False,4593.599999999999
1,35,95.45,3474.05,1,True,False,False,True,False,True,True,False,False,False,False,False,False,False,False,False,False,True,False,True,False,False,True,False,True,False,3340.75
0,72,20.5,1502.25,0,False,True,False,True,False,False,False,True,True,False,True,False,True,False,True,False,True,False,True,False,False,True,False,True,False,False,1476.0
0,51,69.15,3649.6,0,False,True,False,True,False,False,True,False,False,False,False,False,False,False,False,False,False,False,False,False,False,False,False,False,False,True,3526.65
0,69,19.3,1447.9,0,True,False,False,True,False,False,False,True,True,False,True,False,True,False,True,False,True,False,True,False,False,True,True,False,False,False,1331.7
0,69,99.5,6841.45,0,True,True,False,True,False,True,True,False,False,False,False,False,False,True,False,False,False,True,False,True,True,False,False,False,False,False,6865.5
0,11,20.3,246.3,0,False,False,False,True,False,False,False,True,True,False,True,False,True,False,True,False,True,False,True,False,False,False,False,False,False,False,223.3
0,1,24.2,24.2,0,True,False,True,False,True,False,False,False,False,False,False,False,False,False,False,False,False,False,False,False,False,False,False,False,False,True,24.2
1,3,105.0,294.45,1,True,False,False,True,False,True,True,False,False,False,False,True,False,True,False,False,False,True,False,True,False,False,True,False,True,False,315.0
0,37,99.2,3754.6,1,False,True,False,True,False,True,True,False,False,True,False,False,False,True,False,True,False,False,False,True,True,False,True,False,True,False,3670.4
1,4,25.2,102.5,1,True,False,False,False,True,False,False,False,False,False,False,False,False,False,False,False,False,False,False,False,False,False,True,False,False,False,100.8
1,67,94.65,6079.0,0,True,True,False,True,False,True,True,False,False,False,False,False,False,False,False,False,False,True,False,True,False,False,True,True,False,False,6341.55
0,25,85.9,2199.05,0,True,True,True,True,False,False,True,False,False,False,False,False,False,False,False,True,False,True,False,False,False,False,False,False,True,False,2147.5
0,72,92.0,6632.75,0,True,False,False,True,False,True,False,False,False,True,False,True,False,True,False,True,False,True,False,True,False,True,False,False,False,False,6624.0
0,8,51.3,411.6,0,True,True,True,True,False,False,False,False,False,True,False,False,False,False,False,False,False,False,False,False,False,False,True,True,False,False,410.4
0,10,80.25,846.0,1,False,False,False,True,False,False,True,False,False,False,False,False,False,False,False,False,False,False,False,True,False,False,True,False,False,False,802.5
0,6,20.15,130.5,0,True,False,False,True,False,False,False,True,True,False,True,False,True,False,True,False,True,False,True,False,False,False,False,False,False,False,120.89999999999999
1,52,80.85,4079.55,0,True,True,True,True,False,True,False,False,False,False,False,True,False,True,False,False,False,True,False,True,True,False,True,False,True,False,4204.2
0,70,25.35,1715.15,0,True,True,True,True,False,True,False,True,True,False,True,False,True,False,True,False,True,False,True,False,False,True,False,False,False,True,1774.5
1,70,92.2,6474.45,0,False,True,False,True,False,True,False,False,False,True,False,True,False,True,False,True,False,True,False,True,False,True,True,False,False,False,6454.0
0,58,25.3,1474.35,0,True,False,False,True,False,True,False,True,True,False,True,False,True,False,True,False,True,False,True,False,False,True,True,True,False,False,1467.4
0,70,77.3,5498.2,0,True,True,False,True,False,True,False,False,False,True,False,False,False,True,False,True,False,False,False,True,False,True,False,True,False,False,5411.0
0,72,19.7,1379.8,0,False,True,True,True,False,False,False,True,True,False,True,False,True,False,True,False,True,False,True,False,False,True,False,True,False,False,1418.3999999999999
0,66,49.4,3251.85,0,False,True,True,True,False,False,False,False,False,False,False,False,False,False,False,True,False,False,False,False,True,False,True,True,False,False,3260.4
0,16,35.5,552.7,0,False,True,True,False,True,False,False,False,False,False,False,False,False,False,False,False,False,False,False,True,False,False,True,True,False,False,568.0
0,35,59.45,2136.9,0,False,True,True,True,False,True,False,False,False,True,False,True,False,False,False,False,False,False,False,False,False,False,True,True,False,False,2080.75
1,65,95.45,6223.3,0,False,False,False,True,False,True,True,False,False,False,False,True,False,True,False,False,False,True,False,False,False,False,True,False,False,False,6204.25
1,2,43.95,85.1,0,False,False,False,True,False,False,False,False,False,False,False,False,False,False,False,False,False,False,False,False,False,False,False,False,True,False,87.9
0,30,48.8,1536.75,0,False,False,False,True,False,False,False,False,False,True,False,False,False,False,False,False,False,False,False,False,False,False,True,False,False,True,1464.0
0,14,89.95,1178.4,1,True,False,False,True,False,True,True,False,False,False,False,False,False,False,False,True,False,True,False,False,False,False,True,False,True,False,1259.3
0,7,20.25,174.7,0,True,True,True,True,False,False,False,True,True,False,True,False,True,False,True,False,True,False,True,False,False,False,True,False,False,False,141.75
0,2,79.0,143.65,1,True,False,False,True,False,False,True,False,False,False,False,False,False,False,False,False,False,True,False,False,False,False,False,False,True,False,158.0
0,66,85.25,5538.35,0,True,True,False,True,False,True,False,False,False,True,False,True,False,False,False,True,False,True,False,True,False,True,False,False,True,False,5626.5
0,3,20.75,67.1,0,True,False,False,True,False,False,False,True,True,False,True,False,True,False,True,False,True,False,True,False,False,False,True,True,False,False,62.25
0,1,19.75,19.75,1,True,False,True,True,False,False,False,True,True,False,True,False,True,False,True,False,True,False,True,False,False,False,False,False,False,True,19.75
0,68,64.1,4326.25,0,False,True,False,True,False,False,False,False,False,False,False,True,False,False,False,True,False,True,False,False,False,True,False,False,False,False,4358.799999999999
0,10,86.45,830.85,1,False,False,False,True,False,True,True,False,False,False,False,False,False,False,False,False,False,False,False,True,False,False,False,False,True,False,864.5
0,49,100.45,4941.8,1,False,True,True,True,False,True,True,False,False,False,False,True,False,False,False,False,False,True,False,True,True,False,False,False,False,True,4922.05
0,23,20.3,470.6,0,False,False,False,True,False,False,False,True,True,False,True,False,True,False,True,False,True,False,True,False,False,False,True,False,False,False,466.90000000000003
1,13,96.85,1235.55,0,False,False,False,True,False,False,True,False,False,False,False,False,False,True,False,False,False,True,False,True,False,False,True,False,True,False,1259.05
0,65,19.85,1267.05,0,True,True,True,True,False,False,False,True,True,False,True,False,True,False,True,False,True,False,True,False,False,True,True,True,False,False,1290.25
1,28,35.9,973.65,0,False,True,True,False,True,False,False,False,False,False,False,False,False,False,False,False,False,True,False,False,False,False,True,False,True,False,1005.1999999999999
1,2,89.5,161.5,1,False,False,False,True,False,True,True,False,False,False,False,True,False,False,False,False,False,False,False,True,False,False,False,False,True,False,179.0
0,9,75.6,661.55,0,True,False,False,True,False,False,True,False,False,True,False,False,False,False,False,False,False,False,False,False,False,False,False,False,True,False,680.4
0,54,109.55,6118.95,0,True,True,False,True,False,True,True,False,False,True,False,True,False,True,False,False,False,True,False,True,False,False,False,False,True,False,5915.7
0,25,61.6,1611.0,0,True,True,True,True,False,False,False,False,False,True,False,True,False,True,False,False,False,False,False,False,True,False,True,False,False,False,1540.0
0,19,20.5,398.55,0,False,False,True,True,False,False,False,True,True,False,True,False,True,False,True,False,True,False,True,False,False,True,False,False,False,True,389.5
0,71,85.45,6028.95,0,True,False,True,True,False,True,True,False,False,True,False,True,False,False,False,False,False,False,False,False,True,False,True,True,False,False,6066.95
0,36,20.35,695.85,0,True,False,False,True,False,False,False,True,True,False,True,False,True,False,True,False,True,False,True,False,True,False,True,True,False,False,732.6
0,16,19.75,294.9,0,True,False,False,True,False,False,False,True,True,False,True,False,True,False,True,False,True,False,True,False,False,False,False,True,False,False,316.0
0,25,24.75,692.1,1,False,False,False,True,False,True,False,True,True,False,True,False,True,False,True,False,True,False,True,False,False,True,False,True,False,False,618.75
0,59,81.25,4639.45,0,False,True,False,True,False,False,True,False,False,True,False,False,False,True,False,False,False,False,False,False,True,False,True,True,False,False,4793.75
0,71,23.9,1626.4,0,True,True,True,True,False,True,False,True,True,False,True,False,True,False,True,False,True,False,True,False,False,True,False,True,False,False,1696.8999999999999
1,46,95.25,4424.2,1,False,False,False,True,False,False,True,False,False,False,False,True,False,False,False,False,False,True,False,True,True,False,False,True,False,False,4381.5
0,16,68.25,1114.85,0,False,True,True,True,False,False,False,False,False,True,False,True,False,False,False,True,False,False,False,True,False,True,False,False,False,False,1092.0
0,49,95.6,4783.5,1,False,True,True,True,False,True,True,False,False,False,False,False,False,False,False,False,False,True,False,True,False,False,True,False,True,False,4684.4
0,24,84.8,1990.5,0,True,True,True,True,False,True,False,False,False,True,False,False,False,True,False,True,False,True,False,True,True,False,True,False,False,True,2035.1999999999998
0,2,42.6,72.4,1,False,False,False,False,True,False,False,False,False,True,False,True,False,False,False,False,False,False,False,True,False,False,True,False,True,False,85.2
0,58,66.8,3970.4,0,False,True,True,True,False,True,False,False,False,False,False,True,False,False,False,False,False,True,False,False,False,False,True,False,False,False,3874.3999999999996
0,1,89.25,89.25,0,True,False,False,True,False,False,True,False,False,False,False,False,False,False,False,False,False,True,False,True,False,False,True,False,True,False,89.25
1,45,86.1,3861.45,0,False,True,False,True,False,False,True,False,False,False,False,False,False,True,False,False,False,False,False,True,False,False,True,False,True,False,3874.4999999999995
0,1,50.5,50.5,1,True,False,False,True,False,False,False,False,False,False,False,False,False,True,False,False,False,False,False,False,False,False,True,False,True,False,50.5
1,8,43.35,371.4,0,True,True,False,False,True,False,False,False,False,False,False,True,False,True,False,False,False,False,False,True,False,False,True,False,False,True,346.8
0,22,90.0,1993.8,1,False,False,False,True,False,True,True,False,False,False,False,False,False,False,False,True,False,True,False,False,False,False,True,False,True,False,1980.0
0,66,115.8,7942.15,0,True,True,False,True,False,True,True,False,False,True,False,True,False,True,False,True,False,True,False,True,True,False,False,False,False,False,7642.8
0,8,74.5,609.9,1,True,True,False,True,False,False,True,False,False,True,False,False,False,False,False,False,False,False,False,False,False,False,True,False,True,False,596.0
0,72,106.1,7848.5,0,True,True,True,True,False,True,True,False,False,True,False,False,False,True,False,False,False,True,False,True,True,False,True,False,False,False,7639.2
0,47,63.8,3007.25,0,False,True,True,True,False,False,False,False,False,False,False,True,False,False,False,True,False,False,False,True,False,True,False,False,False,False,2998.6
0,4,72.2,305.55,1,True,False,False,True,False,True,True,False,False,False,False,False,False,False,False,False,False,False,False,False,False,False,True,False,False,False,288.8
0,29,78.9,2384.15,1,False,False,False,True,False,False,True,False,False,False,False,False,False,False,False,False,False,True,False,False,False,False,True,False,True,False,2288.1000000000004
0,72,116.45,8013.55,0,False,False,False,True,False,True,True,False,False,True,False,True,False,True,False,True,False,True,False,True,False,True,True,False,False,False,8384.4
0,16,84.95,1378.25,1,False,True,False,True,False,True,True,False,False,False,False,False,False,False,False,False,False,True,False,False,False,False,True,False,True,False,1359.2
0,2,79.95,174.45,0,True,False,False,True,False,False,True,False,False,False,False,False,False,False,False,False,False,True,False,False,False,False,True,False,True,False,159.9
0,1,19.5,19.5,1,False,False,False,True,False,False,False,True,True,False,True,False,True,False,True,False,True,False,True,False,False,False,False,False,False,True,19.5
0,68,70.95,4741.45,0,True,True,False,True,False,False,False,False,False,True,False,True,False,True,False,False,False,False,False,True,False,True,False,False,False,False,4824.6
1,33,24.9,847.8,0,True,False,False,True,False,True,False,True,True,False,True,False,True,False,True,False,True,False,True,False,True,False,True,False,False,False,821.6999999999999
0,61,19.4,1182.55,1,False,True,True,True,False,False,False,True,True,False,True,False,True,False,True,False,True,False,True,False,False,False,True,False,False,True,1183.3999999999999
0,23,79.15,1676.95,1,False,False,False,True,False,True,True,False,False,False,False,True,False,False,False,False,False,False,False,False,False,False,True,False,True,False,1820.45
0,19,48.95,955.6,0,True,True,True,True,False,False,False,False,False,True,False,False,False,False,False,False,False,False,False,False,True,False,True,False,False,False,930.0500000000001
0,13,40.55,590.35,0,True,True,True,False,True,False,False,False,False,True,False,True,False,False,False,True,False,False,False,False,False,True,False,False,False,True,527.15
0,21,86.5,1808.7,1,False,True,False,True,False,True,True,False,False,False,False,False,False,False,False,False,False,False,False,True,False,False,True,False,True,False,1816.5
1,62,104.85,6312.9,0,False,True,False,True,False,True,True,False,False,True,False,False,False,True,False,False,False,True,False,True,True,False,True,False,True,False,6500.7
0,29,25.15,702.0,0,False,False,False,True,False,True,False,True,True,False,True,False,True,False,True,False,True,False,True,False,False,False,False,False,True,False,729.3499999999999
1,70,105.35,7511.9,0,True,True,False,True,False,False,True,False,False,True,False,True,False,True,False,False,False,True,False,True,False,True,False,True,False,False,7374.5
0,38,101.15,3956.7,0,True,True,True,True,False,True,True,False,False,False,False,False,False,True,False,False,False,True,False,True,False,False,True,True,False,False,3843.7000000000003
1,31,73.9,2217.15,1,False,False,False,True,False,True,True,False,False,False,False,False,False,False,False,False,False,False,False,False,False,False,True,False,True,False,2290.9
0,1,69.95,69.95,1,True,False,False,True,False,False,True,False,False,False,False,False,False,False,False,False,False,False,False,False,False,False,False,False,True,False,69.95
0,1,43.95,43.95,1,False,False,False,True,False,False,False,False,False,False,False,False,False,False,False,False,False,False,False,False,False,False,False,False,False,True,43.95
0,71,66.2,4692.55,0,True,True,True,True,False,True,False,False,False,True,False,False,False,False,False,False,False,True,False,False,True,False,True,False,True,False,4700.2
0,4,19.55,68.8,0,True,True,True,True,False,False,False,True,True,False,True,False,True,False,True,False,True,False,True,False,False,True,False,True,False,False,78.2
0,2,80.75,159.45,1,False,False,False,True,False,False,True,False,False,False,False,False,False,False,False,False,False,False,False,True,False,False,False,False,True,False,161.5
0,4,64.4,253.0,0,False,False,False,True,False,True,False,False,False,False,False,False,False,False,False,True,False,True,False,False,False,False,True,False,False,True,257.6
0,69,99.15,6875.35,0,False,True,False,True,False,True,True,False,False,True,False,False,False,False,False,False,False,True,False,True,False,True,False,False,False,False,6841.35
0,64,81.25,5567.55,0,True,False,False,True,False,True,False,False,False,True,False,True,False,True,False,True,False,True,False,False,True,False,False,False,True,False,5200.0
0,60,79.0,4801.1,0,True,False,False,True,False,False,False,False,False,True,False,False,False,True,False,True,False,True,False,True,True,False,False,False,False,True,4740.0
1,1,69.95,69.95,1,False,False,False,True,False,False,True,False,False,False,False,False,False,False,False,False,False,False,False,False,False,False,True,False,True,False,69.95
0,63,105.4,6713.2,0,True,False,False,True,False,True,True,False,False,False,False,True,False,False,False,True,False,True,False,True,False,False,False,False,True,False,6640.200000000001
0,35,19.25,677.9,0,True,False,False,True,False,False,False,True,True,False,True,False,True,False,True,False,True,False,True,False,False,True,False,False,False,True,673.75
1,17,76.45,1233.4,1,True,True,False,True,False,False,True,False,False,False,False,True,False,False,False,False,False,False,False,False,False,False,True,False,True,False,1299.65
0,63,97.45,6253.0,0,False,False,False,True,False,True,True,False,False,False,False,True,False,False,False,False,False,True,False,True,False,True,False,False,False,False,6139.35
1,19,66.4,1286.05,0,True,True,False,True,False,False,False,False,False,True,False,False,False,True,False,False,False,True,False,False,False,False,False,False,False,False,1261.6000000000001
0,21,111.2,2317.1,1,True,True,False,True,False,True,True,False,False,False,False,True,False,True,False,True,False,True,False,True,False,False,True,False,True,False,2335.2000000000003
1,57,95.3,5567.45,0,False,True,True,True,False,False,True,False,False,False,False,True,False,True,False,True,False,True,False,False,False,False,True,True,False,False,5432.099999999999
0,8,49.55,393.45,0,True,True,False,True,False,False,False,False,False,False,False,True,False,False,False,False,False,False,False,False,False,False,True,False,False,False,396.4
0,6,20.65,109.3,0,True,False,False,True,False,False,False,True,True,False,True,False,True,False,True,False,True,False,True,False,False,False,False,False,False,True,123.89999999999999
0,66,61.35,4193.4,0,False,False,False,False,True,False,False,False,False,True,False,False,False,True,False,True,False,True,False,True,False,True,True,False,False,False,4049.1
0,63,75.55,4707.85,0,False,True,True,True,False,False,False,False,False,True,False,True,False,True,False,True,False,True,False,False,False,True,False,True,False,False,4759.65
0,28,92.2,2568.15,0,True,True,True,True,False,True,True,False,False,False,False,False,False,False,False,False,False,True,False,True,True,False,False,False,False,False,2581.6
0,23,75.0,1778.5,0,False,False,False,True,False,False,True,False,False,True,False,False,False,False,False,False,False,False,False,False,False,False,True,False,False,False,1725.0
0,29,19.85,573.05,0,False,True,False,True,False,False,False,True,True,False,True,False,True,False,True,False,True,False,True,False,False,False,False,False,False,True,575.6500000000001
1,18,80.55,1411.65,0,True,False,False,True,False,True,True,False,False,False,False,True,False,False,False,False,False,False,False,False,False,False,True,True,False,False,1449.8999999999999
0,53,46.3,2546.85,0,True,False,False,False,True,False,False,False,False,True,False,True,False,False,False,False,False,False,False,True,False,False,True,False,False,False,2453.8999999999996
0,10,70.3,676.15,0,False,True,True,True,False,True,False,False,False,True,False,True,False,False,False,False,False,True,False,False,True,False,False,False,True,False,703.0
0,39,49.8,1971.15,0,True,False,False,True,False,False,False,False,False,False,False,False,False,False,False,True,False,False,False,False,False,True,True,False,False,False,1942.1999999999998
0,17,75.4,1322.55,0,False,True,False,True,False,True,False,False,False,False,False,True,False,False,False,False,False,True,False,True,False,False,True,False,False,False,1281.8000000000002
0,37,91.2,3247.55,0,True,True,True,True,False,False,True,False,False,False,False,False,False,False,False,False,False,True,False,True,True,False,False,True,False,False,3374.4
0,33,20.1,670.35,0,False,True,True,True,False,False,False,True,True,False,True,False,True,False,True,False,True,False,True,False,False,True,False,False,False,True,663.3000000000001
0,19,89.35,1686.85,0,False,True,True,True,False,True,True,False,False,False,False,False,False,False,False,True,False,False,False,True,True,False,True,False,False,False,1697.6499999999999
0,7,61.4,438.9,0,False,False,False,True,False,False,False,False,False,True,False,True,False,True,False,False,False,False,False,False,False,False,False,False,True,False,429.8
0,9,72.9,651.4,1,False,False,True,True,False,False,False,False,False,False,False,False,False,True,False,True,False,True,False,True,False,False,True,False,False,True,656.1
1,59,64.05,3886.85,0,True,True,False,False,True,False,False,False,False,True,False,False,False,True,False,True,False,True,False,True,False,True,True,True,False,False,3778.95
0,55,103.7,5656.75,0,False,True,True,True,False,False,True,False,False,False,False,True,False,True,False,True,False,True,False,True,True,False,True,False,False,False,5703.5
0,4,94.4,387.2,1,False,False,False,True,False,False,True,False,False,True,False,False,False,True,False,True,False,False,False,True,False,False,True,False,False,False,377.6
0,57,20.75,1123.15,0,True,True,True,True,False,False,False,True,True,False,True,False,True,False,True,False,True,False,True,False,False,True,False,False,False,True,1182.75
0,68,114.9,7843.55,0,False,True,False,True,False,True,True,False,False,True,False,True,False,True,False,True,False,True,False,True,False,True,False,False,False,False,7813.200000000001
0,64,74.35,4759.55,0,False,True,False,True,False,False,False,False,False,True,False,True,False,True,False,True,False,False,False,True,False,True,True,False,False,True,4758.4
0,72,103.2,7362.9,0,False,True,True,True,False,True,True,False,False,False,False,True,False,True,False,False,False,True,False,True,True,False,True,True,False,False,7430.400000000001
1,8,84.0,613.4,1,False,True,False,True,False,True,True,False,False,False,False,False,False,False,False,False,False,False,False,True,False,False,True,False,True,False,672.0
0,72,115.8,8332.15,0,True,True,False,True,False,True,True,False,False,True,False,True,False,True,False,True,False,True,False,True,False,True,False,True,False,False,8337.6
0,1,45.8,45.8,0,True,False,False,True,False,False,False,False,False,False,False,False,False,False,False,False,False,False,False,False,False,False,True,False,False,True,45.8
0,69,95.2,6671.7,0,True,True,True,True,False,False,True,False,False,False,False,False,False,False,False,True,False,True,False,True,False,True,True,True,False,False,6568.8
0,56,80.3,4513.65,0,False,True,False,True,False,False,True,False,False,True,False,False,False,True,False,False,False,False,False,False,False,True,False,False,False,False,4496.8
0,9,64.95,547.8,0,True,False,False,True,False,False,False,False,False,True,False,False,False,False,False,True,False,False,False,True,False,False,False,False,False,True,584.5500000000001
0,1,69.9,69.9,1,True,False,False,True,False,False,True,False,False,False,False,False,False,False,False,False,False,False,False,False,False,False,True,False,True,False,69.9
0,59,80.1,4693.2,0,False,True,False,True,False,True,False,False,False,False,False,True,False,False,False,True,False,True,False,True,True,False,True,False,True,False,4725.9
0,12,79.55,958.25,0,False,False,False,True,False,True,True,False,False,False,False,False,False,False,False,True,False,False,False,False,False,False,True,True,False,False,954.5999999999999
0,4,84.8,371.9,1,True,True,True,True,False,True,True,False,False,False,False,True,False,True,False,False,False,False,False,False,False,False,True,False,False,False,339.2
1,3,70.3,235.5,1,False,False,False,True,False,False,True,False,False,False,False,False,False,False,False,False,False,False,False,False,False,False,True,False,True,False,210.89999999999998
0,1,50.75,50.75,0,True,False,False,True,False,False,False,False,False,True,False,False,False,False,False,False,False,False,False,False,False,False,True,False,False,True,50.75
0,29,98.8,2807.1,0,True,False,False,True,False,False,True,False,False,False,False,False,False,True,False,True,False,True,False,True,False,False,True,True,False,False,2865.2
0,71,84.4,5969.3,0,False,True,False,True,False,False,False,False,False,True,False,True,False,True,False,True,False,True,False,True,False,True,True,True,False,False,5992.400000000001
0,23,57.75,1282.85,0,False,True,True,True,False,False,False,False,False,True,False,True,False,False,False,True,False,False,False,False,True,False,True,False,False,True,1328.25
0,6,26.35,184.05,0,True,False,True,True,False,True,False,True,True,False,True,False,True,False,True,False,True,False,True,False,False,False,False,False,False,True,158.10000000000002
0,37,19.35,683.75,0,False,True,True,True,False,False,False,True,True,False,True,False,True,False,True,False,True,False,True,False,False,False,False,False,True,False,715.95
0,24,74.4,1712.9,0,True,True,False,True,False,False,False,False,False,True,False,False,False,False,False,True,False,True,False,True,True,False,False,False,False,False,1785.6000000000001
0,49,100.85,4847.35,0,False,True,False,True,False,True,True,False,False,True,False,False,False,False,False,False,False,True,False,True,False,False,True,False,False,True,4941.65
0,11,96.2,1222.05,1,False,True,False,True,False,True,True,False,False,True,False,False,False,False,False,True,False,True,False,False,False,False,True,True,False,False,1058.2
0,44,100.1,4378.35,0,True,False,False,True,False,False,True,False,False,False,False,False,False,True,False,True,False,True,False,True,False,True,False,False,False,False,4404.4
0,11,25.2,245.15,0,False,False,False,True,False,True,False,True,True,False,True,False,True,False,True,False,True,False,True,False,True,False,False,False,True,False,277.2
0,43,29.3,1224.05,0,True,True,True,False,True,False,False,False,False,False,False,True,False,False,False,False,False,False,False,False,False,False,False,True,False,False,1259.9
0,1,50.55,50.55,1,False,False,False,True,False,False,False,False,False,False,False,True,False,False,False,False,False,False,False,False,False,False,False,False,True,False,50.55
0,23,23.85,625.65,0,False,True,True,True,False,True,False,True,True,False,True,False,True,False,True,False,True,False,True,False,False,True,False,False,False,True,548.5500000000001
1,25,69.5,1752.65,0,False,True,False,True,False,True,False,False,False,True,False,False,False,False,False,True,False,True,False,False,False,False,True,True,False,False,1737.5
1,14,75.1,1013.35,0,True,True,False,True,False,True,True,False,False,False,False,False,False,False,False,False,False,False,False,False,False,False,True,False,True,False,1051.3999999999999
0,10,80.05,830.7,1,False,False,False,True,False,True,True,False,False,False,False,True,False,False,False,False,False,False,False,False,False,False,True,False,False,False,800.5
0,27,80.65,2209.75,0,True,True,True,True,False,False,True,False,False,True,False,True,False,False,False,False,False,False,False,False,True,False,True,True,False,False,2177.55
0,3,105.35,323.25,1,True,False,False,True,False,True,True,False,False,False,False,True,False,True,False,False,False,True,False,True,False,False,True,False,False,False,316.04999999999995
0,10,25.7,251.6,0,True,False,False,True,False,True,False,True,True,False,True,False,True,False,True,False,True,False,True,False,False,True,False,False,False,False,257.0
1,5,45.4,214.75,0,True,False,False,False,True,False,False,False,False,False,False,False,False,True,False,True,False,True,False,False,False,False,False,True,False,False,227.0
0,48,26.3,1245.05,0,True,True,True,True,False,True,False,True,True,False,True,False,True,False,True,False,True,False,True,False,False,True,False,False,False,False,1262.4
1,7,64.95,493.65,0,False,False,False,True,False,False,False,False,False,False,False,True,False,True,False,False,False,True,False,False,False,False,True,False,True,False,454.65000000000003
0,44,49.05,2265.0,0,False,False,False,False,True,False,False,False,False,False,False,False,False,True,False,False,False,True,False,True,True,False,True,False,True,False,2158.2
0,2,76.4,160.8,1,False,False,False,True,False,False,False,False,False,False,False,False,False,True,False,True,False,True,False,True,False,False,False,False,True,False,152.8
0,4,76.65,333.6,1,False,False,False,True,False,False,True,False,False,False,False,True,False,False,False,False,False,False,False,False,False,False,True,False,False,False,306.6
0,37,98.8,3475.55,1,True,False,False,True,False,True,True,False,False,False,False,False,False,False,False,True,False,True,False,True,False,False,False,False,False,False,3655.6
0,13,19.3,279.3,0,False,False,False,True,False,False,False,True,True,False,True,False,True,False,True,False,True,False,True,False,False,False,True,False,False,True,250.9
0,39,58.6,2224.5,0,False,False,False,True,False,False,False,False,False,False,False,True,False,False,False,False,False,True,False,False,True,False,True,True,False,False,2285.4
0,42,56.1,2386.85,0,True,True,False,True,False,True,False,False,False,True,False,False,False,False,False,False,False,False,False,False,True,False,False,True,False,False,2356.2000000000003
0,46,105.2,4822.85,1,False,False,True,True,False,False,True,False,False,True,False,True,False,False,False,True,False,True,False,True,True,False,True,False,False,False,4839.2
0,16,55.85,857.8,0,True,True,True,True,False,False,False,False,False,True,False,True,False,False,False,False,False,False,False,False,True,False,True,False,False,True,893.6
0,54,46.0,2424.05,0,True,True,True,False,True,False,False,False,False,False,False,False,False,True,False,True,False,False,False,True,False,True,False,True,False,False,2484.0
0,33,66.4,2245.4,0,True,False,False,True,False,False,False,False,False,False,False,True,False,True,False,False,False,True,False,False,False,False,True,True,False,False,2191.2000000000003
0,22,50.6,1073.3,0,False,False,False,False,True,False,False,False,False,False,False,False,False,True,False,False,False,True,False,True,False,False,True,False,True,False,1113.2
0,35,89.2,3251.3,0,True,False,False,True,False,False,True,False,False,True,False,False,False,False,False,True,False,False,False,True,True,False,True,False,True,False,3122.0
0,4,20.95,85.5,1,False,False,False,True,False,False,False,True,True,False,True,False,True,False,True,False,True,False,True,False,False,False,False,False,False,False,83.8
0,1,20.45,20.45,0,True,False,False,True,False,False,False,True,True,False,True,False,True,False,True,False,True,False,True,False,False,True,False,False,False,True,20.45
0,36,20.85,720.05,0,True,True,False,True,False,False,False,True,True,False,True,False,True,False,True,False,True,False,True,False,True,False,False,False,False,False,750.6
0,25,54.3,1296.8,0,True,True,True,True,False,False,False,False,False,True,False,False,False,False,False,True,False,False,False,False,False,False,False,False,True,False,1357.5
0,3,71.1,213.35,0,False,False,False,True,False,False,False,False,False,True,False,True,False,False,False,True,False,False,False,True,False,True,False,False,False,True,213.29999999999998
0,22,100.75,2095.0,1,True,False,False,True,False,True,True,False,False,True,False,False,False,False,False,False,False,True,False,True,False,False,True,False,True,False,2216.5
0,16,100.7,1522.7,0,False,True,True,True,False,False,True,False,False,True,False,False,False,True,False,False,False,True,False,True,False,False,False,False,False,False,1611.2
1,50,106.8,5347.95,0,False,False,False,True,False,True,True,False,False,False,False,True,False,False,False,True,False,True,False,True,True,False,True,False,True,False,5340.0
0,10,21.2,222.65,0,False,False,False,True,False,False,False,True,True,False,True,False,True,False,True,False,True,False,True,False,False,False,True,False,True,False,212.0
0,25,74.3,1863.8,1,False,False,False,True,False,False,False,False,False,True,False,True,False,True,False,True,False,True,False,False,True,False,False,False,False,True,1857.5
1,32,96.15,3019.25,1,True,False,False,True,False,True,True,False,False,False,False,False,False,False,False,False,False,True,False,True,False,False,True,True,False,False,3076.8
0,63,19.35,1263.85,0,False,True,True,True,False,False,False,True,True,False,True,False,True,False,True,False,True,False,True,False,False,True,False,False,True,False,1219.0500000000002
0,5,48.65,235.2,0,True,False,True,True,False,False,False,False,False,False,False,False,False,False,False,True,False,False,False,False,False,False,True,False,False,False,243.25
1,44,30.35,1359.7,1,True,True,False,False,True,False,False,False,False,False,False,True,False,False,False,False,False,False,False,False,False,False,True,False,True,False,1335.4
1,16,96.15,1529.2,1,False,False,False,True,False,True,True,False,False,False,False,False,False,False,False,False,False,True,False,True,False,False,True,False,True,False,1538.4
0,20,64.15,1274.45,0,True,True,False,True,False,False,False,False,False,True,False,False,False,False,False,True,False,False,False,True,True,False,True,False,False,True,1283.0
0,30,106.4,3211.9,0,False,False,False,True,False,True,True,False,False,True,False,False,False,False,False,True,False,True,False,True,False,False,False,False,False,False,3192.0
0,55,45.05,2462.6,0,False,False,False,True,False,False,False,False,False,False,False,False,False,False,False,False,False,False,False,False,True,False,False,False,False,False,2477.75
1,61,65.2,3965.05,0,False,True,True,True,False,True,False,False,False,False,False,False,False,True,False,False,False,True,False,False,True,False,True,False,True,False,3977.2000000000003
0,1,19.95,19.95,1,True,True,True,True,False,False,False,True,True,False,True,False,True,False,True,False,True,False,True,False,False,False,False,False,False,False,19.95
0,54,94.1,5060.9,0,False,False,False,True,False,False,True,False,False,False,False,False,False,True,False,False,False,True,False,True,True,False,True,True,False,False,5081.4
0,10,70.0,740.0,1,True,False,False,True,False,False,True,False,False,False,False,False,False,False,False,False,False,False,False,False,False,False,True,False,True,False,700.0
0,40,55.25,2139.2,1,True,False,True,True,False,False,False,False,False,True,False,True,False,False,False,False,False,False,False,False,False,False,True,False,False,True,2210.0
0,51,79.15,4018.55,0,False,True,True,True,False,False,True,False,False,True,False,True,False,False,False,False,False,False,False,False,False,False,True,False,False,False,4036.65
0,72,105.5,7611.55,0,True,True,True,True,False,False,True,False,False,True,False,True,False,False,False,True,False,True,False,True,False,True,False,False,False,False,7596.0
0,64,99.25,6549.45,0,True,False,False,True,False,True,True,False,False,True,False,False,False,True,False,True,False,False,False,True,False,True,False,True,False,False,6352.0
0,72,25.85,1872.2,0,True,True,False,True,False,True,False,True,True,False,True,False,True,False,True,False,True,False,True,False,False,True,False,True,False,False,1861.2
0,53,19.55,1007.9,0,False,True,True,True,False,False,False,True,True,False,True,False,True,False,True,False,True,False,True,False,True,False,False,False,False,False,1036.15
0,3,24.75,66.95,1,True,False,False,False,True,False,False,False,False,False,False,False,False,False,False,False,False,False,False,False,False,False,False,False,True,False,74.25
1,1,70.05,70.05,0,True,False,False,True,False,False,True,False,False,False,False,False,False,False,False,False,False,False,False,False,False,False,True,False,True,False,70.05
0,13,84.05,1095.3,1,True,True,True,True,False,False,True,False,False,True,False,False,False,False,False,False,False,False,False,True,False,False,False,False,True,False,1092.6499999999999
0,39,50.75,2011.4,1,False,False,False,False,True,False,False,False,False,False,False,False,False,True,False,False,False,True,False,True,False,False,True,False,True,False,1979.25
0,9,77.65,714.15,1,False,False,False,True,False,False,True,False,False,False,False,False,False,False,False,False,False,True,False,False,False,False,True,False,False,False,698.85
0,22,25.25,566.5,0,True,False,False,True,False,True,False,True,True,False,True,False,True,False,True,False,True,False,True,False,False,True,False,False,False,True,555.5
1,54,99.05,5295.7,0,True,True,False,True,False,True,True,False,False,False,False,False,False,True,False,False,False,True,False,True,False,False,True,True,False,False,5348.7
0,29,35.6,1072.6,0,True,False,False,False,True,False,False,False,False,True,False,False,False,False,False,True,False,False,False,False,True,False,False,False,False,True,1032.4
0,72,117.8,8684.8,1,True,True,False,True,False,True,True,False,False,True,False,True,False,True,False,True,False,True,False,True,True,False,True,False,False,False,8481.6
0,72,79.55,5810.9,0,True,True,False,True,False,True,False,False,False,True,False,True,False,True,False,True,False,False,False,True,False,True,False,True,False,False,5727.599999999999
0,47,109.55,5124.55,1,True,True,False,True,False,True,True,False,False,False,False,True,False,True,False,True,False,True,False,True,False,False,True,False,True,False,5148.849999999999
0,28,49.9,1410.25,0,False,True,True,True,False,True,False,False,False,False,False,False,False,False,False,False,False,False,False,False,False,False,False,False,False,True,1397.2
0,3,30.4,82.15,0,True,False,False,False,True,False,False,False,False,False,False,False,False,False,False,True,False,False,False,False,False,False,False,False,True,False,91.19999999999999
1,50,75.15,3822.45,0,True,True,True,True,False,True,False,False,False,True,False,True,False,True,False,False,False,False,False,True,False,True,True,False,False,False,3757.5000000000005
0,1,69.8,69.8,1,True,False,False,True,False,False,True,False,False,False,False,False,False,False,False,False,False,False,False,False,False,False,True,False,True,False,69.8
0,2,94.95,178.1,1,True,False,False,True,False,False,True,False,False,False,False,False,False,True,False,False,False,True,False,True,False,False,False,False,True,False,189.9
0,2,70.7,129.2,0,True,False,False,True,False,False,True,False,False,False,False,False,False,False,False,False,False,False,False,False,False,False,False,False,False,True,141.4
0,70,109.5,7674.55,1,False,True,False,True,False,True,True,False,False,False,False,True,False,True,False,True,False,True,False,True,True,False,True,False,True,False,7665.0
0,51,87.35,4473.0,0,True,False,False,True,False,True,True,False,False,False,False,True,False,True,False,True,False,False,False,False,False,False,True,False,True,False,4454.849999999999
1,65,104.35,6578.55,0,True,True,False,True,False,True,True,False,False,False,False,True,False,True,False,False,False,True,False,True,False,False,True,False,True,False,6782.75
0,1,90.55,90.55,1,True,False,False,True,False,False,True,False,False,False,False,False,False,False,False,False,False,True,False,True,False,False,True,False,True,False,90.55
0,13,30.15,382.2,0,False,False,True,False,True,False,False,False,False,False,False,True,False,False,False,False,False,False,False,False,False,False,False,False,True,False,391.95
0,10,98.5,1058.25,1,False,False,False,True,False,True,True,False,False,False,False,False,False,False,False,True,False,True,False,True,False,False,True,False,True,False,985.0
0,55,20.3,1079.05,0,False,True,True,True,False,False,False,True,True,False,True,False,True,False,True,False,True,False,True,False,False,True,False,False,False,True,1116.5
0,7,70.75,450.8,1,False,False,False,True,False,False,False,False,False,False,False,False,False,False,False,True,False,True,False,True,False,False,True,True,False,False,495.25
0,3,19.45,69.25,0,True,False,False,True,False,False,False,True,True,False,True,False,True,False,True,False,True,False,True,False,True,False,True,False,False,True,58.349999999999994
0,46,33.7,1537.85,0,True,False,False,False,True,False,False,False,False,False,False,False,False,True,False,True,False,False,False,False,True,False,False,True,False,False,1550.2
0,56,75.75,4284.65,0,True,False,False,True,False,False,False,False,False,False,False,True,False,False,False,True,False,True,False,True,True,False,True,False,False,False,4242.0
0,61,115.1,7008.15,0,False,True,True,True,False,True,True,False,False,True,False,True,False,True,False,True,False,True,False,True,False,True,False,True,False,False,7021.099999999999
0,52,93.25,4631.7,0,True,True,True,True,False,True,True,False,False,False,False,True,False,False,False,True,False,False,False,True,False,False,True,False,False,False,4849.0
0,41,70.25,2868.05,1,False,False,False,True,False,False,True,False,False,False,False,False,False,False,False,False,False,False,False,False,False,False,False,False,False,False,2880.25
0,68,25.5,1821.8,0,False,False,False,True,False,True,False,True,True,False,True,False,True,False,True,False,True,False,True,False,False,True,False,False,False,False,1734.0
0,41,78.35,3211.2,0,False,True,True,True,False,True,False,False,False,True,False,True,False,True,False,False,False,True,False,False,True,False,True,True,False,False,3212.35
0,50,69.65,3442.15,0,True,True,True,True,False,True,False,False,False,False,False,False,False,True,False,True,False,True,False,False,True,False,True,False,True,False,3482.5000000000005
0,71,115.15,8078.1,0,False,True,False,True,False,True,True,False,False,True,False,True,False,True,False,True,False,True,False,True,False,True,True,True,False,False,8175.650000000001
0,22,83.05,1799.3,0,True,False,False,True,False,True,True,False,False,False,False,False,False,False,False,False,False,False,False,True,False,False,False,False,True,False,1827.1
0,59,19.5,1147.85,0,True,True,True,True,False,False,False,True,True,False,True,False,True,False,True,False,True,False,True,False,False,True,False,False,False,True,1150.5
0,6,69.8,377.85,0,True,True,True,True,False,False,True,False,False,False,False,False,False,False,False,False,False,False,False,False,False,False,True,False,True,False,418.79999999999995
0,33,24.5,740.3,1,False,True,True,True,False,True,False,True,True,False,True,False,True,False,True,False,True,False,True,False,False,True,True,False,False,True,808.5
0,17,24.1,409.9,1,False,True,True,True,False,True,False,True,True,False,True,False,True,False,True,False,True,False,True,False,False,False,False,False,False,True,409.70000000000005
0,49,59.6,2970.3,0,True,True,True,True,False,False,False,False,False,True,False,True,False,False,False,True,False,False,False,False,False,False,False,True,False,False,2920.4
0,72,82.15,5784.3,0,True,True,False,True,False,True,False,False,False,False,False,True,False,True,False,False,False,True,False,True,False,True,False,False,False,False,5914.8
1,17,100.45,1622.45,1,True,True,False,True,False,True,True,False,False,False,False,False,False,True,False,False,False,True,False,True,False,False,True,True,False,False,1707.65
0,15,64.85,950.75,0,True,False,True,True,False,False,False,False,False,True,False,False,False,True,False,False,False,False,False,True,True,False,False,False,False,True,972.7499999999999
0,8,19.65,169.75,0,True,True,True,True,False,False,False,True,True,False,True,False,True,False,True,False,True,False,True,False,False,False,False,True,False,False,157.2
0,22,65.05,1427.55,0,True,False,False,True,False,True,False,False,False,True,False,True,False,True,False,False,False,False,False,False,False,False,False,False,False,True,1431.1
0,51,24.95,1222.25,0,True,True,True,True,False,True,False,True,True,False,True,False,True,False,True,False,True,False,True,False,False,True,True,False,False,True,1272.45
0,43,91.65,3954.1,0,False,False,False,True,False,False,True,False,False,False,False,True,False,True,False,False,False,True,False,False,False,False,True,False,True,False,3940.9500000000003
0,3,25.1,79.8,0,True,False,False,False,True,False,False,False,False,False,False,False,False,False,False,False,False,False,False,False,False,False,False,False,True,False,75.30000000000001
1,48,104.5,5068.05,0,False,True,True,True,False,False,True,False,False,True,False,False,False,True,False,True,False,True,False,True,False,False,True,False,True,False,5016.0
0,34,60.8,2042.05,0,False,True,True,True,False,False,False,False,False,True,False,True,False,True,False,False,False,False,False,False,True,False,True,False,False,True,2067.2
1,41,111.95,4534.9,1,True,True,True,True,False,True,True,False,False,False,False,True,False,True,False,True,False,True,False,True,True,False,True,False,True,False,4589.95
0,67,112.35,7388.45,0,False,True,True,True,False,True,True,False,False,False,False,True,False,True,False,True,False,True,False,True,True,False,True,True,False,False,7527.45
0,19,75.9,1375.6,0,False,False,True,True,False,True,False,False,False,True,False,True,False,False,False,True,False,True,False,False,False,False,True,False,False,True,1442.1000000000001
0,63,99.65,6311.2,0,False,True,True,True,False,True,True,False,False,True,False,False,False,False,False,False,False,True,False,True,True,False,True,True,False,False,6277.950000000001
0,18,85.2,1553.9,1,False,False,False,True,False,True,True,False,False,False,False,False,False,False,False,False,False,True,False,False,False,False,True,False,True,False,1533.6000000000001
0,1,20.65,20.65,0,False,True,False,True,False,False,False,True,True,False,True,False,True,False,True,False,True,False,True,False,False,False,True,False,False,True,20.65
0,11,94.0,1078.9,1,False,True,False,True,False,True,True,False,False,False,False,False,False,False,False,False,False,True,False,True,False,False,True,False,True,False,1034.0
0,30,90.4,2820.65,0,True,False,False,True,False,True,True,False,False,True,False,True,False,True,False,False,False,False,False,False,True,False,False,False,False,False,2712.0
0,23,74.95,1710.45,1,True,False,False,True,False,True,True,False,False,False,False,False,False,False,False,False,False,False,False,False,False,False,True,False,True,False,1723.8500000000001
0,52,105.05,5624.85,1,False,True,False,True,False,True,True,False,False,False,False,True,False,True,False,False,False,True,False,True,False,False,True,False,True,False,5462.599999999999
0,13,19.85,252.0,0,True,True,True,True,False,False,False,True,True,False,True,False,True,False,True,False,True,False,True,False,False,False,True,False,False,True,258.05
0,54,63.35,3409.1,0,True,True,True,True,False,True,False,False,False,False,False,False,False,True,False,False,False,False,False,True,False,True,False,True,False,False,3420.9
0,1,47.95,47.95,0,True,False,False,True,False,False,False,False,False,True,False,False,False,False,False,False,False,False,False,False,False,False,False,False,True,False,47.95
0,68,83.65,5733.4,0,False,True,True,True,False,True,True,False,False,False,False,True,False,False,False,True,False,False,False,False,True,False,True,False,False,False,5688.200000000001
0,3,64.4,195.65,0,True,False,False,True,False,False,False,False,False,True,False,False,False,False,False,True,False,True,False,False,False,False,True,True,False,False,193.20000000000002
0,1,68.5,68.5,1,True,True,True,True,False,False,True,False,False,False,False,False,False,False,False,False,False,False,False,False,False,False,True,False,True,False,68.5
0,34,62.65,2274.9,1,False,True,False,True,False,True,False,False,False,True,False,True,False,False,False,True,False,False,False,False,False,False,False,False,True,False,2130.1
0,49,66.15,3199.0,0,True,False,False,True,False,True,False,False,False,False,False,False,False,False,False,True,False,True,False,False,False,True,True,False,False,False,3241.3500000000004
0,23,19.65,451.55,0,False,True,True,True,False,False,False,True,True,False,True,False,True,False,True,False,True,False,True,False,False,True,True,False,False,True,451.95
0,71,19.8,1396.25,0,True,True,True,True,False,False,False,True,True,False,True,False,True,False,True,False,True,False,True,False,False,True,False,False,False,True,1405.8
0,46,84.8,3958.85,0,False,False,True,True,False,True,True,False,False,False,False,False,False,True,False,True,False,False,False,False,False,False,True,False,False,False,3900.7999999999997
0,50,108.25,5431.4,0,True,True,True,True,False,True,True,False,False,True,False,True,False,True,False,False,False,True,False,True,True,False,True,False,True,False,5412.5
0,1,45.3,45.3,1,True,False,False,False,True,False,False,False,False,False,False,False,False,False,False,False,False,True,False,True,False,False,True,False,False,True,45.3
0,24,79.85,2001.0,0,True,False,False,True,False,False,True,False,False,False,False,False,False,False,False,False,False,False,False,True,False,False,True,True,False,False,1916.3999999999999
0,68,114.7,7849.85,0,True,True,True,True,False,True,True,False,False,True,False,True,False,True,False,True,False,True,False,True,False,True,True,False,False,False,7799.6
0,31,20.9,689.35,0,False,False,False,True,False,False,False,True,True,False,True,False,True,False,True,False,True,False,True,False,False,True,False,True,False,False,647.9
0,64,49.85,3210.35,0,False,True,True,False,True,False,False,False,False,False,False,True,False,True,False,True,False,False,False,True,False,True,False,False,True,False,3190.4
0,14,87.25,1258.6,1,False,True,True,True,False,True,True,False,False,False,False,False,False,True,False,False,False,False,False,True,False,False,True,False,True,False,1221.5
0,59,51.7,3005.8,0,True,False,False,False,True,False,False,False,False,False,False,False,False,False,False,True,False,True,False,True,False,False,True,False,True,False,3050.3
0,72,90.8,6511.8,0,True,True,True,True,False,True,True,False,False,False,False,False,False,True,False,False,False,False,False,True,False,True,True,True,False,False,6537.599999999999
0,4,98.1,396.3,1,False,False,True,True,False,False,True,False,False,False,False,False,False,True,False,True,False,True,False,True,False,False,True,False,False,False,392.4
0,32,84.05,2781.85,1,False,False,False,True,False,True,True,False,False,False,False,False,False,False,False,False,False,True,False,False,True,False,False,False,True,False,2689.6
1,48,91.05,4370.75,0,True,True,False,True,False,True,True,False,False,False,False,False,False,True,False,False,False,False,False,True,False,False,True,True,False,False,4370.4
0,72,109.65,7880.25,0,True,True,False,True,False,True,True,False,False,True,False,True,False,True,False,False,False,True,False,True,False,True,True,False,True,False,7894.8
0,3,89.85,248.4,0,True,True,True,True,False,False,True,False,False,True,False,True,False,False,False,False,False,True,False,False,False,False,False,False,True,False,269.54999999999995
0,72,95.9,6954.15,0,False,True,True,True,False,True,True,False,False,True,False,True,False,False,False,False,False,True,False,False,False,True,True,False,False,False,6904.8
0,18,84.3,1537.9,0,True,False,False,True,False,True,True,False,False,False,False,False,False,False,False,False,False,True,False,False,False,False,False,False,False,False,1517.3999999999999
1,72,63.1,4685.55,0,True,True,False,False,True,False,False,False,False,True,False,True,False,True,False,True,False,True,False,True,False,True,True,False,False,False,4543.2
1,32,85.95,2628.6,1,False,True,False,True,False,True,True,False,False,False,False,False,False,False,False,False,False,True,False,False,False,False,True,True,False,False,2750.4
1,13,82.0,1127.2,1,False,False,False,True,False,True,True,False,False,False,False,False,False,False,False,False,False,False,False,True,False,False,True,False,True,False,1066.0
0,7,29.8,201.95,0,False,False,True,False,True,False,False,False,False,True,False,False,False,False,False,False,False,False,False,False,False,False,False,False,False,True,208.6
0,6,55.9,365.35,1,False,True,True,True,False,False,False,False,False,True,False,True,False,False,False,False,False,False,False,False,False,False,False,True,False,False,335.4
0,4,55.2,220.65,0,False,False,False,True,False,False,False,False,False,True,False,True,False,False,False,False,False,False,False,False,False,False,False,False,True,False,220.8
0,13,20.45,254.5,0,False,True,True,True,False,False,False,True,True,False,True,False,True,False,True,False,True,False,True,False,False,False,True,False,False,True,265.84999999999997
0,64,104.05,6605.55,0,True,True,False,True,False,False,True,False,False,True,False,True,False,False,False,True,False,True,False,True,False,True,True,True,False,False,6659.2
0,17,70.5,1165.6,0,False,False,False,True,False,False,True,False,False,False,False,False,False,False,False,False,False,False,False,False,False,False,False,False,False,False,1198.5
0,40,50.85,2036.55,0,False,True,True,False,True,False,False,False,False,False,False,True,False,False,False,False,False,True,False,True,False,False,True,False,True,False,2034.0
0,11,50.55,565.35,0,False,True,True,False,True,False,False,False,False,True,False,False,False,False,False,False,False,True,False,True,False,False,False,False,True,False,556.05
0,5,19.95,107.05,0,True,False,False,True,False,False,False,True,True,False,True,False,True,False,True,False,True,False,True,False,False,False,False,False,False,True,99.75
0,23,85.6,1868.4,0,False,True,True,True,False,True,True,False,False,False,False,False,False,False,False,False,False,False,False,True,False,False,False,False,True,False,1968.8
0,68,76.75,5233.25,0,True,False,False,True,False,True,False,False,False,True,False,True,False,True,False,False,False,False,False,True,True,False,False,True,False,False,5219.0
0,1,79.15,79.15,0,False,False,False,True,False,True,True,False,False,False,False,True,False,False,False,False,False,False,False,False,False,False,True,False,False,True,79.15
0,72,87.55,6463.15,0,True,True,True,True,False,True,False,False,False,True,False,True,False,True,False,True,False,True,False,True,False,True,True,False,False,False,6303.599999999999
0,57,41.1,2258.25,0,False,False,False,False,True,False,False,False,False,True,False,False,False,True,False,True,False,False,False,False,True,False,True,True,False,False,2342.7000000000003
1,60,116.05,6925.9,0,False,True,False,True,False,True,True,False,False,True,False,True,False,True,False,True,False,True,False,True,False,True,True,False,False,False,6963.0
1,6,44.7,276.5,0,True,False,False,True,False,False,False,False,False,False,False,False,False,False,False,False,False,False,False,False,False,False,False,True,False,False,268.20000000000005
0,55,90.4,5099.15,0,True,True,True,True,False,True,True,False,False,False,False,False,False,True,False,False,False,True,False,False,False,False,True,True,False,False,4972.0
1,72,110.1,7746.7,0,False,False,False,True,False,True,True,False,False,True,False,True,False,False,False,True,False,True,False,True,False,True,True,False,False,False,7927.2
0,70,67.95,4664.15,0,True,True,False,True,False,False,False,False,False,True,False,True,False,False,False,True,False,False,False,True,False,True,False,False,False,True,4756.5
0,17,89.4,1539.45,1,True,True,True,True,False,False,True,False,False,True,False,False,False,True,False,False,False,True,False,False,False,False,True,False,True,False,1519.8000000000002
0,9,59.9,542.4,0,True,False,False,True,False,True,False,False,False,False,False,False,False,False,False,False,False,False,False,True,False,False,False,False,False,True,539.1
0,51,60.5,3121.45,0,True,True,True,True,False,False,False,False,False,True,False,True,False,False,False,True,False,False,False,False,False,True,False,True,False,False,3085.5
0,67,69.9,4615.9,0,False,True,True,True,False,True,False,False,False,False,False,False,False,True,False,True,False,False,False,True,False,True,True,False,False,False,4683.3
0,1,75.8,75.8,1,False,False,False,True,False,False,True,False,False,False,False,True,False,False,False,False,False,False,False,False,False,False,False,False,True,False,75.8
0,3,25.25,58.9,1,False,False,False,False,True,False,False,False,False,False,False,False,False,False,False,False,False,False,False,False,False,False,False,False,True,False,75.75
0,6,50.95,307.6,0,False,False,False,False,True,False,False,False,False,True,False,True,False,False,False,True,False,False,False,True,False,False,False,True,False,False,305.70000000000005
0,10,65.5,616.9,0,False,True,True,True,False,False,False,False,False,False,False,True,False,False,False,True,False,False,False,True,False,False,True,False,True,False,655.0
0,21,86.05,1818.9,0,False,True,False,True,False,False,True,False,False,False,False,False,False,False,False,True,False,True,False,False,False,False,True,False,True,False,1807.05
0,13,94.1,1215.6,1,False,True,False,True,False,True,True,False,False,False,False,True,False,True,False,False,False,True,False,False,False,False,False,False,True,False,1223.3
0,51,75.2,3901.25,0,True,True,False,True,False,True,False,False,False,False,False,False,False,False,False,True,False,True,False,True,False,True,True,False,False,False,3835.2000000000003
0,25,20.75,499.4,0,True,False,False,True,False,False,False,True,True,False,True,False,True,False,True,False,True,False,True,False,False,True,True,False,False,True,518.75
0,71,19.9,1389.35,0,False,True,True,True,False,False,False,True,True,False,True,False,True,False,True,False,True,False,True,False,False,True,False,False,False,False,1412.8999999999999
0,3,74.75,238.1,0,False,False,False,True,False,False,True,False,False,False,False,False,False,True,False,False,False,False,False,False,False,False,True,False,False,True,224.25
0,1,79.5,79.5,1,True,False,False,True,False,False,True,False,False,False,False,False,False,False,False,False,False,True,False,False,False,False,True,False,True,False,79.5
1,65,99.1,6496.15,0,True,False,False,True,False,False,True,False,False,False,False,True,False,True,False,False,False,True,False,True,False,False,True,False,False,False,6441.5
0,65,72.45,4653.85,1,True,True,True,True,False,True,False,False,False,True,False,True,False,True,False,False,False,False,False,True,True,False,False,True,False,False,4709.25
0,64,24.4,1601.2,0,False,False,False,True,False,True,False,True,True,False,True,False,True,False,True,False,True,False,True,False,True,False,True,False,False,False,1561.6
0,38,70.6,2708.2,0,True,False,False,True,False,False,False,False,False,True,False,True,False,False,False,True,False,True,False,False,True,False,False,False,False,True,2682.7999999999997
0,56,109.8,6109.65,0,False,True,False,True,False,True,True,False,False,True,False,True,False,True,False,False,False,True,False,True,True,False,False,False,False,False,6148.8
0,72,19.75,1567.0,0,False,False,True,True,False,False,False,True,True,False,True,False,True,False,True,False,True,False,True,False,False,True,True,False,False,True,1422.0
0,9,69.4,571.45,0,False,False,True,True,False,False,False,False,False,False,False,False,False,False,False,True,False,True,False,True,False,False,True,True,False,False,624.6
0,38,20.3,743.05,0,False,False,False,True,False,False,False,True,True,False,True,False,True,False,True,False,True,False,True,False,False,True,False,False,False,True,771.4
0,44,54.9,2549.1,0,True,True,True,True,False,False,False,False,False,False,False,True,False,False,False,True,False,False,False,False,False,False,True,False,False,False,2415.6
0,71,80.4,5727.15,0,True,True,False,True,False,True,False,False,False,True,False,True,False,True,False,True,False,False,False,True,False,True,False,True,False,False,5708.400000000001
0,57,99.65,5497.05,0,False,True,False,True,False,True,True,False,False,True,False,False,False,False,False,False,False,True,False,True,False,False,True,False,True,False,5680.05
0,43,49.05,2076.2,1,False,False,False,False,True,False,False,False,False,False,False,False,False,True,False,False,False,True,False,True,False,False,True,False,False,False,2109.15
0,17,20.05,337.9,0,False,False,False,True,False,False,False,True,True,False,True,False,True,False,True,False,True,False,True,False,True,False,False,True,False,False,340.85
0,7,86.8,620.35,1,True,False,False,True,False,True,True,False,False,False,False,False,False,False,False,False,False,False,False,True,False,False,True,False,True,False,607.6
0,2,79.75,164.5,1,False,False,False,True,False,False,True,False,False,False,False,False,False,False,False,False,False,True,False,False,False,False,True,False,True,False,159.5
0,50,24.9,1195.25,0,True,False,False,True,False,True,False,True,True,False,True,False,True,False,True,False,True,False,True,False,False,True,False,False,False,False,1245.0
0,72,82.65,5919.35,0,False,True,False,True,False,True,False,False,False,True,False,True,False,True,False,False,False,True,False,True,False,True,True,True,False,False,5950.8
0,13,88.95,1161.75,0,False,False,True,True,False,True,False,False,False,True,False,True,False,True,False,True,False,True,False,True,False,True,False,True,False,False,1156.3500000000001
0,19,69.6,1394.55,0,True,False,False,True,False,True,False,False,False,False,False,False,False,False,False,False,False,True,False,True,False,False,False,False,False,True,1322.3999999999999
0,30,21.25,711.9,0,True,True,True,True,False,False,False,True,True,False,True,False,True,False,True,False,True,False,True,False,False,True,False,False,False,True,637.5
0,58,106.45,6145.85,1,False,False,False,True,False,False,True,False,False,True,False,True,False,True,False,False,False,True,False,True,True,False,True,False,True,False,6174.1
0,7,20.65,150.0,0,True,True,True,True,False,False,False,True,True,False,True,False,True,False,True,False,True,False,True,False,True,False,False,False,False,True,144.54999999999998
0,55,20.5,1177.95,0,True,True,True,True,False,False,False,True,True,False,True,False,True,False,True,False,True,False,True,False,False,True,False,False,False,True,1127.5
0,15,19.5,239.75,0,True,True,True,True,False,False,False,True,True,False,True,False,True,False,True,False,True,False,True,False,True,False,True,False,False,True,292.5
0,68,88.85,6132.7,0,True,True,True,True,False,True,False,False,False,True,False,True,False,True,False,True,False,True,False,True,False,True,True,True,False,False,6041.799999999999
0,54,100.1,5440.9,1,False,False,False,True,False,True,True,False,False,False,False,False,False,False,False,True,False,True,False,True,False,False,True,False,True,False,5405.4
0,25,48.25,1293.8,0,False,False,False,False,True,False,False,False,False,False,False,False,False,True,False,False,False,True,False,True,False,False,True,False,True,False,1206.25
0,1,84.3,84.3,1,False,False,False,True,False,False,True,False,False,False,False,True,False,False,False,False,False,True,False,False,False,False,False,False,True,False,84.3
0,72,20.7,1492.1,0,True,True,False,True,False,False,False,True,True,False,True,False,True,False,True,False,True,False,True,False,False,True,False,False,False,False,1490.3999999999999
0,63,71.9,4479.2,0,True,False,False,True,False,True,False,False,False,True,False,False,False,True,False,True,False,False,False,True,False,True,True,False,False,False,4529.700000000001
0,42,20.25,854.9,0,True,True,True,True,False,False,False,True,True,False,True,False,True,False,True,False,True,False,True,False,True,False,False,False,False,True,850.5
1,37,36.65,1315.0,0,True,False,False,False,True,False,False,False,False,False,False,True,False,True,False,False,False,False,False,False,False,False,False,False,True,False,1356.05
0,4,20.35,77.5,1,False,False,False,True,False,False,False,True,True,False,True,False,True,False,True,False,True,False,True,False,False,False,False,False,False,True,81.4
0,13,19.45,270.2,0,True,False,False,True,False,False,False,True,True,False,True,False,True,False,True,False,True,False,True,False,True,False,False,False,False,True,252.85
0,3,20.85,72.0,0,False,True,False,True,False,False,False,True,True,False,True,False,True,False,True,False,True,False,True,False,False,False,False,False,False,True,62.550000000000004
0,1,50.8,50.8,1,False,False,False,True,False,False,False,False,False,False,False,False,False,False,False,True,False,False,False,False,False,False,True,False,True,False,50.8
0,68,89.95,5974.3,0,False,True,False,True,False,True,True,False,False,False,False,False,False,True,False,False,False,True,False,False,False,True,True,False,False,False,6116.6
0,10,59.65,638.95,0,True,False,False,True,False,False,False,False,False,False,False,True,False,False,False,False,False,True,False,False,False,False,True,False,False,True,596.5
0,62,81.45,4983.05,0,True,True,True,True,False,False,True,False,False,True,False,True,False,False,False,False,False,False,False,False,True,False,True,True,False,False,5049.900000000001
0,49,19.9,1022.6,0,True,False,False,True,False,False,False,True,True,False,True,False,True,False,True,False,True,False,True,False,False,True,True,True,False,False,975.0999999999999
0,46,19.95,862.4,0,True,True,True,True,False,False,False,True,True,False,True,False,True,False,True,False,True,False,True,False,False,True,False,True,False,False,917.6999999999999
0,52,63.9,3334.95,0,True,False,False,False,True,False,False,False,False,True,False,True,False,True,False,True,False,True,False,True,False,True,False,True,False,False,3322.7999999999997
0,26,81.95,2070.05,0,False,True,True,True,False,False,True,False,False,True,False,True,False,False,False,False,False,False,False,False,False,False,False,False,True,False,2130.7000000000003
0,8,19.95,170.9,0,False,False,True,True,False,False,False,True,True,False,True,False,True,False,True,False,True,False,True,False,False,False,False,False,False,True,159.6
0,2,75.55,166.3,1,False,False,False,True,False,True,True,False,False,False,False,False,False,False,False,False,False,False,False,False,False,False,True,False,True,False,151.1
0,69,19.7,1396.9,0,False,True,True,True,False,False,False,True,True,False,True,False,True,False,True,False,True,False,True,False,False,True,False,False,False,False,1359.3
0,4,29.15,110.05,0,False,False,False,False,True,False,False,False,False,True,False,False,False,False,False,False,False,False,False,False,False,False,True,False,False,True,116.6
0,11,75.9,866.4,0,True,False,False,True,False,False,True,False,False,False,False,True,False,False,False,False,False,False,False,False,False,False,True,False,False,True,834.9000000000001
1,9,49.2,447.9,0,True,False,False,True,False,False,False,False,False,False,False,False,False,False,False,True,False,False,False,False,False,False,False,False,False,True,442.8
0,29,68.85,1970.5,1,False,False,False,True,False,False,False,False,False,True,False,True,False,True,False,False,False,False,False,True,False,False,True,False,False,False,1996.6499999999999
1,60,93.25,5774.55,0,True,True,True,True,False,True,True,False,False,True,False,True,False,False,False,False,False,False,False,True,False,False,True,False,True,False,5595.0
1,27,30.75,805.1,1,True,True,False,False,True,False,False,False,False,True,False,False,False,False,False,False,False,False,False,False,False,False,False,True,False,False,830.25
0,57,19.6,1170.55,0,True,False,True,True,False,False,False,True,True,False,True,False,True,False,True,False,True,False,True,False,False,True,True,False,False,True,1117.2
0,1,73.6,73.6,1,False,False,True,True,False,False,True,False,False,True,False,False,False,False,False,False,False,False,False,False,False,False,True,False,False,True,73.6
0,1,91.7,91.7,1,False,False,False,True,False,False,True,False,False,False,False,True,False,False,False,True,False,True,False,False,False,False,False,False,True,False,91.7
0,37,19.85,784.25,0,False,False,False,True,False,False,False,True,True,False,True,False,True,False,True,False,True,False,True,False,False,True,False,False,False,True,734.45
1,72,64.8,4732.35,0,True,True,True,False,True,False,False,False,False,True,False,True,False,True,False,True,False,True,False,True,False,True,True,False,False,False,4665.599999999999
0,31,91.15,2995.45,1,False,True,True,True,False,True,True,False,False,False,False,True,False,False,False,False,False,False,False,True,False,False,True,False,True,False,2825.65
0,52,59.45,3043.7,0,False,False,False,True,False,False,False,False,False,False,False,False,False,True,False,False,False,False,False,True,False,False,True,False,True,False,3091.4
1,48,58.95,2789.7,0,False,True,False,True,False,False,False,False,False,False,False,True,False,False,False,False,False,False,False,True,True,False,True,False,False,False,2829.6000000000004
0,22,89.25,1907.85,1,False,False,False,True,False,False,True,False,False,False,False,False,False,False,False,False,False,True,False,True,False,False,False,False,True,False,1963.5
0,13,75.0,999.45,1,False,False,False,True,False,True,True,False,False,False,False,False,False,False,False,False,False,False,False,False,False,False,True,False,False,True,975.0
0,6,80.25,493.4,0,True,False,False,True,False,False,False,False,False,True,False,False,False,True,False,True,False,True,False,True,False,True,True,False,False,True,481.5
0,7,53.65,404.35,0,False,False,False,True,False,True,False,False,False,True,False,False,False,False,False,False,False,False,False,False,False,False,True,False,True,False,375.55
0,71,109.0,7661.8,0,False,True,True,True,False,True,True,False,False,True,False,True,False,True,False,False,False,True,False,True,False,True,True,False,False,False,7739.0
0,3,69.65,220.1,1,True,False,True,True,False,False,True,False,False,False,False,False,False,False,False,False,False,False,False,False,False,False,False,False,True,False,208.95000000000002
0,48,64.4,3035.35,0,True,False,True,True,False,True,False,False,False,True,False,True,False,True,False,False,False,False,False,False,True,False,True,False,False,False,3091.2000000000003
0,9,54.8,452.8,0,True,True,True,True,False,False,False,False,False,False,False,True,False,False,False,True,False,False,False,False,False,False,False,False,False,True,493.2
1,7,73.75,545.15,1,True,False,False,True,False,True,True,False,False,False,False,False,False,False,False,False,False,False,False,False,False,False,False,False,False,True,516.25
0,18,35.0,553.0,1,False,False,True,False,True,False,False,False,False,False,False,False,False,False,False,False,False,False,False,True,False,False,True,False,True,False,630.0
1,11,60.25,662.95,0,True,False,False,True,False,True,False,False,False,True,False,True,False,False,False,False,False,False,False,False,False,False,False,False,False,False,662.75
0,9,85.3,781.4,0,False,False,False,True,False,False,True,False,False,False,False,False,False,True,False,False,False,False,False,True,False,False,True,True,False,False,767.6999999999999
1,10,79.25,793.55,1,True,False,False,True,False,False,True,False,False,False,False,False,False,False,False,False,False,False,False,True,False,False,True,False,True,False,792.5
0,1,20.2,20.2,0,True,False,False,True,False,False,False,True,True,False,True,False,True,False,True,False,True,False,True,False,False,False,False,False,False,True,20.2
1,26,84.95,2169.75,1,False,True,False,True,False,False,True,False,False,False,False,True,False,False,False,False,False,False,False,True,False,False,False,False,True,False,2208.7000000000003
0,7,43.9,278.4,0,True,False,False,True,False,False,False,False,False,False,False,False,False,False,False,False,False,False,False,False,False,False,False,False,False,True,307.3
0,46,104.4,4904.2,0,False,False,False,True,False,False,True,False,False,False,False,True,False,True,False,True,False,True,False,True,False,True,True,False,False,False,4802.400000000001
0,27,25.85,788.55,0,True,False,True,True,False,True,False,True,True,False,True,False,True,False,True,False,True,False,True,False,False,True,True,True,False,False,697.95
0,1,69.65,69.65,1,True,False,False,True,False,False,True,False,False,False,False,False,False,False,False,False,False,False,False,False,False,False,True,False,True,False,69.65
1,40,55.8,2109.35,1,False,False,False,False,True,False,False,False,False,True,False,True,False,False,False,False,False,True,False,True,False,False,True,False,True,False,2232.0
0,49,75.2,3678.3,1,True,False,True,True,False,True,True,False,False,False,False,False,False,False,False,False,False,False,False,False,False,False,False,True,False,False,3684.8
0,68,108.45,7176.55,1,True,False,False,True,False,True,True,False,False,False,False,True,False,True,False,True,False,True,False,True,True,False,False,False,True,False,7374.6
0,18,57.65,992.7,0,False,False,True,True,False,True,False,False,False,True,False,False,False,False,False,False,False,False,False,False,False,False,False,False,False,True,1037.7
1,28,106.15,3152.5,1,False,False,False,True,False,True,True,False,False,False,False,True,False,True,False,False,False,True,False,True,False,False,True,False,True,False,2972.2000000000003
0,72,100.65,7334.05,0,False,True,False,True,False,True,True,False,False,True,False,True,False,True,False,False,False,True,False,False,False,True,False,False,False,False,7246.8
0,62,84.95,5150.55,0,False,True,False,True,False,True,False,False,False,True,False,True,False,False,False,True,False,True,False,True,False,True,True,False,True,False,5266.900000000001
0,34,24.95,894.3,0,False,True,True,True,False,True,False,True,True,False,True,False,True,False,True,False,True,False,True,False,False,True,False,True,False,False,848.3
0,46,55.65,2688.85,0,False,False,False,True,False,False,False,False,False,False,False,False,False,False,False,False,False,False,False,True,True,False,False,True,False,False,2559.9
0,31,81.7,2548.65,0,True,False,False,True,False,True,True,False,False,False,False,False,False,False,False,True,False,False,False,False,True,False,False,True,False,False,2532.7000000000003
0,27,100.5,2673.45,0,True,False,False,True,False,True,True,False,False,False,False,False,False,True,False,False,False,True,False,True,True,False,True,False,False,False,2713.5
0,30,54.45,1588.7,0,True,True,True,True,False,True,False,False,False,True,False,False,False,False,False,False,False,False,False,False,False,False,True,False,False,False,1633.5
0,11,86.2,893.2,0,True,False,True,True,False,True,True,False,False,False,False,False,False,False,False,False,False,False,False,True,False,False,False,False,True,False,948.2
1,46,110.0,4874.8,1,False,False,False,True,False,True,True,False,False,True,False,True,False,True,False,False,False,True,False,True,True,False,True,False,True,False,5060.0
0,44,50.15,2139.1,0,False,False,False,True,False,True,False,False,False,False,False,False,False,False,False,False,False,False,False,False,False,False,True,False,False,True,2206.6
0,42,67.7,2882.25,0,False,False,False,True,False,False,False,False,False,True,False,True,False,False,False,True,False,False,False,True,True,False,True,False,False,True,2843.4
0,18,49.55,878.35,1,True,True,False,True,False,False,False,False,False,False,False,False,False,True,False,False,False,False,False,False,False,False,True,False,False,True,891.9
0,50,19.4,1023.95,0,False,False,False,True,False,False,False,True,True,False,True,False,True,False,True,False,True,False,True,False,False,True,False,True,False,False,969.9999999999999
0,7,50.7,350.35,0,False,True,True,True,False,False,False,False,False,True,False,False,False,False,False,False,False,False,False,False,False,False,False,False,False,True,354.90000000000003
0,66,89.9,5958.85,0,False,True,True,True,False,True,False,False,False,True,False,True,False,True,False,True,False,True,False,True,False,True,False,True,False,False,5933.400000000001
0,26,45.8,1147.0,0,False,False,True,False,True,False,False,False,False,True,False,False,False,False,False,True,False,False,False,True,False,False,False,False,False,True,1190.8
0,1,69.1,69.1,1,True,False,False,True,False,False,True,False,False,False,False,False,False,False,False,False,False,False,False,False,False,False,True,False,True,False,69.1
0,67,93.15,6368.2,0,True,True,False,True,False,True,True,False,False,False,False,True,False,True,False,False,False,False,False,True,False,True,True,False,True,False,6241.05
0,26,100.5,2599.95,0,False,False,False,True,False,True,True,False,False,False,False,False,False,True,False,False,False,True,False,True,False,False,True,False,False,False,2613.0
0,52,94.6,5025.8,0,False,True,False,True,False,True,True,False,False,False,False,True,False,True,False,False,False,True,False,False,False,False,False,False,False,False,4919.2
0,12,76.6,893.0,0,False,False,True,True,False,True,True,False,False,False,False,False,False,False,False,False,False,False,False,False,False,False,True,False,True,False,919.1999999999999
1,10,72.85,688.65,1,True,False,False,True,False,False,True,False,False,False,False,True,False,False,False,False,False,False,False,False,False,False,True,False,True,False,728.5
0,1,43.95,43.95,0,False,False,False,True,False,False,False,False,False,False,False,False,False,False,False,False,False,False,False,False,False,False,False,True,False,False,43.95
1,47,67.45,3252.0,0,False,True,False,True,False,True,False,False,False,True,False,True,False,True,False,False,False,False,False,False,False,False,True,True,False,False,3170.15
0,57,90.45,5229.8,0,True,False,False,True,False,True,True,False,False,False,False,False,False,False,False,True,False,True,False,False,False,True,True,True,False,False,5155.650000000001
0,1,70.85,70.85,1,False,False,False,True,False,False,True,False,False,False,False,False,False,False,False,False,False,False,False,False,False,False,True,False,True,False,70.85
1,72,113.8,7845.8,0,True,False,False,True,False,True,True,False,False,True,False,True,False,True,False,True,False,True,False,True,False,True,False,False,False,False,8193.6
1,45,34.2,1596.6,0,False,False,False,False,True,False,False,False,False,False,False,False,False,False,False,False,False,False,False,True,True,False,False,False,True,False,1539.0000000000002
0,38,20.25,814.75,0,False,True,False,True,False,False,False,True,True,False,True,False,True,False,True,False,True,False,True,False,True,False,True,True,False,False,769.5
0,1,90.1,90.1,0,True,True,True,True,False,False,True,False,False,False,False,False,False,False,False,False,False,True,False,True,False,False,True,False,True,False,90.1
0,17,80.85,1445.95,0,True,False,True,True,False,False,False,False,False,False,False,True,False,True,False,True,False,True,False,True,True,False,False,False,True,False,1374.4499999999998
0,59,76.45,4519.5,0,False,True,True,True,False,True,False,False,False,True,False,False,False,True,False,True,False,True,False,False,False,True,True,False,False,True,4510.55
0,15,101.35,1553.95,1,True,False,False,True,False,False,True,False,False,False,False,False,False,True,False,True,False,True,False,True,False,False,True,False,True,False,1520.25
0,32,72.8,2333.05,0,True,True,False,True,False,True,False,False,False,True,False,False,False,False,False,True,False,True,False,False,True,False,True,True,False,False,2329.6
0,43,19.55,876.15,0,True,False,False,True,False,False,False,True,True,False,True,False,True,False,True,False,True,False,True,False,False,True,False,False,False,True,840.65
1,71,24.65,1766.75,0,True,False,False,True,False,True,False,True,True,False,True,False,True,False,True,False,True,False,True,False,False,True,True,False,False,True,1750.1499999999999
0,54,114.65,6049.5,0,False,True,False,True,False,True,True,False,False,True,False,True,False,True,False,True,False,True,False,True,True,False,True,False,False,True,6191.1
0,5,81.0,389.6,1,False,False,False,True,False,False,True,False,False,False,False,False,False,False,False,False,False,True,False,False,False,False,True,True,False,False,405.0
0,14,19.55,294.5,0,False,True,True,True,False,False,False,True,True,False,True,False,True,False,True,False,True,False,True,False,True,False,False,False,False,True,273.7
0,62,100.15,6283.3,1,False,True,True,True,False,False,True,False,False,False,False,True,False,True,False,False,False,True,False,True,False,False,True,False,True,False,6209.3
1,72,90.15,6716.45,0,False,True,True,True,False,True,False,False,False,True,False,True,False,True,False,True,False,True,False,True,False,True,True,False,False,False,6490.8
0,42,108.3,4586.15,0,True,True,False,True,False,True,True,False,False,False,False,False,False,True,False,True,False,True,False,True,True,False,True,False,True,False,4548.599999999999
0,2,70.15,123.8,0,False,False,False,True,False,False,True,False,False,False,False,False,False,False,False,False,False,False,False,False,False,False,True,False,True,False,140.3
1,72,25.7,1937.4,0,False,True,False,True,False,True,False,True,True,False,True,False,True,False,True,False,True,False,True,False,False,True,True,True,False,False,1850.3999999999999
0,30,25.1,789.55,0,False,True,True,True,False,True,False,True,True,False,True,False,True,False,True,False,True,False,True,False,False,True,True,False,False,True,753.0
0,40,97.1,3706.95,1,True,True,False,True,False,True,True,False,False,False,False,False,False,False,False,False,False,True,False,True,False,False,True,False,False,False,3884.0
0,25,35.05,844.45,0,False,False,True,False,True,False,False,False,False,True,False,False,False,False,False,True,False,False,False,False,False,True,False,False,False,False,876.2499999999999
0,65,67.05,4309.55,0,True,True,False,True,False,True,False,False,False,True,False,True,False,True,False,False,False,False,False,False,True,False,False,True,False,False,4358.25
0,14,20.4,292.4,0,False,True,False,True,False,False,False,True,True,False,True,False,True,False,True,False,True,False,True,False,False,True,False,False,False,True,285.59999999999997
0,35,20.1,644.5,0,False,False,True,True,False,False,False,True,True,False,True,False,True,False,True,False,True,False,True,False,True,False,True,True,False,False,703.5
0,30,70.25,2198.9,0,False,True,False,True,False,False,False,False,False,False,False,True,False,True,False,True,False,False,False,True,True,False,False,False,False,False,2107.5
0,30,86.45,2538.05,0,False,True,True,True,False,False,True,False,False,False,False,False,False,True,False,False,False,False,False,True,True,False,False,False,True,False,2593.5
0,64,100.3,6603.8,0,True,False,False,True,False,False,True,False,False,True,False,True,False,False,False,False,False,True,False,True,True,False,True,True,False,False,6419.2
0,71,90.3,6287.3,0,True,True,True,True,False,True,False,False,False,True,False,True,False,True,False,True,False,True,False,True,False,True,False,True,False,False,6411.3
0,3,36.85,108.7,1,True,False,False,False,True,False,False,False,False,False,False,True,False,False,False,True,False,False,False,False,False,False,True,False,False,True,110.55000000000001
0,8,74.85,572.45,0,True,False,False,True,False,True,True,False,False,False,False,False,False,False,False,False,False,False,False,False,False,False,True,False,True,False,598.8
0,13,99.0,1301.7,1,True,False,False,True,False,True,True,False,False,False,False,False,False,False,False,True,False,True,False,True,False,False,True,False,False,True,1287.0
0,48,25.05,1171.5,0,False,False,False,True,False,True,False,True,True,False,True,False,True,False,True,False,True,False,True,False,True,False,False,True,False,False,1202.4
0,26,85.2,2184.6,0,True,False,False,True,False,False,True,False,False,False,False,True,False,True,False,True,False,False,False,False,True,False,True,False,True,False,2215.2000000000003
0,36,76.35,2606.35,0,False,False,False,True,False,False,False,False,False,True,False,True,False,True,False,True,False,True,False,False,True,False,True,False,False,True,2748.6
0,50,70.35,3533.6,0,False,False,True,True,False,False,True,False,False,False,False,False,False,False,False,False,False,False,False,False,False,True,False,True,False,False,3517.4999999999995
0,49,55.35,2633.95,0,True,True,False,True,False,True,False,False,False,True,False,False,False,False,False,False,False,False,False,False,True,False,True,False,True,False,2712.15
1,43,100.55,4304.0,0,True,True,False,True,False,False,True,False,False,False,False,True,False,True,False,False,False,True,False,True,True,False,True,False,False,False,4323.65
0,8,19.35,152.6,0,True,True,True,True,False,False,False,True,True,False,True,False,True,False,True,False,True,False,True,False,False,False,True,False,False,True,154.8
0,2,61.2,125.95,0,False,False,True,True,False,False,False,False,False,True,False,False,False,False,False,False,False,False,False,True,False,False,True,True,False,False,122.4
0,53,85.7,4616.1,0,True,True,True,True,False,True,False,False,False,True,False,False,False,True,False,True,False,True,False,True,False,False,False,False,True,False,4542.1
0,64,96.9,6314.35,0,False,True,False,True,False,False,True,False,False,True,False,False,False,False,False,True,False,True,False,True,True,False,True,False,False,True,6201.6
0,17,55.5,934.15,0,True,False,False,True,False,False,False,False,False,True,False,True,False,False,False,False,False,False,False,False,False,False,True,True,False,False,943.5
0,53,19.5,1050.5,0,True,False,False,True,False,False,False,True,True,False,True,False,True,False,True,False,True,False,True,False,False,True,False,True,False,False,1033.5
0,1,50.7,50.7,0,True,False,False,True,False,False,False,False,False,True,False,False,False,False,False,False,False,False,False,False,False,False,True,False,False,True,50.7
0,48,99.7,4977.2,0,False,True,True,True,False,False,True,False,False,True,False,False,False,True,False,False,False,True,False,True,True,False,True,False,False,False,4785.6
0,8,38.5,330.8,0,False,False,True,False,True,False,False,False,False,True,False,False,False,False,False,False,False,False,False,True,False,False,True,False,True,False,308.0
0,10,91.1,964.35,0,False,False,True,True,False,False,True,False,False,False,False,False,False,True,False,True,False,True,False,False,False,False,True,False,True,False,911.0
0,40,80.8,3132.75,0,True,True,False,True,False,False,True,False,False,False,False,True,False,True,False,False,False,False,False,False,True,False,False,False,True,False,3232.0
0,32,73.6,2316.85,0,False,True,True,True,False,False,False,False,False,True,False,True,False,True,False,True,False,False,False,True,False,True,False,False,False,True,2355.2
1,41,94.55,3851.45,0,True,True,False,True,False,False,True,False,False,False,False,True,False,False,False,False,False,True,False,True,False,False,True,False,True,False,3876.5499999999997
0,25,100.25,2387.75,1,False,False,False,True,False,True,True,False,False,False,False,True,False,False,False,False,False,True,False,True,False,False,True,False,True,False,2506.25
0,22,89.1,1949.4,0,True,False,True,True,False,True,True,False,False,False,False,True,False,False,False,False,False,True,False,False,False,False,True,True,False,False,1960.1999999999998
0,72,25.45,1866.45,0,False,False,False,True,False,True,False,True,True,False,True,False,True,False,True,False,True,False,True,False,False,True,False,True,False,False,1832.3999999999999
0,24,24.6,592.65,0,True,False,False,True,False,True,False,True,True,False,True,False,True,False,True,False,True,False,True,False,True,False,False,False,True,False,590.4000000000001
0,24,60.45,1440.75,0,True,False,False,True,False,False,False,False,False,True,False,True,False,False,False,True,False,False,False,False,False,False,False,False,False,False,1450.8000000000002
1,64,74.65,4869.35,0,False,False,False,True,False,True,False,False,False,False,False,True,False,True,False,True,False,False,False,True,False,False,False,True,False,False,4777.6
0,3,107.95,313.6,0,True,False,False,True,False,True,True,False,False,False,False,True,False,True,False,False,False,True,False,True,False,False,False,False,False,True,323.85
0,1,49.8,49.8,0,True,False,False,True,False,True,False,False,False,False,False,False,False,False,False,False,False,False,False,False,False,False,True,True,False,False,49.8
1,63,109.4,7031.45,0,True,False,False,True,False,True,True,False,False,True,False,True,False,True,False,False,False,True,False,True,False,False,True,False,False,False,6892.200000000001
0,13,53.45,718.1,0,False,False,True,True,False,False,False,False,False,False,False,False,False,True,False,True,False,False,False,False,False,False,False,False,False,True,694.85
0,20,55.0,1165.55,0,True,False,False,False,True,False,False,False,False,True,False,True,False,True,False,True,False,True,False,False,False,False,True,True,False,False,1100.0
0,54,86.2,4524.05,0,False,True,True,True,False,True,False,False,False,False,False,True,False,True,False,True,False,True,False,True,False,False,True,False,True,False,4654.8
0,38,19.6,763.1,0,False,True,True,True,False,False,False,True,True,False,True,False,True,False,True,False,True,False,True,False,True,False,False,True,False,False,744.8000000000001
1,1,69.75,69.75,1,True,False,False,True,False,False,True,False,False,False,False,False,False,False,False,False,False,False,False,False,False,False,True,False,True,False,69.75
0,67,43.9,3097.2,0,True,False,False,False,True,False,False,False,False,True,False,False,False,False,False,True,False,True,False,False,False,True,False,False,True,False,2941.2999999999997
0,55,96.8,5283.95,1,True,False,False,True,False,True,True,False,False,False,False,False,False,False,False,False,False,True,False,True,False,False,True,False,True,False,5324.0
0,53,64.15,3491.55,0,True,True,True,True,False,True,False,False,False,True,False,True,False,False,False,True,False,False,False,False,True,False,False,False,False,False,3399.9500000000003
0,29,26.1,692.55,0,False,True,True,True,False,True,False,True,True,False,True,False,True,False,True,False,True,False,True,False,False,True,False,False,False,True,756.9000000000001
0,14,55.7,795.15,0,False,False,False,True,False,False,False,False,False,True,False,False,False,False,False,True,False,False,False,False,True,False,False,False,False,True,779.8000000000001
0,48,60.35,2896.4,1,False,False,False,True,False,False,False,False,False,True,False,False,False,True,False,True,False,False,False,False,True,False,True,True,False,False,2896.8
0,48,69.55,3435.6,0,False,True,False,True,False,True,False,False,False,False,False,False,False,True,False,True,False,False,False,True,True,False,True,False,False,True,3338.3999999999996
0,1,59.55,59.55,0,True,False,True,True,False,False,False,False,False,False,False,False,False,False,False,True,False,False,False,True,False,False,True,False,False,True,59.55
0,44,24.85,1013.6,0,True,True,True,True,False,True,False,True,True,False,True,False,True,False,True,False,True,False,True,False,True,False,False,False,True,False,1093.4
0,45,95.95,4456.65,0,True,True,True,True,False,True,True,False,False,False,False,True,False,True,False,False,False,False,False,True,False,False,True,False,False,False,4317.75
0,56,73.85,4092.85,1,False,False,False,True,False,False,True,False,False,False,False,True,False,False,False,False,False,False,False,False,False,False,True,False,True,False,4135.599999999999
0,14,31.1,419.7,0,True,False,False,False,True,False,False,False,False,False,False,True,False,False,False,False,False,False,False,False,False,False,True,False,False,True,435.40000000000003
0,2,71.3,157.75,0,True,False,False,True,False,False,True,False,False,False,False,False,False,False,False,False,False,False,False,False,False,False,True,True,False,False,142.6
1,36,54.1,1992.85,0,True,True,False,True,False,False,False,False,False,False,False,False,False,True,False,True,False,False,False,False,True,False,False,True,False,False,1947.6000000000001
0,5,39.5,210.75,1,False,False,False,False,True,False,False,False,False,False,False,False,False,True,False,False,False,False,False,True,False,False,False,False,True,False,197.5
0,69,61.4,4059.85,0,False,True,True,True,False,True,False,False,False,True,False,False,False,False,False,True,False,False,False,False,False,True,False,True,False,False,4236.599999999999
0,62,108.15,6825.65,0,True,True,True,True,False,False,True,False,False,True,False,True,False,True,False,True,False,True,False,True,False,True,False,False,False,True,6705.3
0,1,19.9,19.9,0,False,False,False,True,False,False,False,True,True,False,True,False,True,False,True,False,True,False,True,False,False,False,False,False,False,True,19.9
0,34,65.0,2157.5,0,False,False,False,True,False,True,False,False,False,False,False,False,False,False,False,True,False,True,False,False,False,False,False,False,False,True,2210.0
0,16,80.75,1321.3,0,True,True,False,True,False,False,True,False,False,True,False,True,False,False,False,False,False,False,False,False,False,False,False,False,False,False,1292.0
0,14,18.8,255.55,0,False,True,True,True,False,False,False,True,True,False,True,False,True,False,True,False,True,False,True,False,False,True,False,False,False,True,263.2
0,49,97.95,4917.9,0,True,True,True,True,False,True,True,False,False,False,False,False,False,False,False,True,False,True,False,True,True,False,True,False,True,False,4799.55
0,2,80.25,144.55,1,True,False,False,True,False,False,True,False,False,False,False,False,False,False,False,False,False,True,False,False,False,False,True,False,True,False,160.5
0,26,19.15,515.75,0,True,True,True,True,False,False,False,True,True,False,True,False,True,False,True,False,True,False,True,False,False,True,True,True,False,False,497.9
0,22,95.9,2234.95,0,True,True,False,True,False,True,True,False,False,True,False,False,False,False,False,True,False,True,False,False,False,False,False,True,False,False,2109.8
0,33,73.9,2405.05,1,True,True,True,True,False,False,False,False,False,False,False,False,False,True,False,True,False,True,False,True,True,False,True,False,False,True,2438.7000000000003
0,4,19.5,96.85,0,True,True,True,True,False,False,False,True,True,False,True,False,True,False,True,False,True,False,True,False,False,True,False,True,False,False,78.0
0,19,19.65,358.15,0,True,False,False,True,False,False,False,True,True,False,True,False,True,False,True,False,True,False,True,False,False,True,False,False,False,True,373.34999999999997
0,57,89.55,5012.35,0,True,False,True,True,False,True,False,False,False,True,False,True,False,True,False,True,False,True,False,True,False,True,False,False,False,True,5104.349999999999
0,51,86.35,4267.15,0,True,False,False,True,False,False,True,False,False,True,False,False,False,False,False,False,False,True,False,False,True,False,False,False,False,True,4403.849999999999
0,1,44.15,44.15,1,True,False,False,True,False,False,False,False,False,False,False,False,False,False,False,False,False,False,False,False,False,False,True,False,False,True,44.15
0,3,90.4,268.45,0,True,False,False,True,False,False,True,False,False,False,False,True,False,True,False,False,False,False,False,True,False,False,False,False,True,False,271.20000000000005
0,1,20.2,20.2,0,True,True,True,True,False,False,False,True,True,False,True,False,True,False,True,False,True,False,True,False,True,False,True,False,True,False,20.2
0,15,45.9,693.45,0,False,False,False,False,True,False,False,False,False,True,False,True,False,True,False,True,False,False,False,False,True,False,False,False,False,True,688.5
0,52,79.75,4217.8,0,True,False,False,True,False,True,False,False,False,True,False,False,False,False,False,True,False,True,False,True,False,True,True,True,False,False,4147.0
0,56,100.3,5614.45,1,True,True,False,True,False,True,True,False,False,False,False,True,False,False,False,False,False,True,False,True,True,False,False,True,False,False,5616.8
0,3,76.95,228.4,1,True,False,False,True,False,True,True,False,False,False,False,False,False,False,False,False,False,False,False,False,False,False,True,False,True,False,230.85000000000002
0,26,35.4,978.6,0,False,True,False,False,True,False,False,False,False,True,False,False,False,True,False,False,False,False,False,False,True,False,False,True,False,False,920.4
0,68,110.8,7553.6,0,False,True,False,True,False,True,True,False,False,True,False,True,False,True,False,False,False,True,False,True,False,True,True,False,False,False,7534.4
0,4,50.55,235.65,0,False,False,False,True,False,False,False,False,False,True,False,False,False,False,False,False,False,False,False,False,False,False,True,False,False,False,202.2
0,72,25.55,1867.7,0,True,True,True,True,False,True,False,True,True,False,True,False,True,False,True,False,True,False,True,False,False,True,False,True,False,False,1839.6000000000001
0,40,105.95,4335.2,0,False,False,False,True,False,True,True,False,False,False,False,False,False,True,False,True,False,True,False,True,True,False,True,True,False,False,4238.0
1,66,99.5,6822.15,1,True,True,True,True,False,True,True,False,False,False,False,False,False,True,False,False,False,True,False,True,False,False,True,True,False,False,6567.0
0,1,19.85,19.85,0,True,True,True,True,False,False,False,True,True,False,True,False,True,False,True,False,True,False,True,False,True,False,False,True,False,False,19.85
1,19,105.0,2007.25,0,False,False,False,True,False,False,True,False,False,True,False,True,False,False,False,True,False,True,False,True,False,False,True,False,False,True,1995.0
0,42,19.55,839.4,0,True,False,False,True,False,False,False,True,True,False,True,False,True,False,True,False,True,False,True,False,True,False,True,False,False,True,821.1
0,34,97.7,3410.0,0,True,True,True,True,False,True,True,False,False,False,False,True,False,False,False,False,False,True,False,True,False,False,True,False,False,False,3321.8
0,1,81.1,81.1,1,False,False,False,True,False,False,True,False,False,False,False,False,False,False,False,False,False,False,False,True,False,False,True,False,True,False,81.1
0,72,88.7,6501.35,0,True,True,True,True,False,True,False,False,False,True,False,True,False,True,False,True,False,True,False,True,False,True,False,True,False,False,6386.400000000001
0,51,19.85,996.95,0,False,False,False,True,False,False,False,True,True,False,True,False,True,False,True,False,True,False,True,False,True,False,True,False,False,False,1012.35
1,55,85.45,4874.7,1,False,True,False,True,False,True,True,False,False,False,False,True,False,True,False,False,False,False,False,False,False,False,True,False,True,False,4699.75
0,66,102.45,6615.15,1,False,True,True,True,False,True,True,False,False,False,False,True,False,True,False,False,False,True,False,True,True,False,True,True,False,False,6761.7
1,30,90.05,2627.2,0,False,True,False,True,False,True,True,False,False,False,False,True,False,False,False,False,False,True,False,False,False,False,True,False,True,False,2701.5
1,34,90.15,3128.8,0,True,True,False,True,False,False,True,False,False,True,False,False,False,False,False,True,False,True,False,False,True,False,False,False,False,True,3065.1000000000004
0,55,77.75,4458.15,1,False,True,False,True,False,True,True,False,False,False,False,False,False,True,False,False,False,False,False,False,False,False,True,False,True,False,4276.25
0,54,95.1,5064.85,0,False,False,False,True,False,True,True,False,False,False,False,False,False,True,False,True,False,False,False,True,False,True,True,False,False,False,5135.4
0,57,39.3,2111.45,1,True,False,False,False,True,False,False,False,False,False,False,True,False,False,False,False,False,True,False,False,False,False,True,False,True,False,2240.1
0,11,74.35,834.2,1,True,True,True,True,False,True,True,False,False,False,False,False,False,False,False,False,False,False,False,False,False,False,True,False,True,False,817.8499999999999
0,2,19.65,31.2,0,True,False,False,True,False,False,False,True,True,False,True,False,True,False,True,False,True,False,True,False,False,False,True,False,True,False,39.3
1,4,69.35,261.65,0,True,False,False,True,False,False,True,False,False,False,False,False,False,False,False,False,False,False,False,False,False,False,False,False,True,False,277.4
0,72,90.95,6652.45,0,False,True,True,True,False,True,False,False,False,True,False,True,False,True,False,True,False,True,False,True,False,True,False,True,False,False,6548.400000000001
0,48,20.05,1036.0,0,True,True,False,True,False,False,False,True,True,False,True,False,True,False,True,False,True,False,True,False,False,True,True,False,False,True,962.4000000000001
0,26,20.65,595.5,0,True,False,False,True,False,False,False,True,True,False,True,False,True,False,True,False,True,False,True,False,True,False,True,True,False,False,536.9
0,15,19.8,272.95,0,False,True,True,True,False,False,False,True,True,False,True,False,True,False,True,False,True,False,True,False,False,False,False,False,False,True,297.0
0,15,83.2,1130.0,0,False,False,False,True,False,False,True,False,False,False,False,True,False,False,False,False,False,True,False,False,False,False,True,False,False,False,1248.0
0,64,102.45,6654.1,0,True,True,False,True,False,False,True,False,False,False,False,True,False,True,False,True,False,True,False,True,True,False,True,True,False,False,6556.8
0,71,111.25,7984.15,0,False,False,False,True,False,True,True,False,False,False,False,True,False,True,False,True,False,True,False,True,False,True,True,False,True,False,7898.75
0,63,68.8,4111.35,0,True,False,False,True,False,True,False,False,False,True,False,True,False,True,False,True,False,False,False,False,True,False,False,False,False,False,4334.4
0,1,19.9,19.9,0,True,False,False,True,False,False,False,True,True,False,True,False,True,False,True,False,True,False,True,False,False,False,True,False,False,True,19.9
0,64,104.4,6721.6,0,False,True,True,True,False,True,True,False,False,True,False,False,False,False,False,True,False,True,False,True,True,False,True,False,False,False,6681.6
0,45,75.95,3273.8,0,True,False,False,True,False,False,False,False,False,True,False,False,False,True,False,False,False,True,False,True,False,False,True,False,True,False,3417.75
0,4,19.6,93.45,0,False,True,False,True,False,False,False,True,True,False,True,False,True,False,True,False,True,False,True,False,False,False,False,False,False,True,78.4
0,31,89.9,2806.9,1,False,False,False,True,False,True,True,False,False,False,False,False,False,True,False,False,False,False,False,True,False,False,True,False,True,False,2786.9
0,68,110.0,7611.85,1,True,True,False,True,False,True,True,False,False,False,False,True,False,True,False,True,False,True,False,True,False,True,True,False,False,False,7480.0
0,25,81.75,2028.8,0,True,False,False,True,False,True,False,False,False,True,False,True,False,True,False,True,False,False,False,True,False,False,False,False,False,False,2043.75
0,72,24.75,1769.6,0,True,True,True,True,False,True,False,True,True,False,True,False,True,False,True,False,True,False,True,False,False,True,False,False,False,False,1782.0
0,36,55.8,1941.5,0,False,False,False,True,False,True,False,False,False,False,False,False,False,True,False,False,False,False,False,False,True,False,False,False,True,False,2008.8
0,1,44.0,44.0,0,True,False,False,True,False,False,False,False,False,False,False,False,False,False,False,False,False,False,False,False,False,False,False,False,True,False,44.0
0,0,25.35,1397.475,0,True,True,True,True,False,True,False,True,True,False,True,False,True,False,True,False,True,False,True,False,False,True,False,False,False,True,0.0
0,25,19.8,475.2,0,False,False,False,True,False,False,False,True,True,False,True,False,True,False,True,False,True,False,True,False,False,True,False,True,False,False,495.0
0,8,19.2,161.95,0,False,False,False,True,False,False,False,True,True,False,True,False,True,False,True,False,True,False,True,False,True,False,True,False,False,True,153.6
0,37,75.1,2658.8,0,False,True,True,True,False,False,False,False,False,True,False,True,False,False,False,False,False,True,False,True,True,False,False,False,False,False,2778.7
1,4,94.75,422.4,0,True,False,False,True,False,False,True,False,False,False,False,False,False,True,False,False,False,True,False,True,False,False,True,False,True,False,379.0
0,28,82.85,2320.8,0,False,True,True,True,False,False,True,False,False,True,False,False,False,False,False,False,False,False,False,True,True,False,True,False,False,False,2319.7999999999997
0,37,45.4,1593.1,0,False,True,False,False,True,False,False,False,False,True,False,False,False,False,False,True,False,True,False,False,False,True,False,False,True,False,1679.8
0,8,20.45,162.3,0,True,False,False,True,False,False,False,True,True,False,True,False,True,False,True,False,True,False,True,False,False,False,True,True,False,False,163.6
0,1,48.75,48.75,0,True,True,True,True,False,False,False,False,False,True,False,False,False,False,False,False,False,False,False,False,False,False,True,False,False,True,48.75
0,25,20.05,471.7,0,False,False,True,True,False,False,False,True,True,False,True,False,True,False,True,False,True,False,True,False,False,False,False,True,False,False,501.25
0,26,98.35,2515.3,1,True,False,False,True,False,True,True,False,False,False,False,False,False,True,False,False,False,True,False,True,False,False,True,False,True,False,2557.1
1,9,80.85,751.65,1,False,False,False,True,False,False,True,False,False,False,False,False,False,False,False,False,False,True,False,False,False,False,True,False,True,False,727.65
0,21,102.8,2110.15,1,False,True,True,True,False,False,True,False,False,False,False,True,False,True,False,True,False,True,False,True,False,False,True,False,True,False,2158.7999999999997
1,19,79.85,1471.75,1,True,False,False,True,False,True,True,False,False,False,False,False,False,True,False,False,False,False,False,False,False,False,True,False,True,False,1517.1499999999999
0,18,33.6,550.35,0,True,False,False,False,True,False,False,False,False,True,False,False,False,True,False,False,False,False,False,False,False,False,False,False,False,True,604.8000000000001
0,32,108.15,3432.9,1,True,False,False,True,False,True,True,False,False,True,False,True,False,False,False,True,False,True,False,True,False,False,True,True,False,False,3460.8
1,23,34.65,768.45,0,True,False,False,False,True,False,False,False,False,False,False,False,False,False,False,False,False,False,False,True,False,False,True,False,False,False,796.9499999999999
0,55,75.0,4213.9,0,False,True,True,True,False,True,False,False,False,True,False,True,False,False,False,True,False,True,False,False,True,False,True,True,False,False,4125.0
0,43,26.45,1110.05,0,True,False,False,True,False,True,False,True,True,False,True,False,True,False,True,False,True,False,True,False,False,True,False,False,False,False,1137.35
1,2,44.7,93.7,1,True,False,False,True,False,False,False,False,False,False,False,False,False,False,False,False,False,False,False,False,False,False,True,False,True,False,89.4
0,5,82.75,417.75,0,False,False,False,True,False,True,True,False,False,False,False,False,False,True,False,True,False,False,False,False,False,False,True,False,True,False,413.75
0,14,61.4,815.55,0,True,True,True,True,False,False,False,False,False,True,False,True,False,False,False,False,False,False,False,True,False,True,True,False,False,False,859.6
0,4,61.3,249.4,0,True,False,False,True,False,False,False,False,False,False,False,False,False,False,False,True,False,True,False,False,False,False,True,False,True,False,245.2
0,4,44.55,220.75,0,True,False,False,True,False,False,False,False,False,False,False,False,False,False,False,False,False,False,False,False,False,False,False,False,False,True,178.2
0,12,20.1,223.6,0,False,False,False,True,False,False,False,True,True,False,True,False,True,False,True,False,True,False,True,False,False,False,False,False,False,True,241.20000000000002
0,68,86.45,5762.95,0,False,True,False,True,False,True,True,False,False,False,False,True,False,True,False,False,False,False,False,False,True,False,False,True,False,False,5878.6
0,10,85.6,813.85,1,True,True,False,True,False,True,True,False,False,False,False,False,False,False,False,False,False,True,False,False,False,False,True,False,True,False,856.0
0,53,94.85,5000.2,1,False,True,False,True,False,False,True,False,False,False,False,False,False,True,False,False,False,True,False,True,True,False,True,False,False,False,5027.049999999999
0,66,89.0,5898.6,0,False,True,False,True,False,True,True,False,False,True,False,True,False,False,False,True,False,False,False,False,True,False,False,False,True,False,5874.0
0,27,19.4,460.25,0,True,False,False,True,False,False,False,True,True,False,True,False,True,False,True,False,True,False,True,False,False,False,True,True,False,False,523.8
1,34,79.6,2718.3,1,False,True,True,True,False,True,True,False,False,False,False,True,False,False,False,False,False,False,False,False,False,False,True,False,False,True,2706.3999999999996
1,11,84.8,906.85,1,False,False,False,True,False,True,True,False,False,False,False,False,False,False,False,False,False,False,False,True,False,False,True,True,False,False,932.8
0,64,25.55,1714.95,0,False,True,False,True,False,True,False,True,True,False,True,False,True,False,True,False,True,False,True,False,False,True,False,False,False,True,1635.2
0,13,81.9,1028.9,0,False,False,False,True,False,False,True,False,False,False,False,False,False,False,False,False,False,True,False,False,False,False,True,False,False,True,1064.7
0,3,20.2,50.6,0,True,False,True,True,False,False,False,True,True,False,True,False,True,False,True,False,True,False,True,False,False,False,False,False,False,False,60.599999999999994
0,24,89.55,2187.15,0,True,False,False,True,False,False,True,False,False,False,False,True,False,True,False,False,False,False,False,True,False,False,True,False,True,False,2149.2
0,69,61.45,4131.2,0,False,True,False,True,False,False,False,False,False,False,False,True,False,False,False,False,False,False,False,True,False,True,True,True,False,False,4240.05
0,20,95.5,1916.2,0,False,True,True,True,False,True,True,False,False,False,False,False,False,True,False,True,False,False,False,True,False,False,True,False,False,False,1910.0
0,48,44.8,2104.55,0,False,False,False,False,True,False,False,False,False,True,False,True,False,False,False,False,False,True,False,False,False,False,True,False,True,False,2150.3999999999996
0,13,54.45,706.85,1,True,True,False,False,True,False,False,False,False,True,False,False,False,False,False,True,False,True,False,True,False,False,True,False,True,False,707.85
1,5,85.55,408.5,0,True,False,False,True,False,False,True,False,False,False,False,True,False,False,False,False,False,False,False,True,False,False,True,False,True,False,427.75
0,5,69.95,320.4,0,False,True,True,True,False,False,True,False,False,False,False,False,False,False,False,False,False,False,False,False,False,False,False,True,False,False,349.75
1,1,74.3,74.3,0,True,True,False,True,False,True,True,False,False,False,False,False,False,False,False,False,False,False,False,False,False,False,False,False,True,False,74.3
0,30,94.4,2838.7,1,True,True,True,True,False,True,True,False,False,True,False,True,False,False,False,False,False,True,False,False,False,False,True,False,True,False,2832.0
0,13,100.75,1313.25,0,True,False,False,True,False,True,True,False,False,False,False,False,False,False,False,True,False,True,False,True,False,False,False,False,True,False,1309.75
0,61,93.7,5860.7,0,False,True,False,True,False,False,True,False,False,True,False,True,False,False,False,True,False,False,False,True,True,False,False,False,False,False,5715.7
0,4,20.45,82.85,0,False,False,False,True,False,False,False,True,True,False,True,False,True,False,True,False,True,False,True,False,False,False,False,True,False,False,81.8
0,10,55.2,528.35,1,False,True,True,True,False,False,False,False,False,False,False,False,False,True,False,True,False,False,False,False,False,False,False,True,False,False,552.0
0,40,63.9,2635.0,0,False,True,False,True,False,True,False,False,False,False,False,True,False,False,False,False,False,True,False,False,True,False,False,False,False,False,2556.0
0,43,66.25,2907.35,0,True,True,False,True,False,True,False,False,False,True,False,True,False,False,False,True,False,False,False,False,False,False,False,False,False,False,2848.75
0,1,29.85,29.85,0,False,True,False,False,True,False,False,False,False,False,False,True,False,False,False,False,False,False,False,False,False,False,True,False,True,False,29.85
0,9,69.5,653.25,0,True,False,False,True,False,False,False,False,False,True,False,False,False,True,False,True,False,True,False,False,False,False,True,False,False,True,625.5
1,1,69.85,69.85,1,False,False,False,True,False,False,True,False,False,False,False,False,False,False,False,False,False,False,False,False,False,False,True,False,True,False,69.85
0,19,20.25,383.65,0,False,False,False,True,False,False,False,True,True,False,True,False,True,False,True,False,True,False,True,False,True,False,False,True,False,False,384.75
0,9,75.2,633.85,0,False,False,False,True,False,True,True,False,False,False,False,False,False,False,False,False,False,False,False,False,False,False,True,True,False,False,676.8000000000001
0,9,81.15,784.45,0,True,False,False,True,False,True,True,False,False,True,False,False,False,False,False,False,False,False,False,False,False,False,True,False,True,False,730.35
0,18,20.05,345.9,0,True,True,True,True,False,False,False,True,True,False,True,False,True,False,True,False,True,False,True,False,True,False,False,False,False,False,360.90000000000003
0,67,105.7,6816.95,0,False,True,False,True,False,True,True,False,False,False,False,True,False,True,False,False,False,True,False,True,True,False,True,False,False,False,7081.900000000001
0,13,43.8,592.65,0,False,True,False,True,False,False,False,False,False,False,False,False,False,False,False,False,False,False,False,False,True,False,False,False,True,False,569.4
0,5,70.05,346.4,1,True,False,False,True,False,False,False,False,False,False,False,False,False,True,False,False,False,True,False,True,False,False,True,False,True,False,350.25
1,33,109.9,3694.7,0,True,True,False,True,False,True,True,False,False,True,False,False,False,True,False,True,False,True,False,True,False,False,True,False,False,False,3626.7000000000003
0,62,65.1,3846.75,0,False,False,False,True,False,False,False,False,False,True,False,False,False,False,False,True,False,False,False,True,False,True,True,False,False,True,4036.2
0,72,100.55,7325.1,0,True,True,False,True,False,True,True,False,False,True,False,True,False,False,False,True,False,False,False,True,False,True,True,False,False,False,7239.599999999999
0,8,84.5,662.65,1,True,False,False,True,False,True,True,False,False,False,False,False,False,False,False,False,False,False,False,True,False,False,False,False,False,False,676.0
1,1,46.0,46.0,1,False,True,False,True,False,False,False,False,False,False,False,False,False,False,False,False,False,False,False,False,False,False,False,False,True,False,46.0
0,44,95.1,4060.55,0,False,True,False,True,False,True,True,False,False,True,False,True,False,True,False,True,False,False,False,False,False,False,True,True,False,False,4184.4
0,17,96.65,1588.25,0,True,True,False,True,False,False,True,False,False,False,False,False,False,True,False,False,False,True,False,True,True,False,True,False,False,False,1643.0500000000002
0,30,100.05,3046.15,1,False,True,True,True,False,True,True,False,False,False,False,False,False,True,False,False,False,True,False,True,False,False,True,False,True,False,3001.5
0,69,26.0,1796.55,0,True,True,True,True,False,True,False,True,True,False,True,False,True,False,True,False,True,False,True,False,False,True,True,False,False,False,1794.0
0,23,49.7,1081.25,0,False,False,False,True,False,False,False,False,False,False,False,False,False,True,False,False,False,False,False,False,False,False,False,True,False,False,1143.1000000000001
0,2,86.2,178.7,1,False,False,False,True,False,False,True,False,False,False,False,False,False,True,False,False,False,False,False,True,False,False,True,False,False,True,172.4
1,3,45.0,127.1,1,False,False,False,True,False,False,False,False,False,False,False,False,False,False,False,False,False,False,False,False,False,False,False,False,True,False,135.0
0,30,74.65,2308.6,0,False,False,False,True,False,False,False,False,False,True,False,True,False,True,False,True,False,True,False,False,True,False,False,True,False,False,2239.5
0,1,43.85,43.85,0,True,False,False,True,False,False,False,False,False,False,False,False,False,False,False,False,False,False,False,False,False,False,True,False,False,False,43.85
1,8,100.15,908.55,0,False,False,False,True,False,True,True,False,False,False,False,False,False,False,False,True,False,True,False,True,False,False,True,True,False,False,801.2
1,59,82.95,4903.15,0,True,True,False,True,False,False,True,False,False,True,False,True,False,True,False,False,False,False,False,False,True,False,True,True,False,False,4894.05
1,7,51.3,419.35,0,False,False,False,True,False,False,False,False,False,False,False,True,False,False,False,False,False,False,False,False,False,False,True,False,False,True,359.09999999999997
0,37,95.15,3532.85,0,False,True,True,True,False,True,True,False,False,False,False,True,False,True,False,False,False,False,False,True,False,False,True,False,True,False,3520.55
0,49,109.2,5290.45,0,True,False,True,True,False,True,True,False,False,True,False,True,False,True,False,False,False,True,False,True,True,False,True,True,False,False,5350.8
0,26,81.9,2078.55,0,False,True,False,True,False,False,False,False,False,False,False,True,False,True,False,True,False,True,False,True,False,False,False,False,False,False,2129.4
0,1,79.55,79.55,1,False,False,False,True,False,False,True,False,False,False,False,False,False,False,False,False,False,True,False,False,False,False,False,False,True,False,79.55
0,62,113.95,6891.4,0,False,True,False,True,False,True,True,False,False,True,False,True,False,True,False,True,False,True,False,True,False,True,False,False,False,True,7064.900000000001
0,17,19.55,280.85,0,False,False,False,True,False,False,False,True,True,False,True,False,True,False,True,False,True,False,True,False,True,False,False,False,False,True,332.35
0,36,95.0,3440.25,0,True,True,False,True,False,True,True,False,False,False,False,False,False,False,False,False,False,True,False,True,False,False,True,False,False,False,3420.0
0,32,20.5,696.8,0,True,False,True,True,False,False,False,True,True,False,True,False,True,False,True,False,True,False,True,False,False,True,False,False,False,True,656.0
0,2,19.95,47.7,0,True,False,False,True,False,False,False,True,True,False,True,False,True,False,True,False,True,False,True,False,True,False,False,False,False,True,39.9
0,30,19.3,602.9,0,False,True,True,True,False,False,False,True,True,False,True,False,True,False,True,False,True,False,True,False,False,True,False,False,False,True,579.0
0,21,106.1,2249.95,1,True,True,False,True,False,True,True,False,False,False,False,False,False,True,False,True,False,True,False,True,False,False,True,False,True,False,2228.1
0,66,106.05,6981.35,1,True,True,False,True,False,True,True,False,False,True,False,False,False,True,False,False,False,True,False,True,False,True,True,True,False,False,6999.3
0,32,80.35,2596.15,1,True,False,False,True,False,True,True,False,False,False,False,True,False,False,False,False,False,False,False,False,False,False,True,False,False,False,2571.2
1,3,80.4,224.05,1,False,True,False,True,False,False,True,False,False,False,False,False,False,False,False,False,False,True,False,False,False,False,True,False,True,False,241.20000000000002
0,69,20.2,1412.65,0,False,True,True,True,False,False,False,True,True,False,True,False,True,False,True,False,True,False,True,False,False,True,False,False,False,False,1393.8
0,10,110.1,1043.3,1,True,False,False,True,False,False,True,False,False,True,False,True,False,True,False,True,False,True,False,True,False,False,True,False,True,False,1101.0
1,1,69.25,69.25,1,False,False,False,True,False,False,True,False,False,False,False,False,False,False,False,False,False,False,False,False,False,False,True,False,True,False,69.25
0,69,90.65,6322.1,0,True,False,False,True,False,True,False,False,False,True,False,True,False,True,False,True,False,True,False,True,False,True,False,False,False,True,6254.85
1,4,94.3,424.45,1,False,False,False,True,False,True,True,False,False,False,False,False,False,False,False,False,False,True,False,True,False,False,True,False,True,False,377.2
0,66,63.3,4189.7,0,True,True,True,True,False,True,False,False,False,False,False,False,False,True,False,False,False,True,False,False,False,True,True,False,False,False,4177.8
0,35,24.15,812.5,0,False,False,False,False,True,False,False,False,False,False,False,False,False,False,False,False,False,False,False,False,False,False,False,False,True,False,845.25
0,22,104.6,2180.55,0,True,True,False,True,False,False,True,False,False,True,False,True,False,False,False,True,False,True,False,True,False,False,True,False,True,False,2301.2
0,55,19.4,1083.0,0,False,True,True,True,False,False,False,True,True,False,True,False,True,False,True,False,True,False,True,False,False,True,False,True,False,False,1067.0
0,9,80.8,713.1,1,True,False,False,True,False,False,True,False,False,False,False,False,False,False,False,False,False,False,False,True,False,False,True,False,True,False,727.1999999999999
0,55,89.8,4959.6,0,False,True,False,True,False,True,True,False,False,True,False,False,False,False,False,False,False,True,False,False,False,False,True,False,False,False,4939.0
0,36,106.05,3834.4,0,False,True,False,True,False,True,True,False,False,True,False,True,False,True,False,True,False,False,False,True,False,True,True,True,False,False,3817.7999999999997
1,27,81.45,2122.05,1,True,False,False,True,False,True,True,False,False,False,False,True,False,False,False,False,False,False,False,False,False,False,True,False,True,False,2199.15
0,67,106.7,7009.5,0,False,True,True,True,False,True,True,False,False,True,False,False,False,False,False,True,False,True,False,True,False,True,False,True,False,False,7148.900000000001
1,54,101.5,5373.1,1,False,True,False,True,False,True,True,False,False,False,False,True,False,False,False,False,False,True,False,True,True,False,True,True,False,False,5481.0
0,62,39.0,2337.45,0,True,True,False,False,True,False,False,False,False,False,False,False,False,False,False,True,False,True,False,False,False,True,True,False,False,False,2418.0
0,56,52.0,2884.9,0,True,True,True,False,True,False,False,False,False,True,False,True,False,False,False,True,False,True,False,False,True,False,True,False,False,True,2912.0
0,34,109.8,3587.25,1,False,False,False,True,False,True,True,False,False,True,False,True,False,True,False,False,False,True,False,True,False,False,True,False,False,True,3733.2
0,33,86.15,2745.7,1,False,True,True,True,False,True,True,False,False,False,False,False,False,False,False,False,False,False,False,True,False,False,False,True,False,False,2842.9500000000003
0,5,93.9,486.85,1,False,False,False,True,False,True,True,False,False,False,False,False,False,False,False,False,False,True,False,True,False,False,True,False,False,True,469.5
0,16,19.6,314.45,0,False,True,False,True,False,False,False,True,True,False,True,False,True,False,True,False,True,False,True,False,False,False,False,False,False,True,313.6
0,34,88.85,3000.25,0,True,True,False,True,False,True,True,False,False,False,False,True,False,False,False,False,False,False,False,True,False,False,False,False,False,True,3020.8999999999996
1,58,105.5,6205.5,1,False,True,False,True,False,False,True,False,False,True,False,True,False,False,False,True,False,True,False,True,True,False,True,True,False,False,6119.0
1,66,70.85,4738.85,0,False,True,False,True,False,True,False,False,False,False,False,True,False,True,False,False,False,True,False,False,True,False,True,False,False,False,4676.099999999999
0,37,20.15,785.75,0,True,False,False,True,False,False,False,True,True,False,True,False,True,False,True,False,True,False,True,False,True,False,False,True,False,False,745.55
0,6,45.5,285.2,0,False,True,True,True,False,False,False,False,False,False,False,False,False,False,False,False,False,False,False,False,False,False,False,False,False,True,273.0
0,65,74.2,4805.65,0,True,False,False,True,False,True,False,False,False,False,False,True,False,True,False,True,False,False,False,True,False,True,True,True,False,False,4823.0
0,51,20.45,1042.65,0,True,False,False,True,False,False,False,True,True,False,True,False,True,False,True,False,True,False,True,False,False,True,False,False,False,True,1042.95
0,2,45.35,89.5,1,True,False,False,True,False,False,False,False,False,False,False,False,False,False,False,False,False,False,False,False,False,False,False,False,True,False,90.7
0,18,68.35,1299.8,0,True,False,False,True,False,False,False,False,False,True,False,False,False,True,False,True,False,True,False,False,False,False,True,False,True,False,1230.3
0,51,60.5,3145.15,0,False,True,False,True,False,False,False,False,False,True,False,True,False,False,False,True,False,False,False,False,True,False,True,False,False,False,3085.5
0,9,20.25,186.15,0,False,False,False,True,False,False,False,True,True,False,True,False,True,False,True,False,True,False,True,False,False,False,False,False,False,True,182.25
0,15,99.7,1566.75,0,True,False,False,True,False,True,True,False,False,True,False,False,False,False,False,False,False,True,False,True,False,False,True,False,True,False,1495.5
0,72,105.55,7542.25,0,True,True,True,True,False,True,True,False,False,True,False,False,False,True,False,False,False,True,False,True,False,True,True,False,False,False,7599.599999999999
0,12,19.35,212.3,0,True,False,True,True,False,False,False,True,True,False,True,False,True,False,True,False,True,False,True,False,False,True,False,False,False,False,232.20000000000002
0,60,39.6,2424.5,0,True,False,False,False,True,False,False,False,False,True,False,True,False,True,False,False,False,False,False,False,False,True,False,False,False,False,2376.0
0,32,19.4,641.15,0,False,True,False,True,False,False,False,True,True,False,True,False,True,False,True,False,True,False,True,False,False,False,False,False,False,False,620.8
0,6,80.5,463.05,1,True,False,False,True,False,False,True,False,False,False,False,False,False,False,False,False,False,True,False,False,False,False,True,True,False,False,483.0
0,39,100.0,3835.55,0,True,True,True,True,False,True,True,False,False,False,False,False,False,True,False,False,False,True,False,True,True,False,False,False,True,False,3900.0
0,2,74.75,144.8,0,True,False,False,True,False,False,True,False,False,False,False,True,False,False,False,False,False,False,False,False,False,False,True,False,True,False,149.5
0,71,79.05,5552.5,0,True,False,False,True,False,True,True,False,False,False,False,True,False,False,False,False,False,False,False,False,True,False,True,True,False,False,5612.55
0,1,60.15,60.15,1,False,False,False,True,False,True,False,False,False,False,False,False,False,False,False,False,False,False,False,True,False,False,True,False,True,False,60.15
0,2,80.2,181.1,1,True,False,False,True,False,False,True,False,False,False,False,False,False,False,False,False,False,False,False,True,False,False,True,False,True,False,160.4
0,72,109.7,8129.3,0,False,True,True,True,False,True,True,False,False,True,False,True,False,True,False,False,False,True,False,True,False,True,False,True,False,False,7898.400000000001
0,41,68.6,2877.05,0,False,False,False,True,False,True,False,False,False,False,False,False,False,True,False,True,False,False,False,True,True,False,True,False,True,False,2812.6
1,7,74.85,485.25,0,True,True,False,True,False,True,True,False,False,False,False,False,False,False,False,False,False,False,False,False,False,False,True,False,True,False,523.9499999999999
1,35,94.55,3365.4,0,True,True,False,True,False,True,True,False,False,True,False,True,False,False,False,False,False,False,False,True,False,False,True,False,True,False,3309.25
0,31,80.45,2429.1,0,True,False,False,True,False,True,True,False,False,False,False,True,False,False,False,False,False,False,False,False,False,False,True,False,True,False,2493.9500000000003
0,45,24.45,1088.25,0,True,True,True,True,False,True,False,True,True,False,True,False,True,False,True,False,True,False,True,False,False,True,False,False,False,True,1100.25
0,15,93.35,1444.65,1,True,False,False,True,False,True,True,False,False,False,False,False,False,False,False,False,False,True,False,True,False,False,True,False,True,False,1400.25
0,27,20.05,552.9,0,True,False,True,True,False,False,False,True,True,False,True,False,True,False,True,False,True,False,True,False,True,False,False,True,False,False,541.35
1,31,90.7,2835.5,0,False,True,False,True,False,True,True,False,False,False,False,False,False,True,False,False,False,True,False,False,True,False,True,False,True,False,2811.7000000000003
0,41,66.5,2728.6,1,False,True,True,True,False,False,False,False,False,False,False,True,False,False,False,True,False,False,False,True,True,False,True,False,False,False,2726.5
0,19,18.8,279.2,0,True,False,False,True,False,False,False,True,True,False,True,False,True,False,True,False,True,False,True,False,True,False,False,False,False,True,357.2
0,25,58.6,1502.65,1,False,True,True,False,True,False,False,False,False,True,False,True,False,True,False,False,False,True,False,True,False,False,True,True,False,False,1465.0
0,15,105.35,1559.25,0,False,True,True,True,False,True,True,False,False,False,False,True,False,True,False,False,False,True,False,True,False,False,True,False,False,False,1580.25
0,2,71.65,135.75,0,False,True,True,True,False,False,True,False,False,False,False,False,False,False,False,False,False,False,False,False,False,False,True,False,True,False,143.3
0,12,50.25,593.75,1,True,False,False,True,False,False,False,False,False,False,False,False,False,False,False,True,False,False,False,False,False,False,False,False,False,False,603.0
1,23,79.35,1835.3,0,False,False,False,True,False,True,True,False,False,False,False,False,False,True,False,False,False,False,False,False,False,False,True,False,False,True,1825.05
0,22,19.9,400.3,0,False,True,True,True,False,False,False,True,True,False,True,False,True,False,True,False,True,False,True,False,False,False,False,False,False,True,437.79999999999995
0,71,100.55,7113.75,0,True,True,True,True,False,True,True,False,False,False,False,True,False,False,False,False,False,True,False,True,True,False,False,False,False,False,7139.05
1,30,101.3,2974.5,0,False,False,True,True,False,True,True,False,False,False,False,False,False,False,False,True,False,True,False,True,False,False,True,False,True,False,3039.0
0,1,44.9,44.9,1,False,False,False,True,False,False,False,False,False,False,False,False,False,False,False,False,False,False,False,False,False,False,True,False,False,False,44.9
0,20,19.25,375.25,0,False,True,False,True,False,False,False,True,True,False,True,False,True,False,True,False,True,False,True,False,False,False,False,False,False,False,385.0
0,1,55.55,55.55,0,True,False,False,True,False,False,False,False,False,False,False,False,False,False,False,False,False,False,False,True,False,False,False,False,False,True,55.55
0,68,85.3,5560.0,0,False,True,True,True,False,True,False,False,False,False,False,True,False,True,False,True,False,True,False,True,False,True,False,False,False,False,5800.4
0,14,19.9,283.75,0,True,False,False,True,False,False,False,True,True,False,True,False,True,False,True,False,True,False,True,False,False,False,False,False,False,True,278.59999999999997
0,2,19.85,35.9,1,True,True,True,True,False,False,False,True,True,False,True,False,True,False,True,False,True,False,True,False,True,False,False,False,False,True,39.7
0,38,69.95,2657.55,0,True,False,False,True,False,True,False,False,False,True,False,True,False,True,False,True,False,False,False,False,False,False,False,False,True,False,2658.1
0,18,19.65,411.25,0,True,False,False,True,False,False,False,True,True,False,True,False,True,False,True,False,True,False,True,False,True,False,False,False,False,True,353.7
0,31,104.35,3205.6,0,False,False,False,True,False,True,True,False,False,True,False,True,False,False,False,False,False,True,False,True,False,False,False,False,True,False,3234.85
0,71,64.05,4492.9,0,False,True,True,True,False,False,False,False,False,True,False,True,False,True,False,True,False,False,False,False,False,True,False,True,False,False,4547.55
0,67,109.9,7332.4,0,True,True,False,True,False,True,True,False,False,True,False,True,False,True,False,False,False,True,False,True,True,False,False,True,False,False,7363.3
0,72,92.3,6719.9,0,True,True,False,True,False,True,False,False,False,True,False,True,False,True,False,True,False,True,False,True,False,True,False,True,False,False,6645.599999999999
1,32,106.35,3520.75,1,True,True,False,True,False,True,True,False,False,False,False,True,False,True,False,False,False,True,False,True,False,False,False,False,False,False,3403.2
0,4,80.8,332.45,1,True,False,True,True,False,True,True,False,False,False,False,False,False,False,False,True,False,False,False,False,False,False,False,True,False,False,323.2
0,23,60.0,1347.15,0,False,True,False,True,False,False,False,False,False,False,False,False,False,False,False,True,False,True,False,False,True,False,False,False,False,False,1380.0
0,66,67.45,4508.65,0,False,True,True,True,False,True,False,False,False,True,False,True,False,True,False,False,False,False,False,False,False,False,True,False,False,False,4451.7
1,57,104.9,5913.95,0,True,False,False,True,False,True,True,False,False,False,False,True,False,False,False,True,False,True,False,True,False,False,True,False,False,False,5979.3
0,36,89.65,3348.1,0,False,False,False,True,False,True,False,False,False,True,False,False,False,True,False,True,False,True,False,True,True,False,True,True,False,False,3227.4
0,13,25.15,331.85,0,True,False,False,False,True,False,False,False,False,False,False,False,False,False,False,False,False,False,False,False,False,False,True,False,False,False,326.95
0,9,83.3,803.3,1,False,False,False,True,False,True,True,False,False,False,False,False,False,False,False,False,False,False,False,True,False,False,True,False,True,False,749.6999999999999
0,5,80.85,356.1,0,False,True,True,True,False,False,True,False,False,False,False,False,False,False,False,False,False,True,False,False,False,False,True,False,True,False,404.25
0,67,86.15,5883.85,0,False,True,False,True,False,True,False,False,False,False,False,True,False,True,False,True,False,True,False,True,False,True,False,False,False,False,5772.05
0,1,69.9,69.9,1,True,False,False,True,False,False,True,False,False,False,False,False,False,False,False,False,False,False,False,False,False,False,True,False,True,False,69.9
0,4,74.8,321.9,1,True,False,False,True,False,False,True,False,False,False,False,False,False,True,False,False,False,False,False,False,False,False,True,False,False,False,299.2
0,1,70.3,70.3,1,False,False,False,True,False,False,True,False,False,False,False,False,False,False,False,False,False,False,False,False,False,False,True,False,True,False,70.3
0,31,19.55,658.95,1,False,True,True,True,False,False,False,True,True,False,True,False,True,False,True,False,True,False,True,False,False,False,True,False,False,True,606.0500000000001
0,3,43.3,123.65,1,True,False,False,True,False,False,False,False,False,False,False,False,False,False,False,False,False,False,False,False,False,False,True,False,True,False,129.89999999999998
0,4,78.9,299.75,0,False,True,True,True,False,False,True,False,False,False,False,False,False,False,False,False,False,True,False,False,False,False,True,False,False,True,315.6
0,33,95.0,3008.15,0,False,True,False,True,False,True,True,False,False,False,False,False,False,True,False,True,False,False,False,True,False,False,True,True,False,False,3135.0
0,58,25.15,1509.9,0,False,True,True,True,False,True,False,True,True,False,True,False,True,False,True,False,True,False,True,False,False,True,False,True,False,False,1458.6999999999998
0,25,25.4,546.85,0,True,True,True,True,False,True,False,True,True,False,True,False,True,False,True,False,True,False,True,False,False,False,True,False,False,False,635.0
0,4,76.05,318.9,1,True,False,False,True,False,True,True,False,False,False,False,False,False,False,False,False,False,False,False,False,False,False,True,False,True,False,304.2
1,51,93.65,4839.15,0,True,True,False,True,False,True,True,False,False,True,False,False,False,True,False,False,False,False,False,True,True,False,True,False,False,False,4776.150000000001
0,19,25.15,468.35,0,True,False,False,False,True,False,False,False,False,False,False,False,False,False,False,False,False,False,False,False,False,False,True,False,False,False,477.84999999999997
0,11,44.05,483.7,1,False,True,False,True,False,False,False,False,False,False,False,False,False,False,False,False,False,False,False,False,False,False,True,False,True,False,484.54999999999995
0,24,56.35,1381.2,0,False,False,False,True,False,False,False,False,False,True,False,False,False,False,False,True,False,False,False,False,False,False,False,True,False,False,1352.4
0,18,74.15,1387.0,0,True,False,False,True,False,True,True,False,False,False,False,False,False,False,False,False,False,False,False,False,False,False,False,False,False,True,1334.7
0,4,24.25,96.05,1,False,False,False,False,True,False,False,False,False,False,False,False,False,False,False,False,False,False,False,False,False,False,True,False,False,True,97.0
0,12,78.1,947.3,1,False,False,False,True,False,False,True,False,False,False,False,False,False,False,False,False,False,False,False,True,False,False,False,False,False,False,937.1999999999999
1,19,88.2,1775.8,1,True,False,False,True,False,True,True,False,False,False,False,True,False,False,False,False,False,True,False,False,False,False,True,False,True,False,1675.8
1,31,96.6,2877.95,0,True,False,False,True,False,True,True,False,False,False,False,False,False,True,False,True,False,True,False,False,False,False,True,False,False,False,2994.6
1,61,64.05,3902.6,0,True,True,False,True,False,True,False,False,False,False,False,True,False,False,False,False,False,False,False,True,True,False,False,False,False,False,3907.0499999999997
1,8,69.7,572.85,0,True,False,False,True,False,False,True,False,False,False,False,False,False,False,False,False,False,False,False,False,False,False,True,False,True,False,557.6
0,49,87.2,4345.0,0,False,True,True,True,False,False,False,False,False,True,False,True,False,True,False,True,False,True,False,True,True,False,True,False,False,True,4272.8
0,5,51.0,305.95,1,True,False,False,False,True,False,False,False,False,False,False,True,False,False,False,False,False,True,False,True,False,False,True,False,False,True,255.0
0,35,73.45,2661.1,0,True,True,True,True,False,True,False,False,False,False,False,False,False,False,False,True,False,True,False,True,True,False,True,False,False,False,2570.75
0,70,115.65,7968.85,1,True,True,False,True,False,True,True,False,False,True,False,True,False,True,False,True,False,True,False,True,True,False,False,True,False,False,8095.5
0,1,101.45,101.45,1,True,False,False,True,False,True,True,False,False,False,False,False,False,True,False,False,False,True,False,True,False,False,True,False,True,False,101.45
0,31,87.6,2724.25,0,False,False,False,True,False,False,True,False,False,True,False,False,False,True,False,True,False,False,False,False,False,False,False,False,True,False,2715.6
1,13,74.3,940.35,1,False,False,False,True,False,False,True,False,False,False,False,False,False,True,False,False,False,False,False,False,False,False,True,False,True,False,965.9
0,28,50.8,1386.8,0,True,True,True,False,True,False,False,False,False,True,False,False,False,True,False,True,False,True,False,False,True,False,False,False,False,True,1422.3999999999999
1,50,70.35,3454.6,0,True,False,False,True,False,True,False,False,False,True,False,True,False,False,False,False,False,True,False,False,False,False,True,False,False,False,3517.4999999999995
1,22,20.05,417.0,0,False,False,False,True,False,False,False,True,True,False,True,False,True,False,True,False,True,False,True,False,True,False,True,False,False,True,441.1
0,36,60.7,2234.55,0,True,True,True,False,True,False,False,False,False,True,False,False,False,True,False,True,False,True,False,True,True,False,False,True,False,False,2185.2000000000003
0,40,106.0,4178.65,0,True,True,False,True,False,True,True,False,False,False,False,True,False,True,False,False,False,True,False,True,True,False,True,False,False,False,4240.0
0,19,50.1,910.45,0,True,True,True,True,False,True,False,False,False,False,False,False,False,False,False,False,False,False,False,False,False,False,False,True,False,False,951.9
0,4,80.85,302.75,1,False,True,True,True,False,False,True,False,False,False,False,False,False,False,False,False,False,False,False,True,False,False,False,False,True,False,323.4
0,35,86.45,3029.1,1,False,False,False,True,False,True,True,False,False,False,False,False,False,False,False,False,False,True,False,False,False,False,True,False,True,False,3025.75
0,20,68.9,1370.35,0,False,False,False,True,False,True,False,False,False,False,False,True,False,False,False,True,False,False,False,True,False,False,True,True,False,False,1378.0
0,11,20.4,231.45,0,True,False,False,True,False,False,False,True,True,False,True,False,True,False,True,False,True,False,True,False,False,True,False,False,False,True,224.39999999999998
0,9,20.25,172.35,0,False,True,True,True,False,False,False,True,True,False,True,False,True,False,True,False,True,False,True,False,True,False,False,False,False,True,182.25
0,71,99.0,7061.65,0,False,True,True,True,False,True,True,False,False,True,False,True,False,True,False,False,False,True,False,False,False,True,True,True,False,False,7029.0
0,71,20.1,1389.6,0,False,True,True,True,False,False,False,True,True,False,True,False,True,False,True,False,True,False,True,False,False,True,False,False,False,False,1427.1000000000001
0,71,113.15,7993.3,0,False,False,False,True,False,True,True,False,False,True,False,True,False,True,False,True,False,True,False,True,False,True,True,True,False,False,8033.650000000001
0,31,79.2,2497.2,0,False,False,False,True,False,False,False,False,False,False,False,True,False,True,False,True,False,True,False,True,False,True,False,False,False,True,2455.2000000000003
1,1,69.6,69.6,1,False,False,False,True,False,False,True,False,False,False,False,False,False,False,False,False,False,False,False,False,False,False,True,False,True,False,69.6
0,31,75.5,2424.45,0,True,True,False,True,False,False,False,False,False,True,False,True,False,True,False,True,False,False,False,True,True,False,True,True,False,False,2340.5
0,1,70.9,70.9,1,False,False,False,True,False,False,True,False,False,False,False,False,False,False,False,False,False,False,False,False,False,False,False,False,False,True,70.9
0,1,69.4,69.4,1,True,False,False,True,False,False,True,False,False,False,False,False,False,False,False,False,False,False,False,False,False,False,False,False,False,True,69.4
0,67,79.7,5293.4,1,True,True,True,True,False,True,False,False,False,True,False,False,False,True,False,False,False,True,False,True,False,True,True,False,True,False,5339.900000000001
1,43,94.5,4156.8,0,False,True,False,True,False,True,True,False,False,True,False,True,False,False,False,False,False,True,False,False,False,False,True,False,True,False,4063.5
1,21,86.55,1857.25,0,True,True,False,True,False,False,True,False,False,False,False,False,False,True,False,False,False,True,False,False,False,False,False,False,False,False,1817.55
0,61,106.35,6751.35,0,False,True,False,True,False,True,True,False,False,False,False,False,False,True,False,True,False,True,False,True,False,False,True,False,True,False,6487.349999999999
0,72,24.65,1830.05,0,False,True,False,True,False,True,False,True,True,False,True,False,True,False,True,False,True,False,True,False,False,True,False,False,False,False,1774.8
0,6,25.4,153.3,0,True,True,True,True,False,True,False,True,True,False,True,False,True,False,True,False,True,False,True,False,False,True,False,False,False,True,152.39999999999998
0,47,19.75,948.9,0,False,True,True,True,False,False,False,True,True,False,True,False,True,False,True,False,True,False,True,False,False,True,False,False,False,True,928.25
0,24,20.45,527.35,0,False,False,False,True,False,False,False,True,True,False,True,False,True,False,True,False,True,False,True,False,True,False,False,True,False,False,490.79999999999995
0,39,81.4,3213.75,0,True,False,False,True,False,True,True,False,False,False,False,True,False,False,False,False,False,False,False,False,True,False,False,True,False,False,3174.6000000000004
0,65,25.3,1748.55,0,False,True,True,True,False,True,False,True,True,False,True,False,True,False,True,False,True,False,True,False,False,True,True,False,False,False,1644.5
0,1,85.55,85.55,1,False,False,False,True,False,False,True,False,False,False,False,False,False,True,False,False,False,True,False,False,False,False,True,True,False,False,85.55
0,6,87.95,522.35,0,True,False,False,True,False,True,True,False,False,False,False,False,False,False,False,True,False,False,False,True,False,False,True,False,False,False,527.7
1,56,100.65,5688.05,1,False,True,False,True,False,True,True,False,False,False,False,False,False,True,False,False,False,True,False,True,False,False,True,False,False,False,5636.400000000001
0,23,68.75,1689.45,0,False,True,False,True,False,False,False,False,False,True,False,False,False,True,False,True,False,False,False,True,True,False,True,False,False,False,1581.25
0,34,20.05,679.0,0,True,True,False,True,False,False,False,True,True,False,True,False,True,False,True,False,True,False,True,False,False,True,False,True,False,False,681.7
0,21,20.5,402.85,0,True,False,False,True,False,False,False,True,True,False,True,False,True,False,True,False,True,False,True,False,False,False,False,True,False,False,430.5
0,62,69.4,4237.5,0,True,False,False,True,False,True,False,False,False,True,False,True,False,True,False,True,False,False,False,False,False,True,False,False,False,False,4302.8
0,62,19.85,1253.65,0,True,False,False,True,False,False,False,True,True,False,True,False,True,False,True,False,True,False,True,False,False,True,False,False,False,False,1230.7
0,51,111.5,5703.25,0,False,False,False,True,False,True,True,False,False,False,False,True,False,True,False,True,False,True,False,True,True,False,True,False,True,False,5686.5
0,18,56.8,1074.65,0,True,True,False,True,False,True,False,False,False,False,False,True,False,False,False,False,False,False,False,False,False,False,False,True,False,False,1022.4
0,34,73.95,2524.45,1,False,False,False,True,False,False,True,False,False,False,False,True,False,False,False,False,False,False,False,False,False,False,True,True,False,False,2514.3
0,61,94.35,5703.0,0,False,True,False,True,False,True,True,False,False,False,False,True,False,False,False,True,False,False,False,True,False,True,True,False,False,False,5755.349999999999
1,2,49.95,107.1,0,True,False,False,True,False,False,False,False,False,False,False,False,False,True,False,False,False,False,False,False,False,False,False,False,False,True,99.9
0,72,55.3,3983.6,0,True,True,True,True,False,True,False,False,False,True,False,False,False,False,False,False,False,False,False,False,False,True,False,False,False,False,3981.6
0,53,110.5,5835.5,0,False,True,False,True,False,False,True,False,False,True,False,True,False,True,False,True,False,True,False,True,True,False,False,False,True,False,5856.5
0,6,78.95,494.95,0,True,False,False,True,False,False,True,False,False,True,False,True,False,False,False,False,False,False,False,False,False,False,True,False,True,False,473.70000000000005
0,24,84.35,1938.05,0,False,False,False,True,False,True,True,False,False,True,False,False,False,False,False,True,False,False,False,False,False,False,True,False,True,False,2024.3999999999999
0,68,70.8,4859.95,0,True,True,True,True,False,True,False,False,False,False,False,True,False,False,False,True,False,False,False,True,False,True,False,True,False,False,4814.4
0,47,60.0,2768.65,0,False,True,True,False,True,False,False,False,False,True,False,True,False,True,False,False,False,True,False,True,False,True,True,True,False,False,2820.0
1,47,85.5,4042.3,1,True,False,False,True,False,False,True,False,False,True,False,False,False,False,False,False,False,False,False,True,False,False,False,False,False,True,4018.5
0,36,19.2,702.9,0,False,True,True,True,False,False,False,True,True,False,True,False,True,False,True,False,True,False,True,False,False,False,False,False,False,False,691.1999999999999
0,9,19.85,178.8,0,True,False,False,True,False,False,False,True,True,False,True,False,True,False,True,False,True,False,True,False,False,False,False,False,False,True,178.65
0,61,100.7,6018.65,0,False,True,True,True,False,True,True,False,False,True,False,True,False,True,False,False,False,False,False,True,True,False,True,True,False,False,6142.7
0,72,79.35,5753.25,0,True,True,False,True,False,False,False,False,False,True,False,True,False,False,False,True,False,True,False,True,False,True,True,False,False,False,5713.2
0,35,54.95,1916.0,0,False,True,True,True,False,False,False,False,False,True,False,False,False,False,False,True,False,False,False,False,True,False,True,False,False,False,1923.25
0,25,26.8,733.55,0,False,True,False,True,False,True,False,True,True,False,True,False,True,False,True,False,True,False,True,False,True,False,True,False,False,True,670.0
1,35,101.4,3496.3,1,True,False,False,True,False,True,True,False,False,False,False,False,False,True,False,False,False,True,False,True,False,False,True,False,True,False,3549.0
0,24,57.6,1367.75,0,False,True,True,False,True,False,False,False,False,True,False,True,False,True,False,False,False,True,False,True,True,False,False,False,True,False,1382.4
0,56,25.15,1327.15,1,True,True,False,True,False,True,False,True,True,False,True,False,True,False,True,False,True,False,True,False,False,True,True,True,False,False,1408.3999999999999
1,26,93.6,2404.1,0,True,False,False,True,False,True,True,False,False,False,False,False,False,False,False,False,False,True,False,True,False,False,True,False,True,False,2433.6
0,72,80.45,5737.6,0,False,True,False,True,False,True,True,False,False,True,False,False,False,False,False,False,False,False,False,False,False,True,False,False,False,False,5792.400000000001
0,37,64.65,2347.85,0,False,False,False,True,False,True,False,False,False,True,False,False,False,False,False,False,False,True,False,False,True,False,False,False,False,False,2392.05
0,7,75.15,496.9,1,False,True,False,True,False,False,True,False,False,False,False,False,False,True,False,False,False,False,False,False,False,False,True,False,False,False,526.0500000000001
0,7,73.6,520.0,1,True,False,False,True,False,True,True,False,False,False,False,False,False,False,False,False,False,False,False,False,False,False,False,False,True,False,515.1999999999999
0,69,78.6,5356.45,1,True,False,False,True,False,True,False,False,False,True,False,True,False,True,False,True,False,False,False,True,True,False,True,True,False,False,5423.4
0,8,19.6,125.0,0,True,True,True,True,False,False,False,True,True,False,True,False,True,False,True,False,True,False,True,False,False,True,False,True,False,False,156.8
0,12,30.25,368.85,0,False,True,True,False,True,False,False,False,False,False,False,False,False,False,False,True,False,False,False,False,True,False,False,True,False,False,363.0
0,44,25.7,1110.5,0,True,True,True,True,False,True,False,True,True,False,True,False,True,False,True,False,True,False,True,False,True,False,False,False,False,True,1130.8
0,72,81.0,5750.0,0,True,True,True,True,False,True,False,False,False,True,False,True,False,True,False,True,False,False,False,True,False,True,False,True,False,False,5832.0
0,56,94.45,5124.6,1,True,False,False,True,False,True,True,False,False,False,False,True,False,False,False,True,False,False,False,True,False,False,True,False,True,False,5289.2
0,10,20.1,184.4,0,False,True,False,True,False,False,False,True,True,False,True,False,True,False,True,False,True,False,True,False,True,False,False,False,False,True,201.0
1,1,69.1,69.1,1,True,False,False,True,False,False,True,False,False,False,False,False,False,False,False,False,False,False,False,False,False,False,False,False,True,False,69.1
0,47,54.25,2538.2,0,True,True,True,True,False,True,False,False,False,False,False,True,False,False,False,False,False,False,False,False,False,False,False,False,True,False,2549.75
0,44,20.4,905.55,0,True,False,False,True,False,False,False,True,True,False,True,False,True,False,True,False,True,False,True,False,False,True,False,True,False,False,897.5999999999999
0,3,78.5,242.05,1,True,False,False,True,False,False,True,False,False,False,False,False,False,False,False,False,False,True,False,False,False,False,True,False,True,False,235.5
0,8,71.15,563.65,1,False,False,False,True,False,True,False,False,False,True,False,False,False,False,False,True,False,False,False,True,False,False,False,False,True,False,569.2
0,16,20.6,330.25,0,True,False,False,True,False,False,False,True,True,False,True,False,True,False,True,False,True,False,True,False,False,False,True,True,False,False,329.6
0,72,82.3,5815.15,0,True,True,True,True,False,True,False,False,False,True,False,True,False,True,False,True,False,True,False,False,False,True,False,False,False,False,5925.599999999999
0,1,45.8,45.8,1,False,False,False,True,False,False,False,False,False,False,False,False,False,False,False,False,False,False,False,False,False,False,False,False,True,False,45.8
1,71,89.45,6435.25,0,False,True,False,True,False,False,True,False,False,False,False,True,False,True,False,False,False,False,False,True,False,True,False,True,False,False,6350.95
1,56,68.45,4014.0,0,False,True,False,True,False,True,False,False,False,True,False,True,False,True,False,True,False,False,False,False,True,False,True,True,False,False,3833.2000000000003
0,3,19.3,54.7,0,False,True,True,True,False,False,False,True,True,False,True,False,True,False,True,False,True,False,True,False,False,False,False,False,False,True,57.900000000000006
0,11,65.15,723.35,0,True,True,True,True,False,True,False,False,False,True,False,False,False,False,False,False,False,True,False,False,False,False,True,False,False,False,716.6500000000001
0,60,80.55,4847.05,0,False,False,False,True,False,True,False,False,False,False,False,False,False,True,False,True,False,True,False,True,True,False,False,True,False,False,4833.0
1,42,105.2,4599.15,0,False,True,False,True,False,True,True,False,False,True,False,False,False,True,False,False,False,True,False,True,True,False,True,False,False,False,4418.400000000001
0,2,50.95,123.05,0,False,False,False,True,False,False,False,False,False,True,False,False,False,False,False,False,False,False,False,False,False,False,False,False,False,True,101.9
0,9,20.45,147.55,0,False,False,False,True,False,False,False,True,True,False,True,False,True,False,True,False,True,False,True,False,False,False,True,True,False,False,184.04999999999998
0,1,75.1,75.1,0,True,False,False,True,False,True,True,False,False,False,False,False,False,False,False,False,False,False,False,False,False,False,True,False,True,False,75.1
0,52,50.2,2554.0,0,True,True,True,False,True,False,False,False,False,False,False,True,False,True,False,True,False,True,False,False,False,True,False,False,False,True,2610.4
1,35,99.05,3395.8,1,True,False,False,True,False,True,True,False,False,False,False,False,False,True,False,False,False,True,False,True,False,False,True,False,True,False,3466.75
0,20,19.4,374.5,1,True,False,True,True,False,False,False,True,True,False,True,False,True,False,True,False,True,False,True,False,False,False,True,False,True,False,388.0
0,15,75.35,1114.55,0,False,True,False,True,False,False,True,False,False,False,False,True,False,False,False,False,False,False,False,False,False,False,False,False,False,False,1130.25
0,17,70.8,1207.0,0,True,False,False,True,False,False,True,False,False,False,False,False,False,False,False,False,False,False,False,False,False,False,True,False,True,False,1203.6
0,30,90.25,2755.35,1,True,False,False,True,False,False,True,False,False,False,False,False,False,False,False,False,False,True,False,True,False,False,True,False,True,False,2707.5
0,1,95.85,95.85,0,False,False,False,True,False,False,True,False,False,False,False,False,False,False,False,True,False,True,False,True,False,False,True,False,True,False,95.85
0,10,85.25,855.3,1,True,True,False,True,False,True,True,False,False,False,False,False,False,False,False,False,False,False,False,True,False,False,True,False,True,False,852.5
0,13,70.15,886.7,0,False,False,False,True,False,False,True,False,False,False,False,False,False,False,False,False,False,False,False,False,False,False,True,False,False,True,911.95
0,4,100.2,420.2,1,True,True,False,True,False,True,True,False,False,False,False,True,False,False,False,False,False,True,False,True,False,False,True,False,True,False,400.8
1,3,70.4,204.7,1,False,False,False,True,False,False,True,False,False,False,False,False,False,False,False,False,False,False,False,False,False,False,True,False,True,False,211.20000000000002
0,59,79.85,4786.1,0,False,False,False,True,False,True,False,False,False,True,False,True,False,True,False,True,False,False,False,True,True,False,False,True,False,False,4711.15
0,2,69.75,144.55,1,False,False,False,True,False,False,True,False,False,False,False,False,False,False,False,False,False,False,False,False,False,False,False,False,False,False,139.5
0,14,80.9,1152.8,0,False,True,True,True,False,False,True,False,False,False,False,False,False,False,False,False,False,False,False,True,False,False,True,False,False,False,1132.6000000000001
0,1,25.15,25.15,1,True,False,False,False,True,False,False,False,False,False,False,False,False,False,False,False,False,False,False,False,False,False,True,False,True,False,25.15
1,43,103.0,4414.3,1,True,True,False,True,False,True,True,False,False,False,False,True,False,True,False,False,False,True,False,True,False,False,True,False,True,False,4429.0
0,16,74.75,1129.35,0,False,False,False,True,False,True,True,False,False,False,False,False,False,False,False,False,False,False,False,False,False,False,True,True,False,False,1196.0
1,53,54.45,2854.55,1,True,False,False,False,True,False,False,False,False,False,False,True,False,True,False,False,False,True,False,True,False,False,True,False,True,False,2885.8500000000004
0,4,25.45,84.2,0,False,False,True,True,False,True,False,True,True,False,True,False,True,False,True,False,True,False,True,False,False,False,True,False,False,True,101.8
0,16,75.1,1212.85,0,False,False,False,True,False,False,True,False,False,False,False,True,False,False,False,False,False,False,False,False,False,False,False,False,False,False,1201.6
0,43,55.45,2444.25,0,False,False,False,True,False,False,False,False,False,False,False,True,False,False,False,True,False,False,False,False,True,False,False,False,True,False,2384.35
1,8,81.25,585.95,1,True,False,False,True,False,True,True,False,False,False,False,False,False,True,False,False,False,False,False,False,False,False,True,False,True,False,650.0
0,6,49.15,295.65,0,True,True,True,True,False,False,False,False,False,True,False,False,False,False,False,False,False,False,False,False,False,False,True,False,True,False,294.9
0,72,111.6,8012.75,0,False,False,False,True,False,True,True,False,False,False,False,True,False,True,False,True,False,True,False,True,False,True,True,False,False,False,8035.2
0,60,49.75,3069.45,0,False,True,True,False,True,False,False,False,False,False,False,True,False,False,False,False,False,True,False,True,False,False,True,False,True,False,2985.0
0,0,19.7,1397.475,0,True,True,True,True,False,False,False,True,True,False,True,False,True,False,True,False,True,False,True,False,True,False,True,False,False,True,0.0
0,2,20.05,39.25,0,False,False,False,True,False,False,False,True,True,False,True,False,True,False,True,False,True,False,True,False,False,False,True,False,False,True,40.1
0,55,90.15,4916.95,0,False,True,False,True,False,True,False,False,False,True,False,True,False,True,False,True,False,True,False,True,True,False,True,False,True,False,4958.25
0,56,98.7,5669.5,0,False,True,False,True,False,False,True,False,False,False,False,False,False,True,False,True,False,True,False,True,False,False,True,False,True,False,5527.2
0,71,84.8,6152.4,0,True,True,True,True,False,True,True,False,False,False,False,True,False,False,False,True,False,False,False,False,False,True,True,False,True,False,6020.8
0,2,62.05,118.3,1,True,False,False,True,False,True,False,False,False,False,False,False,False,False,False,False,False,False,False,True,False,False,False,False,False,False,124.1
0,64,105.4,6794.75,0,False,True,False,True,False,True,True,False,False,False,False,True,False,False,False,True,False,True,False,True,False,True,True,False,False,False,6745.6
0,42,73.9,3160.55,1,False,False,False,True,False,False,False,False,False,True,False,True,False,True,False,True,False,False,False,True,True,False,False,True,False,False,3103.8
1,25,89.05,2177.45,1,True,True,False,True,False,True,True,False,False,True,False,False,False,False,False,False,False,False,False,True,True,False,True,False,True,False,2226.25
0,5,49.4,232.55,0,False,True,True,True,False,False,False,False,False,True,False,False,False,False,False,False,False,False,False,False,False,False,True,False,False,True,247.0
0,72,116.6,8337.45,0,True,True,True,True,False,True,True,False,False,True,False,True,False,True,False,True,False,True,False,True,False,True,True,False,False,False,8395.199999999999
1,33,80.6,2656.5,1,False,True,False,True,False,True,True,False,False,False,False,True,False,False,False,False,False,False,False,False,False,False,True,False,False,False,2659.7999999999997
1,32,85.3,2661.1,1,True,True,False,True,False,True,True,False,False,False,False,False,False,False,False,False,False,False,False,True,False,False,False,False,True,False,2729.6
0,5,20.1,85.1,0,True,True,True,True,False,False,False,True,True,False,True,False,True,False,True,False,True,False,True,False,True,False,False,False,False,True,100.5
0,3,74.1,228.0,1,False,True,False,True,False,True,True,False,False,False,False,False,False,False,False,False,False,False,False,False,False,False,True,True,False,False,222.29999999999998
1,6,84.35,474.9,1,False,True,False,True,False,True,True,False,False,False,False,False,False,False,False,False,False,False,False,True,False,False,True,False,True,False,506.09999999999997
0,69,106.5,7348.8,1,True,False,False,True,False,True,True,False,False,False,False,False,False,True,False,True,False,True,False,True,False,True,True,False,False,False,7348.5
0,13,80.5,1011.8,0,False,False,False,True,False,False,True,False,False,False,False,False,False,False,False,False,False,False,False,True,False,False,True,False,True,False,1046.5
0,22,75.0,1573.95,0,True,True,True,True,False,False,True,False,False,True,False,False,False,False,False,False,False,False,False,False,False,False,False,False,False,False,1650.0
0,61,69.9,4226.7,0,True,True,False,True,False,True,False,False,False,True,False,False,False,True,False,False,False,False,False,True,False,True,True,False,False,True,4263.900000000001
1,33,59.45,1884.65,0,False,False,False,False,True,False,False,False,False,True,False,True,False,True,False,False,False,True,False,True,False,False,True,False,False,False,1961.8500000000001
0,41,73.0,3001.2,1,True,True,False,True,False,True,False,False,False,False,False,False,False,True,False,False,False,True,False,True,True,False,True,False,True,False,2993.0
0,45,113.3,5032.25,0,False,True,False,True,False,True,True,False,False,True,False,True,False,True,False,True,False,True,False,True,True,False,False,False,False,True,5098.5
1,70,90.05,6333.4,0,True,True,False,True,False,True,False,False,False,True,False,True,False,True,False,True,False,True,False,True,False,True,False,True,False,False,6303.5
0,55,57.55,3046.4,1,True,True,True,True,False,False,False,False,False,True,False,True,False,False,False,True,False,False,False,False,False,True,False,False,False,False,3165.25
0,52,44.25,2276.1,0,True,True,True,False,True,False,False,False,False,True,False,False,False,True,False,False,False,False,False,True,True,False,False,False,False,False,2301.0
0,3,40.15,130.75,1,True,False,False,False,True,False,False,False,False,False,False,False,False,True,False,False,False,True,False,False,False,False,True,False,False,True,120.44999999999999
0,30,100.2,2983.8,1,False,False,False,True,False,True,True,False,False,False,False,True,False,False,False,False,False,True,False,True,False,False,True,False,True,False,3006.0
1,70,45.25,3264.45,1,True,False,False,False,True,False,False,False,False,False,False,False,False,False,False,False,False,True,False,True,True,False,True,False,True,False,3167.5
0,9,93.0,870.25,0,False,False,True,True,False,False,True,False,False,True,False,False,False,True,False,True,False,False,False,True,False,False,False,False,False,False,837.0
0,21,19.8,350.1,0,True,True,True,True,False,False,False,True,True,False,True,False,True,False,True,False,True,False,True,False,True,False,False,False,False,True,415.8
0,55,75.75,4264.25,0,False,True,True,True,False,True,False,False,False,True,False,True,False,False,False,True,False,False,False,True,True,False,True,False,False,False,4166.25
0,41,65.0,2531.8,0,True,False,False,True,False,True,False,False,False,False,False,False,False,True,False,False,False,False,False,True,True,False,False,False,False,True,2665.0
0,62,26.0,1638.7,0,False,False,True,True,False,True,False,True,True,False,True,False,True,False,True,False,True,False,True,False,False,True,False,False,False,False,1612.0
0,1,79.55,79.55,1,False,False,False,True,False,True,True,False,False,False,False,False,False,True,False,False,False,False,False,False,False,False,True,False,False,True,79.55
1,67,54.9,3725.5,0,False,False,False,True,False,True,False,False,False,False,False,True,False,False,False,False,False,False,False,False,False,False,False,False,True,False,3678.2999999999997
0,63,79.7,4786.15,0,False,True,False,True,False,True,False,False,False,True,False,True,False,False,False,False,False,True,False,True,True,False,True,True,False,False,5021.1
0,38,69.0,2669.45,0,True,True,False,True,False,True,False,False,False,False,False,False,False,True,False,True,False,False,False,True,True,False,False,True,False,False,2622.0
0,70,57.8,4039.3,0,False,True,False,False,True,False,False,False,False,False,False,True,False,True,False,True,False,True,False,True,False,True,False,False,False,False,4046.0
0,38,19.6,717.3,0,True,True,True,True,False,False,False,True,True,False,True,False,True,False,True,False,True,False,True,False,False,False,False,False,True,False,744.8000000000001
0,5,30.5,167.2,0,False,True,True,False,True,False,False,False,False,False,False,True,False,False,False,False,False,False,False,False,False,False,True,False,True,False,152.5
0,24,49.7,1167.8,0,True,False,False,True,False,False,False,False,False,False,False,False,False,True,False,False,False,False,False,False,False,False,True,False,False,True,1192.8000000000002
0,16,73.85,1284.2,1,True,True,False,True,False,True,True,False,False,False,False,False,False,False,False,False,False,False,False,False,False,False,True,False,False,False,1181.6
0,68,38.9,2719.2,0,False,False,False,False,True,False,False,False,False,True,False,False,False,True,False,True,False,False,False,False,False,True,False,False,False,True,2645.2
0,57,100.6,5611.7,0,False,True,True,True,False,True,True,False,False,False,False,True,False,False,False,False,False,True,False,True,False,False,True,False,True,False,5734.2
1,60,104.35,6339.45,0,True,True,False,True,False,True,True,False,False,False,False,True,False,True,False,False,False,True,False,True,True,False,True,False,True,False,6261.0
0,29,71.0,2080.1,0,False,False,False,True,False,True,False,False,False,False,False,False,False,False,False,False,False,True,False,True,True,False,True,True,False,False,2059.0
0,9,65.6,593.3,0,False,True,True,True,False,False,False,False,False,False,False,True,False,False,False,True,False,True,False,False,True,False,True,False,False,True,590.4
0,71,25.95,1801.9,0,False,True,False,True,False,True,False,True,True,False,True,False,True,False,True,False,True,False,True,False,False,True,True,True,False,False,1842.45
0,24,54.15,1240.25,1,False,False,False,False,True,False,False,False,False,False,False,True,False,True,False,False,False,True,False,True,False,False,True,True,False,False,1299.6
1,2,49.25,91.1,1,True,False,False,True,False,False,False,False,False,True,False,False,False,False,False,False,False,False,False,False,False,False,True,False,True,False,98.5
0,66,20.55,1357.1,0,True,False,True,True,False,False,False,True,True,False,True,False,True,False,True,False,True,False,True,False,False,True,False,False,False,True,1356.3
0,54,104.3,5278.15,1,True,True,False,True,False,True,True,False,False,False,False,True,False,True,False,False,False,True,False,True,False,False,True,False,True,False,5632.2
0,72,113.65,8124.2,0,False,True,False,True,False,True,True,False,False,True,False,True,False,True,False,True,False,True,False,True,False,True,True,True,False,False,8182.8
0,52,19.65,1025.05,0,True,False,False,True,False,False,False,True,True,False,True,False,True,False,True,False,True,False,True,False,False,True,False,False,False,True,1021.8
0,71,76.9,5522.7,0,True,False,True,True,False,False,False,False,False,True,False,True,False,True,False,True,False,True,False,False,False,True,True,True,False,False,5459.900000000001
1,5,78.95,378.4,1,False,False,False,True,False,False,True,False,False,False,False,False,False,False,False,False,False,False,False,True,False,False,False,False,True,False,394.75
0,42,20.25,835.5,0,True,True,False,True,False,False,False,True,True,False,True,False,True,False,True,False,True,False,True,False,False,True,False,False,True,False,850.5
0,2,44.6,80.55,1,False,True,False,True,False,False,False,False,False,False,False,False,False,False,False,False,False,False,False,False,False,False,True,True,False,False,89.2
0,11,74.55,824.75,1,True,False,False,True,False,False,True,False,False,False,False,True,False,False,False,False,False,False,False,False,False,False,True,False,True,False,820.05
0,41,79.9,3326.2,1,False,True,True,True,False,True,False,False,False,True,False,True,False,True,False,True,False,False,False,True,False,False,False,True,False,False,3275.9
0,68,88.0,6161.9,0,False,True,True,True,False,True,False,False,False,True,False,True,False,True,False,True,False,True,False,True,False,True,False,True,False,False,5984.0
1,50,95.05,4888.7,1,False,True,False,True,False,True,True,False,False,False,False,True,False,True,False,False,False,True,False,False,False,False,True,False,True,False,4752.5
0,53,93.9,5029.2,1,True,True,False,True,False,True,True,False,False,True,False,False,False,True,False,False,False,False,False,True,False,False,False,False,True,False,4976.700000000001
0,8,83.55,680.05,1,False,True,True,True,False,False,True,False,False,False,False,True,False,False,False,False,False,True,False,False,False,False,True,False,True,False,668.4
0,50,104.4,5232.9,0,False,True,False,True,False,True,True,False,False,True,False,False,False,True,False,False,False,True,False,True,True,False,True,False,False,True,5220.0
0,50,100.2,5038.45,0,False,False,False,True,False,False,True,False,False,False,False,True,False,False,False,True,False,True,False,True,False,True,True,False,False,True,5010.0
0,8,60.0,487.75,0,False,False,False,True,False,False,False,False,False,True,False,False,False,False,False,False,False,True,False,False,False,False,True,False,True,False,480.0
0,10,29.75,301.9,0,False,False,False,False,True,False,False,False,False,True,False,False,False,False,False,False,False,False,False,False,False,False,False,False,False,True,297.5
0,37,24.1,861.85,0,False,True,True,True,False,True,False,True,True,False,True,False,True,False,True,False,True,False,True,False,False,True,True,False,False,False,891.7
0,49,61.75,3024.15,0,False,True,True,True,False,False,False,False,False,True,False,False,False,True,False,True,False,False,False,False,False,False,False,False,False,False,3025.75
0,17,35.65,646.05,0,False,True,False,False,True,False,False,False,False,False,False,True,False,True,False,False,False,False,False,False,False,False,True,True,False,False,606.05
0,12,19.7,258.35,0,True,True,True,True,False,False,False,True,True,False,True,False,True,False,True,False,True,False,True,False,False,True,False,False,False,True,236.39999999999998
0,23,99.85,2331.3,1,True,True,True,True,False,False,True,False,False,True,False,False,False,False,False,True,False,True,False,True,False,False,True,False,True,False,2296.5499999999997
0,71,58.65,4145.25,0,False,True,True,False,True,False,False,False,False,True,False,True,False,False,False,True,False,True,False,True,False,True,False,False,False,True,4164.15
0,71,77.55,5574.35,0,False,True,True,True,False,False,False,False,False,True,False,False,False,True,False,False,False,True,False,True,False,True,False,True,False,False,5506.05
0,24,89.25,2210.2,0,True,True,False,True,False,False,True,False,False,True,False,False,False,False,False,True,False,False,False,True,False,False,True,False,True,False,2142.0
0,45,78.75,3600.65,0,True,True,True,True,False,True,False,False,False,False,False,True,False,True,False,False,False,True,False,True,True,False,False,True,False,False,3543.75
0,42,63.7,2763.35,0,True,True,True,True,False,False,False,False,False,True,False,False,False,False,False,True,False,False,False,True,True,False,False,True,False,False,2675.4
0,18,96.05,1740.7,1,False,False,False,True,False,False,True,False,False,True,False,False,False,False,False,False,False,True,False,True,False,False,True,False,True,False,1728.8999999999999
0,26,73.5,1905.7,0,False,True,False,True,False,False,False,False,False,False,False,True,False,True,False,False,False,True,False,True,False,True,True,True,False,False,1911.0
0,9,55.35,449.75,1,True,False,True,True,False,False,False,False,False,False,False,False,False,False,False,False,False,True,False,False,False,False,False,False,True,False,498.15000000000003
0,2,44.45,82.7,0,False,False,False,True,False,False,False,False,False,False,False,False,False,False,False,False,False,False,False,False,False,False,False,False,True,False,88.9
0,5,44.8,220.45,0,False,True,True,True,False,False,False,False,False,False,False,False,False,False,False,False,False,False,False,False,False,False,False,False,False,True,224.0
1,6,84.2,519.15,1,True,True,False,True,False,False,True,False,False,False,False,True,False,False,False,False,False,False,False,True,False,False,True,False,True,False,505.20000000000005
1,52,110.75,5832.0,0,True,False,False,True,False,True,True,False,False,False,False,True,False,True,False,True,False,True,False,True,False,False,True,False,True,False,5759.0
0,57,74.35,4317.35,0,True,False,False,True,False,False,False,False,False,True,False,False,False,True,False,False,False,True,False,True,False,True,True,False,False,False,4237.95
0,29,75.35,2243.9,0,True,False,False,True,False,False,False,False,False,False,False,False,False,True,False,True,False,True,False,True,True,False,True,False,False,False,2185.1499999999996
0,67,24.9,1680.25,0,False,True,True,True,False,True,False,True,True,False,True,False,True,False,True,False,True,False,True,False,False,True,True,False,False,True,1668.3
0,42,105.2,4400.75,1,False,False,False,True,False,True,True,False,False,True,False,False,False,True,False,False,False,True,False,True,False,False,True,False,True,False,4418.400000000001
0,12,19.3,228.75,0,False,False,False,True,False,False,False,True,True,False,True,False,True,False,True,False,True,False,True,False,True,False,False,False,False,True,231.60000000000002
0,7,34.5,279.25,1,True,True,True,False,True,False,False,False,False,True,False,False,False,False,False,True,False,False,False,False,False,False,True,False,True,False,241.5
0,12,20.4,266.6,0,False,False,False,True,False,False,False,True,True,False,True,False,True,False,True,False,True,False,True,False,False,False,False,False,False,True,244.79999999999998
0,13,48.75,633.4,1,False,True,False,False,True,False,False,False,False,False,False,False,False,True,False,False,False,True,False,True,False,False,True,False,False,False,633.75
0,31,71.05,2168.15,0,True,False,False,True,False,True,False,False,False,False,False,True,False,False,False,True,False,True,False,False,False,False,True,False,True,False,2202.5499999999997
0,9,29.95,248.95,1,True,True,True,False,True,False,False,False,False,False,False,True,False,False,False,False,False,False,False,False,False,False,True,False,True,False,269.55
0,63,20.5,1328.15,0,True,False,False,True,False,False,False,True,True,False,True,False,True,False,True,False,True,False,True,False,True,False,False,False,False,True,1291.5
1,45,98.7,4525.8,0,True,True,False,True,False,True,True,False,False,False,False,True,False,True,False,True,False,True,False,False,True,False,True,False,False,False,4441.5
1,12,79.2,943.85,0,False,True,False,True,False,False,False,False,False,True,False,False,False,True,False,True,False,True,False,True,True,False,True,False,True,False,950.4000000000001
0,41,80.25,3439.0,0,True,True,False,True,False,True,True,False,False,False,False,True,False,False,False,False,False,False,False,False,False,False,True,False,True,False,3290.25
0,5,21.05,113.85,1,True,False,False,True,False,False,False,True,True,False,True,False,True,False,True,False,True,False,True,False,False,False,False,False,False,True,105.25
1,71,46.35,3353.4,0,True,True,False,False,True,False,False,False,False,True,False,True,False,True,False,True,False,False,False,False,False,True,False,True,False,False,3290.85
0,72,78.95,5730.15,0,False,True,True,True,False,True,False,False,False,False,False,True,False,False,False,True,False,True,False,True,False,True,True,False,True,False,5684.400000000001
0,9,69.05,653.95,0,True,True,False,True,False,True,False,False,False,False,False,True,False,True,False,False,False,False,False,True,False,False,True,True,False,False,621.4499999999999
0,51,90.15,4554.85,0,False,True,True,True,False,True,True,False,False,False,False,False,False,True,False,False,False,False,False,True,True,False,True,False,True,False,4597.650000000001
0,35,40.9,1383.6,0,False,True,True,False,True,False,False,False,False,False,False,False,False,False,False,True,False,True,False,False,True,False,False,False,False,True,1431.5
0,56,100.55,5514.95,0,True,True,False,True,False,True,True,False,False,True,False,False,False,False,False,False,False,True,False,True,True,False,True,False,True,False,5630.8
1,18,74.7,1294.6,0,False,False,False,True,False,False,True,False,False,False,False,True,False,False,False,False,False,False,False,False,False,False,True,False,True,False,1344.6000000000001
0,44,111.5,4915.15,0,True,False,False,True,False,True,True,False,False,True,False,True,False,True,False,False,False,True,False,True,False,False,True,False,True,False,4906.0
0,48,29.5,1423.05,0,False,True,True,False,True,False,False,False,False,False,False,False,False,False,False,True,False,False,False,False,False,False,True,True,False,False,1416.0
0,11,64.9,697.25,0,False,False,False,True,False,False,False,False,False,False,False,False,False,True,False,True,False,False,False,True,True,False,False,True,False,False,713.9000000000001
0,71,106.0,7723.7,1,True,True,True,True,False,True,True,False,False,False,False,True,False,True,False,False,False,True,False,True,False,True,True,False,False,False,7526.0
1,35,81.6,2815.25,0,True,True,False,True,False,True,True,False,False,False,False,False,False,True,False,False,False,False,False,False,True,False,True,False,False,False,2856.0
1,24,34.25,828.2,0,True,True,False,False,True,False,False,False,False,False,False,False,False,True,False,True,False,False,False,False,False,False,False,False,False,True,822.0
0,60,104.7,6333.8,0,False,False,False,True,False,True,True,False,False,False,False,True,False,True,False,False,False,True,False,True,False,True,False,False,True,False,6282.0
0,6,30.5,208.7,1,True,False,False,False,True,False,False,False,False,False,False,True,False,False,False,False,False,False,False,False,False,False,True,True,False,False,183.0
0,15,20.0,288.05,1,True,True,True,True,False,False,False,True,True,False,True,False,True,False,True,False,True,False,True,False,False,False,True,False,True,False,300.0
1,21,104.35,2271.85,0,True,False,False,True,False,True,True,False,False,False,False,True,False,True,False,False,False,True,False,True,False,False,True,False,True,False,2191.35
0,33,20.6,690.25,0,True,True,True,True,False,False,False,True,True,False,True,False,True,False,True,False,True,False,True,False,True,False,False,False,False,True,679.8000000000001
0,1,20.9,20.9,0,False,False,False,True,False,False,False,True,True,False,True,False,True,False,True,False,True,False,True,False,False,False,False,False,False,True,20.9
0,58,19.55,1079.65,0,False,True,True,True,False,False,False,True,True,False,True,False,True,False,True,False,True,False,True,False,False,True,False,True,False,False,1133.9
0,10,64.9,685.55,0,False,False,False,True,False,False,False,False,False,False,False,True,False,False,False,True,False,False,False,True,True,False,False,False,False,True,649.0
0,33,24.25,838.5,0,False,True,True,True,False,True,False,True,True,False,True,False,True,False,True,False,True,False,True,False,False,False,False,False,False,False,800.25
1,1,25.25,25.25,1,False,False,False,False,True,False,False,False,False,False,False,False,False,False,False,False,False,False,False,False,False,False,False,False,True,False,25.25
0,1,45.95,45.95,1,False,False,True,True,False,False,False,False,False,False,False,False,False,False,False,False,False,False,False,False,False,False,False,False,False,True,45.95
0,42,73.15,3088.25,0,True,True,True,True,False,False,False,False,False,False,False,False,False,True,False,True,False,True,False,True,True,False,False,False,True,False,3072.3
0,1,20.15,20.15,0,True,True,True,True,False,False,False,True,True,False,True,False,True,False,True,False,True,False,True,False,False,False,True,False,False,False,20.15
0,38,20.1,730.1,0,True,False,False,True,False,False,False,True,True,False,True,False,True,False,True,False,True,False,True,False,True,False,False,False,False,True,763.8000000000001
0,5,50.6,249.95,1,False,False,False,True,False,True,False,False,False,False,False,False,False,False,False,False,False,False,False,False,False,False,True,False,False,True,253.0
0,65,110.0,7138.65,0,True,False,False,True,False,True,True,False,False,True,False,False,False,True,False,True,False,True,False,True,True,False,True,True,False,False,7150.0
1,43,33.45,1500.25,0,False,False,False,False,True,False,False,False,False,True,False,True,False,False,False,False,False,False,False,False,False,False,True,True,False,False,1438.3500000000001
0,72,84.9,6065.3,0,False,True,False,True,False,True,False,False,False,True,False,False,False,True,False,True,False,True,False,True,False,True,True,False,False,False,6112.8
0,60,94.4,5610.25,1,True,True,False,True,False,False,True,False,False,False,False,True,False,False,False,False,False,True,False,True,True,False,True,False,True,False,5664.0
0,55,100.9,5552.05,0,True,False,False,True,False,False,True,False,False,True,False,True,False,False,False,False,False,True,False,True,True,False,True,False,False,True,5549.5
0,70,113.05,7869.05,0,False,True,True,True,False,True,True,False,False,True,False,True,False,True,False,True,False,True,False,True,False,True,True,True,False,False,7913.5
0,6,73.85,401.3,0,False,False,False,True,False,True,True,False,False,False,False,False,False,False,False,False,False,False,False,False,False,False,True,False,False,True,443.09999999999997
0,13,104.15,1299.1,0,False,False,True,True,False,True,True,False,False,False,False,True,False,True,False,False,False,True,False,True,True,False,True,True,False,False,1353.95
0,8,20.15,165.5,0,True,True,True,True,False,False,False,True,True,False,True,False,True,False,True,False,True,False,True,False,False,True,False,False,False,True,161.2
0,45,99.7,4634.35,0,True,False,True,True,False,True,True,False,False,False,False,False,False,True,False,False,False,True,False,True,False,True,False,False,False,False,4486.5
0,54,110.35,5893.15,1,False,True,False,True,False,True,True,False,False,False,False,True,False,True,False,True,False,True,False,True,True,False,False,False,True,False,5958.9
0,33,83.35,2757.85,1,False,False,False,True,False,True,True,False,False,False,False,False,False,False,False,False,False,False,False,True,False,False,True,False,True,False,2750.5499999999997
0,21,75.9,1549.75,0,True,True,True,True,False,True,False,False,False,True,False,False,False,False,False,False,False,True,False,True,True,False,True,False,False,False,1593.9
1,55,100.0,5509.3,1,False,False,False,True,False,True,True,False,False,False,False,False,False,True,False,False,False,True,False,True,True,False,True,False,True,False,5500.0
0,1,75.3,75.3,1,False,False,False,True,False,False,True,False,False,True,False,False,False,False,False,False,False,False,False,False,False,False,False,False,False,True,75.3
0,44,68.85,2958.95,0,True,False,False,True,False,False,True,False,False,False,False,False,False,False,False,False,False,False,False,False,False,False,False,True,False,False,3029.3999999999996
0,72,87.1,6230.1,0,True,True,False,True,False,True,False,False,False,True,False,True,False,True,False,True,False,True,False,True,False,True,True,False,False,False,6271.2
0,13,61.8,750.1,0,True,True,True,True,False,False,False,False,False,False,False,True,False,True,False,True,False,False,False,False,False,False,False,False,False,False,803.4
0,36,104.5,3684.95,0,False,True,True,True,False,True,True,False,False,True,False,False,False,True,False,False,False,True,False,True,False,False,True,True,False,False,3762.0
0,71,25.55,1898.1,0,True,False,False,True,False,True,False,True,True,False,True,False,True,False,True,False,True,False,True,False,False,True,False,False,False,False,1814.05
1,9,100.5,918.6,1,True,False,False,True,False,True,True,False,False,False,False,False,False,True,False,False,False,True,False,True,False,False,True,False,True,False,904.5
0,46,55.0,2473.95,0,False,True,False,True,False,True,False,False,False,True,False,False,False,False,False,False,False,False,False,False,False,False,False,False,False,False,2530.0
1,61,104.4,6405.0,1,False,True,False,True,False,True,True,False,False,False,False,True,False,True,False,False,False,True,False,True,True,False,True,True,False,False,6368.400000000001
1,72,77.35,5396.25,0,True,True,False,True,False,True,False,False,False,False,False,True,False,True,False,True,False,True,False,False,False,True,False,True,False,False,5569.2
0,11,74.95,825.7,1,True,True,False,True,False,True,True,False,False,False,False,False,False,False,False,False,False,False,False,False,False,False,True,False,True,False,824.45
0,2,69.7,135.2,0,False,False,False,True,False,False,True,False,False,False,False,False,False,False,False,False,False,False,False,False,False,False,True,False,True,False,139.4
0,2,19.35,46.35,0,True,False,False,True,False,False,False,True,True,False,True,False,True,False,True,False,True,False,True,False,False,False,False,False,False,True,38.7
0,4,79.0,303.15,1,False,False,False,True,False,False,True,False,False,False,False,False,False,False,False,False,False,True,False,False,False,False,True,False,True,False,316.0
0,3,49.15,169.05,1,True,False,False,True,False,False,False,False,False,False,False,False,False,True,False,False,False,False,False,False,False,False,True,False,True,False,147.45
0,3,34.8,113.95,0,False,False,False,False,True,False,False,False,False,False,False,False,False,False,False,False,False,True,False,False,False,False,True,True,False,False,104.39999999999999
0,43,64.85,2908.2,0,False,True,False,True,False,True,False,False,False,False,False,False,False,False,False,True,False,True,False,False,True,False,True,False,False,False,2788.5499999999997
0,61,19.75,1311.6,0,False,True,True,True,False,False,False,True,True,False,True,False,True,False,True,False,True,False,True,False,False,True,False,True,False,False,1204.75
1,49,90.85,4515.85,1,False,False,False,True,False,True,True,False,False,False,False,False,False,True,False,False,False,False,False,True,False,False,True,True,False,False,4451.65
0,34,64.35,2053.05,0,False,False,False,True,False,False,False,False,False,True,False,True,False,False,False,False,False,False,False,True,True,False,False,False,True,False,2187.8999999999996
0,1,50.15,50.15,0,True,False,False,True,False,True,False,False,False,False,False,False,False,False,False,False,False,False,False,False,False,False,True,False,True,False,50.15
0,1,45.95,45.95,1,False,False,False,True,False,False,False,False,False,False,False,False,False,False,False,False,False,False,False,False,False,False,False,False,False,True,45.95
0,61,86.45,5175.3,0,False,False,False,True,False,True,False,False,False,True,False,False,False,True,False,True,False,True,False,True,False,True,False,True,False,False,5273.45
0,4,73.75,325.45,1,False,True,True,True,False,False,True,False,False,False,False,False,False,True,False,False,False,False,False,False,False,False,True,False,True,False,295.0
0,59,69.1,4096.9,0,True,True,False,True,False,True,False,False,False,True,False,False,False,False,False,True,False,False,False,True,True,False,True,False,False,True,4076.8999999999996
0,4,45.25,155.35,0,True,True,True,True,False,False,False,False,False,False,False,False,False,False,False,False,False,False,False,False,False,False,False,False,False,True,181.0
0,0,19.85,1397.475,0,True,True,True,True,False,False,False,True,True,False,True,False,True,False,True,False,True,False,True,False,False,True,False,False,False,True,0.0
0,22,20.3,475.1,0,True,False,False,True,False,False,False,True,True,False,True,False,True,False,True,False,True,False,True,False,True,False,False,False,False,True,446.6
0,72,84.7,6185.15,0,False,False,False,True,False,True,True,False,False,True,False,False,False,False,False,True,False,False,False,False,False,True,True,False,False,False,6098.400000000001
0,15,30.2,469.65,0,True,True,True,False,True,False,False,False,False,True,False,False,False,False,False,False,False,False,False,False,False,False,True,False,False,False,453.0
0,1,19.3,19.3,1,False,False,False,True,False,False,False,True,True,False,True,False,True,False,True,False,True,False,True,False,False,False,False,False,True,False,19.3
0,57,95.25,5464.65,1,False,False,False,True,False,False,True,False,False,False,False,False,False,True,False,False,False,True,False,True,False,True,True,False,True,False,5429.25
0,39,86.3,3266.0,1,True,True,True,True,False,False,True,False,False,False,False,True,False,False,False,False,False,True,False,False,False,False,True,False,False,True,3365.7
1,6,19.5,106.8,0,False,False,False,True,False,False,False,True,True,False,True,False,True,False,True,False,True,False,True,False,False,False,False,False,False,False,117.0
0,16,63.05,1067.05,0,False,False,False,True,False,True,False,False,False,False,False,False,False,False,False,False,False,False,False,True,False,False,True,False,False,False,1008.8
0,39,30.1,1131.3,1,False,False,True,False,True,False,False,False,False,False,False,False,False,True,False,False,False,False,False,False,False,False,False,True,False,False,1173.9
0,4,19.9,76.65,0,True,True,True,True,False,False,False,True,True,False,True,False,True,False,True,False,True,False,True,False,False,True,False,False,False,True,79.6
0,59,106.75,6252.9,1,True,True,False,True,False,True,True,False,False,True,False,True,False,True,False,True,False,True,False,False,False,False,True,False,True,False,6298.25
0,69,84.45,5848.6,0,False,True,True,True,False,True,True,False,False,True,False,False,False,True,False,False,False,False,False,False,True,False,False,False,False,False,5827.05
0,24,70.3,1706.45,0,True,True,True,True,False,False,False,False,False,True,False,True,False,False,False,True,False,False,False,True,False,False,True,True,False,False,1687.1999999999998
0,6,20.4,107.6,0,True,True,True,True,False,False,False,True,True,False,True,False,True,False,True,False,True,False,True,False,False,True,True,True,False,False,122.39999999999999
0,9,94.05,811.65,0,True,False,False,True,False,False,True,False,False,False,False,False,False,True,False,False,False,True,False,True,False,False,True,False,True,False,846.4499999999999
0,8,19.5,159.35,0,False,True,True,True,False,False,False,True,True,False,True,False,True,False,True,False,True,False,True,False,False,True,False,False,False,False,156.0
0,30,19.65,655.85,1,False,True,False,True,False,False,False,True,True,False,True,False,True,False,True,False,True,False,True,False,False,False,False,False,False,False,589.5
0,62,71.4,4487.3,0,True,True,True,True,False,False,False,False,False,True,False,False,False,True,False,True,False,False,False,True,True,False,False,True,False,False,4426.8
0,35,21.1,741.0,0,False,False,False,True,False,False,False,True,True,False,True,False,True,False,True,False,True,False,True,False,True,False,False,False,False,True,738.5
0,55,19.15,998.1,0,False,True,True,True,False,False,False,True,True,False,True,False,True,False,True,False,True,False,True,False,True,False,False,True,False,False,1053.25
0,2,60.85,111.4,0,False,False,False,True,False,False,False,False,False,False,False,False,False,True,False,False,False,False,False,True,False,False,False,False,True,False,121.7
1,29,94.45,2653.65,1,True,True,False,True,False,True,True,False,False,False,False,False,False,False,False,False,False,True,False,True,False,False,True,False,True,False,2739.05
0,2,74.95,151.75,0,True,False,False,True,False,False,True,False,False,False,False,True,False,False,False,False,False,False,False,False,False,False,False,False,True,False,149.9
1,33,54.6,1803.7,0,True,False,False,False,True,False,False,False,False,False,False,False,False,True,False,True,False,True,False,True,False,False,True,False,True,False,1801.8
0,5,75.9,357.75,1,True,False,False,True,False,True,True,False,False,False,False,False,False,False,False,False,False,False,False,False,False,False,True,False,False,False,379.5
0,1,69.2,69.2,1,False,False,False,True,False,False,True,False,False,False,False,False,False,False,False,False,False,False,False,False,False,False,True,False,True,False,69.2
0,72,105.5,7544.0,0,False,True,False,True,False,True,True,False,False,True,False,False,False,True,False,False,False,True,False,True,False,True,True,False,True,False,7596.0
1,43,89.55,3856.75,1,True,False,False,True,False,False,True,False,False,False,False,False,False,False,False,False,False,True,False,True,False,False,True,False,False,True,3850.65
0,10,74.75,799.65,1,False,False,False,True,False,True,True,False,False,False,False,False,False,False,False,False,False,False,False,False,False,False,True,False,True,False,747.5
0,70,26.0,2006.95,0,False,True,False,True,False,True,False,True,True,False,True,False,True,False,True,False,True,False,True,False,False,True,True,False,False,False,1820.0
0,24,96.0,2122.45,1,True,False,False,True,False,False,True,False,False,False,False,False,False,False,False,True,False,True,False,True,False,False,True,False,True,False,2304.0
0,23,19.5,470.2,0,False,False,False,True,False,False,False,True,True,False,True,False,True,False,True,False,True,False,True,False,False,False,True,False,False,True,448.5
0,43,51.25,2151.6,0,False,True,True,False,True,False,False,False,False,True,False,True,False,False,False,True,False,True,False,False,True,False,True,False,False,False,2203.75
0,1,19.1,19.1,1,False,False,False,True,False,False,False,True,True,False,True,False,True,False,True,False,True,False,True,False,False,False,True,False,False,True,19.1
0,24,80.25,1861.5,1,True,False,False,True,False,True,True,False,False,False,False,True,False,False,False,False,False,False,False,False,False,False,True,False,True,False,1926.0
1,65,103.9,6767.1,0,False,True,True,True,False,True,True,False,False,False,False,False,False,True,False,True,False,True,False,True,True,False,True,False,False,False,6753.5
0,56,109.6,5953.0,0,False,True,True,True,False,True,True,False,False,True,False,False,False,True,False,True,False,True,False,True,False,False,True,False,False,True,6137.599999999999
1,1,79.1,79.1,1,True,False,False,True,False,False,True,False,False,False,False,False,False,False,False,False,False,True,False,False,False,False,True,False,True,False,79.1
1,28,105.8,2998.0,0,True,True,False,True,False,True,True,False,False,False,False,True,False,False,False,True,False,True,False,True,False,False,True,False,True,False,2962.4
0,13,29.15,357.15,0,False,False,False,False,True,False,False,False,False,False,False,True,False,False,False,False,False,False,False,False,False,False,False,False,True,False,378.95
0,8,80.1,679.3,1,False,False,False,True,False,False,True,False,False,False,False,False,False,False,False,False,False,True,False,False,False,False,True,False,False,False,640.8
0,3,70.15,194.2,0,False,False,False,True,False,False,True,False,False,False,False,False,False,False,False,False,False,False,False,False,False,False,True,False,True,False,210.45000000000002
0,1,19.95,19.95,1,True,False,False,True,False,False,False,True,True,False,True,False,True,False,True,False,True,False,True,False,False,False,False,False,True,False,19.95
1,26,89.15,2277.65,1,False,False,False,True,False,True,True,False,False,False,False,True,False,False,False,False,False,True,False,False,False,False,True,False,True,False,2317.9
1,1,75.75,75.75,1,True,False,False,True,False,True,True,False,False,False,False,False,False,False,False,False,False,False,False,False,False,False,True,False,True,False,75.75
0,5,20.5,104.3,0,False,False,False,True,False,False,False,True,True,False,True,False,True,False,True,False,True,False,True,False,False,False,True,False,False,True,102.5
0,28,94.5,2659.4,1,True,False,False,True,False,True,True,False,False,True,False,True,False,False,False,False,False,False,False,True,False,False,True,True,False,False,2646.0
0,11,58.95,601.6,0,False,False,False,True,False,True,False,False,False,False,False,False,False,False,False,False,False,False,False,True,False,False,True,False,False,True,648.45
1,11,104.05,1133.65,1,False,True,False,True,False,True,True,False,False,False,False,False,False,True,False,True,False,True,False,True,False,False,True,False,False,False,1144.55
1,66,80.45,5224.35,1,False,False,False,True,False,True,True,False,False,False,False,True,False,False,False,False,False,False,False,False,False,False,True,True,False,False,5309.7
0,56,19.95,1126.75,0,True,True,False,True,False,False,False,True,True,False,True,False,True,False,True,False,True,False,True,False,True,False,False,True,False,False,1117.2
1,53,25.1,1275.6,0,False,True,False,True,False,True,False,True,True,False,True,False,True,False,True,False,True,False,True,False,False,True,False,True,False,False,1330.3000000000002
0,3,31.0,95.05,1,False,True,True,False,True,False,False,False,False,False,False,False,False,False,False,True,False,False,False,False,False,False,True,False,False,True,93.0
1,72,117.35,8436.25,0,False,False,False,True,False,True,True,False,False,True,False,True,False,True,False,True,False,True,False,True,False,True,True,True,False,False,8449.199999999999
0,6,70.55,433.95,0,False,False,False,True,False,False,True,False,False,False,False,False,False,False,False,False,False,False,False,False,False,False,False,True,False,False,423.29999999999995
0,71,114.6,8100.25,0,False,True,True,True,False,True,True,False,False,True,False,True,False,True,False,True,False,True,False,True,False,True,False,False,False,False,8136.599999999999
0,15,19.8,309.4,0,True,False,False,True,False,False,False,True,True,False,True,False,True,False,True,False,True,False,True,False,False,False,True,False,False,True,297.0
1,57,69.85,4003.0,0,False,False,False,True,False,False,False,False,False,True,False,False,False,True,False,True,False,True,False,False,False,True,False,False,False,False,3981.45
0,68,24.55,1657.4,0,True,False,False,True,False,True,False,True,True,False,True,False,True,False,True,False,True,False,True,False,False,True,False,False,False,True,1669.4
0,13,31.05,347.25,1,False,False,False,False,True,False,False,False,False,False,False,True,False,False,False,False,False,False,False,False,False,False,True,False,True,False,403.65000000000003
0,71,24.7,1810.55,0,False,True,True,True,False,True,False,True,True,False,True,False,True,False,True,False,True,False,True,False,False,True,False,False,False,False,1753.7
0,5,40.0,223.45,1,True,False,False,False,True,False,False,False,False,True,False,False,False,True,False,True,False,False,False,False,False,False,False,False,False,True,200.0
0,18,89.6,1633.0,0,True,False,False,True,False,True,True,False,False,False,False,False,False,True,False,False,False,True,False,False,True,False,True,True,False,False,1612.8
0,36,94.7,3512.5,0,True,False,True,True,False,False,True,False,False,False,False,True,False,False,False,False,False,True,False,True,False,False,True,False,True,False,3409.2000000000003
0,63,84.65,5377.8,0,True,True,False,True,False,True,True,False,False,True,False,False,False,False,False,True,False,False,False,False,False,True,True,True,False,False,5332.950000000001
0,39,54.85,2191.7,0,True,False,True,False,True,False,False,False,False,False,False,False,False,True,False,True,False,True,False,True,True,False,False,False,False,False,2139.15
0,3,19.55,61.05,0,False,False,False,True,False,False,False,True,True,False,True,False,True,False,True,False,True,False,True,False,False,False,False,False,True,False,58.650000000000006
0,32,20.05,614.45,0,True,False,False,True,False,False,False,True,True,False,True,False,True,False,True,False,True,False,True,False,False,True,True,False,False,False,641.6
1,4,70.2,280.35,0,True,True,False,True,False,False,True,False,False,False,False,False,False,False,False,False,False,False,False,False,False,False,True,False,True,False,280.8
1,32,93.2,2931.0,1,False,True,False,True,False,True,True,False,False,False,False,False,False,False,False,False,False,True,False,True,False,False,True,False,True,False,2982.4
1,15,74.2,1133.9,1,True,False,False,True,False,True,True,False,False,False,False,False,False,False,False,False,False,False,False,False,False,False,True,True,False,False,1113.0
1,5,81.0,371.65,1,False,True,False,True,False,True,True,False,False,False,False,True,False,False,False,False,False,False,False,False,False,False,True,False,True,False,405.0
0,9,20.35,191.1,0,False,True,True,True,False,False,False,True,True,False,True,False,True,False,True,False,True,False,True,False,False,True,False,False,False,True,183.15
0,31,81.15,2545.75,0,False,True,True,True,False,False,False,False,False,True,False,False,False,True,False,True,False,True,False,True,True,False,True,False,False,True,2515.65
0,1,49.5,49.5,0,False,False,False,True,False,False,False,False,False,False,False,True,False,False,False,False,False,False,False,False,False,False,False,False,True,False,49.5
0,1,81.05,81.05,0,True,True,True,True,False,False,True,False,False,False,False,False,False,False,False,False,False,False,False,True,False,False,True,False,True,False,81.05
0,2,100.2,198.5,0,True,False,False,True,False,False,True,False,False,True,False,True,False,False,False,False,False,True,False,True,False,False,False,False,True,False,200.4
0,35,23.3,797.1,0,False,False,False,True,False,True,False,True,True,False,True,False,True,False,True,False,True,False,True,False,False,True,False,False,False,False,815.5
0,5,19.55,99.6,0,False,False,False,True,False,False,False,True,True,False,True,False,True,False,True,False,True,False,True,False,True,False,False,False,True,False,97.75
0,3,50.15,168.15,1,True,True,True,True,False,False,False,False,False,False,False,False,False,True,False,False,False,False,False,False,False,False,True,False,True,False,150.45
0,12,49.05,593.05,0,True,False,False,True,False,False,False,False,False,False,False,True,False,False,False,False,False,False,False,False,False,False,True,False,False,False,588.5999999999999
0,56,24.15,1402.25,0,True,True,True,True,False,True,False,True,True,False,True,False,True,False,True,False,True,False,True,False,False,True,False,False,False,False,1352.3999999999999
0,72,24.75,1859.1,0,True,True,True,True,False,True,False,True,True,False,True,False,True,False,True,False,True,False,True,False,False,True,False,True,False,False,1782.0
0,1,69.4,69.4,1,False,True,False,True,False,False,True,False,False,False,False,False,False,False,False,False,False,False,False,False,False,False,True,False,False,True,69.4
0,1,84.8,84.8,1,True,True,False,True,False,False,True,False,False,False,False,False,False,False,False,True,False,True,False,False,False,False,True,False,True,False,84.8
0,26,90.1,2312.55,0,False,True,False,True,False,True,False,False,False,True,False,True,False,True,False,True,False,True,False,True,True,False,True,True,False,False,2342.6
0,13,49.15,649.4,0,False,False,False,False,True,False,False,False,False,False,False,False,False,True,False,False,False,True,False,True,False,False,False,False,True,False,638.9499999999999
0,15,65.6,1010.0,0,False,False,True,True,False,False,False,False,False,True,False,True,False,True,False,True,False,False,False,False,True,False,False,True,False,False,983.9999999999999
1,68,95.9,6503.2,0,True,False,False,True,False,True,True,False,False,False,False,True,False,True,False,False,False,False,False,True,False,False,True,False,True,False,6521.200000000001
1,27,101.25,2754.45,1,False,True,False,True,False,False,True,False,False,True,False,False,False,True,False,False,False,True,False,True,False,False,True,False,True,False,2733.75
1,5,69.35,341.6,0,False,True,False,True,False,False,True,False,False,False,False,False,False,False,False,False,False,False,False,False,False,False,True,False,True,False,346.75
0,64,25.0,1584.8,0,False,True,False,True,False,True,False,True,True,False,True,False,True,False,True,False,True,False,True,False,False,True,False,True,False,False,1600.0
0,16,65.2,1043.35,1,False,False,False,True,False,True,False,False,False,False,False,False,False,True,False,False,False,False,False,True,False,False,True,True,False,False,1043.2
0,2,79.65,152.7,1,False,False,False,True,False,False,True,False,False,False,False,False,False,False,False,False,False,True,False,False,False,False,True,False,False,True,159.3
0,52,39.1,1982.1,0,False,False,False,False,True,False,False,False,False,True,False,True,False,False,False,True,False,False,False,False,False,True,False,False,False,True,2033.2
0,15,25.05,369.1,0,False,False,False,True,False,True,False,True,True,False,True,False,True,False,True,False,True,False,True,False,False,True,False,False,False,False,375.75
0,41,109.1,4454.25,0,False,True,True,True,False,True,True,False,False,False,False,True,False,True,False,True,False,True,False,True,True,False,True,False,False,False,4473.099999999999
1,20,71.3,1389.2,1,True,False,False,True,False,False,True,False,False,False,False,False,False,False,False,False,False,False,False,False,False,False,False,True,False,False,1426.0
0,32,19.3,593.2,0,False,True,False,True,False,False,False,True,True,False,True,False,True,False,True,False,True,False,True,False,True,False,False,False,False,True,617.6
0,1,50.45,50.45,1,True,False,False,True,False,True,False,False,False,False,False,False,False,False,False,False,False,False,False,False,False,False,True,False,True,False,50.45
0,72,83.3,6042.7,0,False,True,True,True,False,True,False,False,False,True,False,False,False,True,False,True,False,True,False,True,False,True,True,False,False,False,5997.599999999999
0,34,84.75,2839.45,0,False,True,True,True,False,False,False,False,False,True,False,True,False,True,False,True,False,True,False,True,False,True,False,False,False,True,2881.5
0,44,19.55,819.95,0,True,False,True,True,False,False,False,True,True,False,True,False,True,False,True,False,True,False,True,False,False,True,False,False,False,False,860.2
0,72,75.1,5336.35,0,True,False,False,True,False,False,False,False,False,True,False,True,False,True,False,True,False,True,False,False,False,True,True,False,False,False,5407.2
0,8,94.75,759.55,0,True,True,True,True,False,False,True,False,False,False,False,False,False,True,False,False,False,True,False,True,False,False,True,False,True,False,758.0
0,7,34.2,256.6,0,True,True,False,False,True,False,False,False,False,True,False,True,False,False,False,False,False,False,False,False,False,False,False,False,False,True,239.40000000000003
0,59,19.85,1188.25,0,True,True,True,True,False,False,False,True,True,False,True,False,True,False,True,False,True,False,True,False,False,True,False,False,False,True,1171.15
0,3,96.6,291.9,1,False,False,False,True,False,True,True,False,False,False,False,False,False,False,False,False,False,True,False,True,False,False,True,False,True,False,289.79999999999995
0,41,98.8,3959.15,0,False,False,False,True,False,False,True,False,False,False,False,True,False,False,False,True,False,True,False,True,False,True,True,False,False,False,4050.7999999999997
0,61,25.3,1554.9,0,False,True,False,True,False,True,False,True,True,False,True,False,True,False,True,False,True,False,True,False,False,True,False,False,False,False,1543.3
0,29,80.15,2265.25,1,True,True,False,True,False,True,True,False,False,False,False,True,False,False,False,False,False,False,False,False,False,False,True,False,False,False,2324.3500000000004
0,48,19.55,883.35,0,False,True,True,True,False,False,False,True,True,False,True,False,True,False,True,False,True,False,True,False,False,True,False,False,False,True,938.4000000000001
0,1,20.15,20.15,1,True,False,False,True,False,False,False,True,True,False,True,False,True,False,True,False,True,False,True,False,False,False,False,False,False,True,20.15
0,64,24.8,1514.85,0,True,True,True,True,False,True,False,True,True,False,True,False,True,False,True,False,True,False,True,False,False,True,True,False,False,True,1587.2
0,58,20.75,1185.95,0,True,True,False,True,False,False,False,True,True,False,True,False,True,False,True,False,True,False,True,False,False,True,False,False,False,True,1203.5
0,29,84.9,2516.2,0,True,False,False,True,False,True,True,False,False,False,False,False,False,False,False,False,False,False,False,True,False,False,True,False,True,False,2462.1000000000004
1,7,94.7,673.1,1,True,True,False,True,False,True,True,False,False,True,False,True,False,False,False,False,False,False,False,True,False,False,True,True,False,False,662.9
0,67,111.05,7321.05,0,True,True,False,True,False,False,True,False,False,True,False,True,False,True,False,True,False,True,False,True,False,True,True,False,True,False,7440.349999999999
0,5,70.0,347.4,1,True,False,False,True,False,False,False,False,False,False,False,False,False,True,False,False,False,True,False,True,True,False,True,False,False,True,350.0
0,27,52.85,1498.65,0,False,False,False,True,False,False,False,False,False,True,False,True,False,False,False,False,False,False,False,False,False,True,False,False,False,False,1426.95
0,4,48.55,201.0,1,True,True,False,False,True,False,False,False,False,False,False,True,False,False,False,False,False,True,False,True,False,False,True,False,True,False,194.2
0,1,20.05,20.05,0,True,False,False,True,False,False,False,True,True,False,True,False,True,False,True,False,True,False,True,False,False,False,False,False,False,True,20.05
0,4,19.95,82.9,0,False,True,True,True,False,False,False,True,True,False,True,False,True,False,True,False,True,False,True,False,False,False,True,False,True,False,79.8
0,6,19.65,100.9,0,True,False,True,True,False,False,False,True,True,False,True,False,True,False,True,False,True,False,True,False,False,False,False,False,False,True,117.89999999999999
0,1,33.6,33.6,0,True,False,True,False,True,False,False,False,False,False,False,True,False,False,False,True,False,False,False,False,False,False,False,False,False,True,33.6
0,49,84.35,4059.35,1,True,True,False,True,False,True,False,False,False,True,False,False,False,True,False,True,False,True,False,True,True,False,False,False,True,False,4133.15
0,2,55.05,102.75,1,False,False,False,True,False,False,False,False,False,False,False,True,False,False,False,True,False,False,False,False,False,False,True,True,False,False,110.1
0,16,84.9,1398.25,0,True,True,True,True,False,True,False,False,False,True,False,True,False,False,False,True,False,True,False,True,False,False,False,False,True,False,1358.4
0,1,25.4,25.4,0,False,False,True,True,False,True,False,True,True,False,True,False,True,False,True,False,True,False,True,False,False,False,False,False,False,True,25.4
0,25,69.75,1729.35,0,True,False,False,True,False,False,True,False,False,False,False,False,False,False,False,False,False,False,False,False,False,False,False,False,True,False,1743.75
0,25,53.65,1355.45,0,True,True,True,True,False,False,False,False,False,False,False,True,False,True,False,False,False,False,False,False,True,False,False,False,False,True,1341.25
0,72,110.75,7751.7,0,False,True,False,True,False,True,True,False,False,True,False,True,False,True,False,False,False,True,False,True,False,True,True,False,True,False,7974.0
0,10,20.0,198.7,0,True,False,False,True,False,False,False,True,True,False,True,False,True,False,True,False,True,False,True,False,False,False,False,True,False,False,200.0
0,54,84.4,4484.05,0,True,False,False,True,False,False,True,False,False,True,False,False,False,True,False,True,False,False,False,False,True,False,False,False,True,False,4557.6
1,1,49.25,49.25,1,True,True,True,True,False,False,False,False,False,False,False,False,False,False,False,True,False,False,False,False,False,False,True,True,False,False,49.25
0,66,66.9,4370.25,0,False,True,False,True,False,True,False,False,False,True,False,True,False,True,False,False,False,False,False,False,False,True,False,False,False,False,4415.400000000001
0,4,65.55,237.2,0,True,False,False,True,False,True,False,False,False,False,False,False,False,False,False,True,False,False,False,True,False,False,False,False,False,True,262.2
0,7,20.35,150.6,0,False,False,False,True,False,False,False,True,True,False,True,False,True,False,True,False,True,False,True,False,False,False,False,False,False,True,142.45000000000002
1,69,56.55,3952.65,0,True,True,False,False,True,False,False,False,False,True,False,True,False,False,False,False,False,True,False,True,False,True,False,True,False,False,3901.95
0,8,95.65,778.1,1,False,False,False,True,False,True,True,False,False,False,False,False,False,False,False,False,False,True,False,True,False,False,False,False,False,False,765.2
0,25,55.55,1405.3,0,True,True,False,True,False,True,False,False,False,False,False,False,False,True,False,False,False,False,False,False,False,False,False,True,False,False,1388.75
1,37,101.1,3744.05,1,True,False,False,True,False,True,True,False,False,False,False,False,False,True,False,False,False,True,False,True,False,False,True,False,True,False,3740.7
0,1,19.7,19.7,0,True,True,True,True,False,False,False,True,True,False,True,False,True,False,True,False,True,False,True,False,False,False,False,False,False,True,19.7
0,4,24.1,73.1,0,True,True,True,True,False,True,False,True,True,False,True,False,True,False,True,False,True,False,True,False,True,False,False,True,False,False,96.4
0,10,33.9,298.45,1,True,False,False,False,True,False,False,False,False,False,False,False,False,False,False,False,False,False,False,True,False,False,True,False,False,True,339.0
0,13,35.4,450.4,0,False,False,False,False,True,False,False,False,False,False,False,False,False,True,False,True,False,False,False,False,False,True,False,False,False,True,460.2
0,12,78.85,876.75,0,False,True,False,True,False,True,False,False,False,True,False,False,False,True,False,False,False,True,False,True,True,False,False,False,True,False,946.1999999999999
0,61,25.45,1538.6,0,True,True,False,True,False,True,False,True,True,False,True,False,True,False,True,False,True,False,True,False,False,True,False,False,False,False,1552.45
0,65,99.35,6347.55,0,True,True,False,True,False,True,True,False,False,True,False,True,False,True,False,False,False,True,False,False,False,True,True,False,True,False,6457.75
0,56,64.65,3665.55,0,True,False,False,True,False,True,False,False,False,True,False,True,False,False,False,True,False,False,False,False,True,False,True,False,False,False,3620.4000000000005
0,51,81.15,4126.2,0,True,False,False,True,False,True,False,False,False,True,False,True,False,True,False,True,False,True,False,False,True,False,True,True,False,False,4138.650000000001
0,43,91.25,4013.8,0,True,True,True,True,False,True,True,False,False,True,False,False,False,True,False,True,False,False,False,False,True,False,True,True,False,False,3923.75
0,1,49.9,49.9,0,False,False,False,True,False,False,False,False,False,False,False,False,False,False,False,True,False,False,False,False,False,False,True,False,True,False,49.9
0,3,54.2,140.4,0,False,False,False,True,False,False,False,False,False,False,False,False,False,False,False,False,False,True,False,False,False,False,True,False,True,False,162.60000000000002
0,19,39.7,710.05,0,False,False,False,False,True,False,False,False,False,False,False,True,False,False,False,False,False,False,False,True,False,False,True,False,True,False,754.3000000000001
0,45,107.75,4882.8,0,True,True,False,True,False,True,True,False,False,False,False,True,False,True,False,False,False,True,False,True,False,False,True,False,False,False,4848.75
1,68,100.2,6851.65,1,False,True,False,True,False,True,True,False,False,False,False,True,False,False,False,False,False,True,False,True,False,False,True,False,True,False,6813.6
0,1,20.5,20.5,1,False,False,False,True,False,False,False,True,True,False,True,False,True,False,True,False,True,False,True,False,False,False,False,False,False,True,20.5
0,32,89.6,2901.8,0,False,True,True,True,False,True,True,False,False,True,False,False,False,False,False,False,False,True,False,False,False,False,False,False,True,False,2867.2
0,59,34.8,1980.3,0,True,True,True,False,True,False,False,False,False,True,False,False,False,True,False,False,False,False,False,False,True,False,False,False,False,True,2053.2
0,45,20.35,929.2,0,True,True,True,True,False,False,False,True,True,False,True,False,True,False,True,False,True,False,True,False,False,True,False,False,False,True,915.7500000000001
1,24,104.25,2433.9,1,True,True,False,True,False,True,True,False,False,False,False,True,False,True,False,False,False,True,False,True,False,False,True,False,True,False,2502.0
0,63,89.4,5597.65,0,True,True,True,True,False,True,False,False,False,True,False,True,False,True,False,True,False,True,False,True,False,True,True,True,False,False,5632.200000000001
1,29,51.6,1442.0,0,True,True,False,True,False,True,False,False,False,False,False,False,False,False,False,False,False,False,False,False,False,False,True,False,True,False,1496.4
0,55,85.5,4713.4,0,True,True,True,True,False,True,True,False,False,False,False,False,False,False,False,False,False,False,False,True,False,False,False,False,False,False,4702.5
0,8,84.95,668.4,1,False,False,False,True,False,False,True,False,False,True,False,False,False,False,False,False,False,True,False,False,False,False,False,False,True,False,679.6
0,34,25.05,852.7,0,True,False,False,False,True,False,False,False,False,False,False,False,False,False,False,False,False,False,False,False,False,False,True,False,False,False,851.7
0,1,70.25,70.25,1,False,False,False,True,False,False,True,False,False,False,False,False,False,False,False,False,False,False,False,False,False,False,True,False,True,False,70.25
0,10,54.95,568.85,0,True,True,False,True,False,False,False,False,False,True,False,False,False,False,False,True,False,False,False,False,False,False,True,True,False,False,549.5
0,71,73.35,5154.5,0,True,True,True,True,False,False,False,False,False,False,False,True,False,False,False,True,False,True,False,True,False,True,True,True,False,False,5207.849999999999
0,5,55.75,266.95,0,True,False,False,True,False,False,False,False,False,True,False,False,False,False,False,True,False,False,False,False,False,False,True,False,False,True,278.75
0,31,79.3,2484.0,0,True,True,False,True,False,True,False,False,False,False,False,False,False,True,False,True,False,True,False,True,True,False,True,False,False,True,2458.2999999999997
0,1,74.6,74.6,1,False,False,False,True,False,False,True,False,False,False,False,False,False,True,False,False,False,False,False,False,False,False,True,False,False,True,74.6
0,20,88.7,1761.45,1,True,False,False,True,False,True,True,False,False,False,False,False,False,True,False,False,False,True,False,False,False,False,True,False,True,False,1774.0
0,19,20.2,382.2,0,False,True,True,True,False,False,False,True,True,False,True,False,True,False,True,False,True,False,True,False,False,False,False,False,False,True,383.8
0,72,112.6,8126.65,0,True,True,True,True,False,True,True,False,False,True,False,True,False,True,False,True,False,True,False,True,False,True,True,True,False,False,8107.2
0,11,25.0,300.7,0,False,True,True,True,False,True,False,True,True,False,True,False,True,False,True,False,True,False,True,False,False,True,False,False,False,True,275.0
0,4,90.05,368.1,1,True,False,False,True,False,True,True,False,False,False,False,True,False,False,False,False,False,False,False,True,False,False,True,False,True,False,360.2
0,25,104.95,2566.5,1,False,True,False,True,False,True,True,False,False,False,False,False,False,True,False,True,False,True,False,True,False,False,True,False,False,False,2623.75
1,45,24.7,1174.35,0,True,True,False,True,False,True,False,True,True,False,True,False,True,False,True,False,True,False,True,False,True,False,False,True,False,False,1111.5
1,64,108.95,7111.3,0,False,False,False,True,False,True,True,False,False,True,False,False,False,True,False,True,False,True,False,True,False,False,True,False,False,False,6972.8
0,4,20.7,83.75,0,True,False,False,True,False,False,False,True,True,False,True,False,True,False,True,False,True,False,True,False,False,False,True,True,False,False,82.8
0,34,19.7,675.6,0,True,False,False,True,False,False,False,True,True,False,True,False,True,False,True,False,True,False,True,False,False,False,False,False,False,True,669.8
0,48,70.1,3238.4,0,False,True,True,True,False,False,False,False,False,True,False,True,False,True,False,False,False,False,False,True,False,True,True,True,False,False,3364.7999999999997
0,24,79.65,1928.7,0,False,True,False,True,False,True,True,False,False,False,False,False,False,True,False,False,False,False,False,False,False,False,True,False,False,True,1911.6000000000001
1,8,60.9,551.95,0,True,True,False,True,False,False,False,False,False,True,False,False,False,False,False,False,False,True,False,False,False,False,False,False,False,False,487.2
0,67,104.0,7039.05,0,False,False,True,True,False,True,True,False,False,False,False,True,False,False,False,True,False,True,False,True,False,True,True,False,True,False,6968.0
0,14,66.6,979.5,0,True,True,False,True,False,True,False,False,False,False,False,False,False,False,False,True,False,True,False,False,False,False,True,True,False,False,932.3999999999999
1,10,29.65,291.4,1,False,False,False,False,True,False,False,False,False,False,False,False,False,False,False,True,False,False,False,False,False,False,True,False,True,False,296.5
0,42,97.1,4016.75,0,True,True,True,True,False,True,True,False,False,True,False,False,False,False,False,False,False,True,False,True,True,False,False,False,True,False,4078.2
0,15,20.05,284.3,0,False,True,True,True,False,False,False,True,True,False,True,False,True,False,True,False,True,False,True,False,False,False,False,False,False,True,300.75
0,2,45.85,105.6,0,False,False,False,True,False,False,False,False,False,False,False,False,False,False,False,False,False,False,False,False,False,False,True,False,False,True,91.7
0,45,105.15,4730.9,0,False,True,True,True,False,True,True,False,False,True,False,True,False,False,False,False,False,True,False,True,False,False,True,False,True,False,4731.75
0,4,84.05,333.55,1,False,False,True,True,False,True,True,False,False,False,False,True,False,True,False,False,False,False,False,False,False,False,False,False,False,False,336.2
0,67,108.75,7156.2,1,False,True,True,True,False,True,True,False,False,True,False,False,False,True,False,True,False,True,False,True,False,True,True,True,False,False,7286.25
0,12,56.65,654.85,1,True,False,False,True,False,False,False,False,False,True,False,False,False,False,False,True,False,False,False,False,False,False,False,False,False,True,679.8
0,60,95.75,5742.9,1,True,True,False,True,False,True,True,False,False,False,False,True,False,True,False,False,False,True,False,False,False,False,True,False,True,False,5745.0
0,1,50.6,50.6,1,True,False,True,True,False,False,False,False,False,True,False,False,False,False,False,False,False,False,False,False,False,False,False,False,False,True,50.6
1,1,70.6,70.6,0,False,False,False,True,False,False,True,False,False,False,False,False,False,False,False,False,False,False,False,False,False,False,True,False,False,True,70.6
0,1,19.9,19.9,1,False,False,False,True,False,False,False,True,True,False,True,False,True,False,True,False,True,False,True,False,False,False,False,False,False,True,19.9
0,8,43.45,345.5,0,True,True,True,True,False,False,False,False,False,False,False,False,False,False,False,False,False,False,False,False,True,False,True,False,False,True,347.6
1,5,89.8,502.6,1,True,False,False,True,False,True,True,False,False,False,False,True,False,False,False,False,False,False,False,True,False,False,True,False,True,False,449.0
0,1,69.15,69.15,1,True,True,False,True,False,False,True,False,False,False,False,False,False,False,False,False,False,False,False,False,False,False,True,False,True,False,69.15
0,58,20.5,1191.4,0,False,True,True,True,False,False,False,True,True,False,True,False,True,False,True,False,True,False,True,False,False,True,False,True,False,False,1189.0
0,72,108.95,7875.0,0,True,True,False,True,False,True,True,False,False,True,False,True,False,False,False,True,False,True,False,True,False,True,True,True,False,False,7844.400000000001
0,23,25.1,611.45,0,False,True,True,True,False,True,False,True,True,False,True,False,True,False,True,False,True,False,True,False,False,True,False,False,False,True,577.3000000000001
0,5,96.5,492.55,1,True,False,False,True,False,False,True,False,False,False,False,False,False,True,False,False,False,True,False,True,False,False,False,False,False,False,482.5
0,70,39.15,2692.75,0,True,True,False,False,True,False,False,False,False,True,False,False,False,True,False,True,False,False,False,False,False,True,True,True,False,False,2740.5
0,12,84.5,916.9,1,False,True,True,True,False,True,True,False,False,False,False,True,False,True,False,False,False,False,False,False,False,False,True,False,True,False,1014.0
0,7,69.9,497.3,0,False,False,False,True,False,False,True,False,False,False,False,False,False,False,False,False,False,False,False,False,False,False,True,False,False,True,489.30000000000007
0,1,45.65,45.65,1,True,False,False,True,False,False,False,False,False,False,False,False,False,False,False,False,False,False,False,False,False,False,True,False,True,False,45.65
0,44,54.3,2317.1,0,True,True,True,False,True,False,False,False,False,False,False,False,False,True,False,True,False,True,False,True,True,False,True,False,True,False,2389.2
0,46,81.0,3846.35,0,True,True,True,True,False,False,False,False,False,True,False,False,False,True,False,True,False,True,False,True,False,True,False,False,False,True,3726.0
0,20,19.6,356.15,0,True,False,False,True,False,False,False,True,True,False,True,False,True,False,True,False,True,False,True,False,False,False,True,True,False,False,392.0
1,32,93.95,2861.45,0,True,True,True,True,False,False,True,False,False,False,False,True,False,False,False,False,False,True,False,True,False,False,True,False,False,True,3006.4
0,1,20.3,20.3,0,True,False,False,True,False,False,False,True,True,False,True,False,True,False,True,False,True,False,True,False,False,False,False,False,False,True,20.3
0,67,85.25,5714.2,0,False,False,False,True,False,True,False,False,False,True,False,False,False,True,False,True,False,True,False,True,False,True,True,False,False,True,5711.75
1,29,98.65,2862.75,1,False,False,False,True,False,True,True,False,False,False,False,False,False,False,False,True,False,True,False,True,False,False,False,False,True,False,2860.8500000000004
0,72,23.3,1623.15,0,False,True,True,True,False,True,False,True,True,False,True,False,True,False,True,False,True,False,True,False,True,False,True,False,False,False,1677.6000000000001
1,12,101.35,1218.55,1,True,True,False,True,False,True,True,False,False,False,False,True,False,False,False,False,False,True,False,True,False,False,True,False,True,False,1216.1999999999998
0,27,71.6,1957.1,0,True,True,True,True,False,True,False,False,False,False,False,False,False,False,False,True,False,True,False,True,False,False,False,False,False,False,1933.1999999999998
0,56,115.85,6567.9,0,True,True,True,True,False,True,True,False,False,True,False,True,False,True,False,True,False,True,False,True,False,True,False,False,False,True,6487.599999999999
0,62,100.15,6413.65,1,False,False,True,True,False,True,True,False,False,False,False,False,False,True,False,False,False,True,False,True,True,False,True,False,True,False,6209.3
0,11,34.7,383.55,0,True,False,False,False,True,False,False,False,False,False,False,True,False,True,False,False,False,False,False,False,False,False,False,False,False,True,381.70000000000005
1,30,74.75,2111.3,0,True,False,False,True,False,False,False,False,False,True,False,True,False,False,False,False,False,True,False,True,False,False,True,False,True,False,2242.5
0,40,19.65,830.25,0,False,False,False,True,False,False,False,True,True,False,True,False,True,False,True,False,True,False,True,False,False,True,False,True,False,False,786.0
1,38,24.85,955.75,0,True,True,False,False,True,False,False,False,False,False,False,False,False,False,False,False,False,False,False,False,False,False,True,False,True,False,944.3000000000001
0,28,29.75,790.7,0,False,False,False,False,True,False,False,False,False,False,False,False,False,True,False,False,False,False,False,False,False,False,True,False,False,True,833.0
0,1,94.4,94.4,1,False,False,False,True,False,False,True,False,False,False,False,False,False,True,False,False,False,True,False,True,False,False,False,False,True,False,94.4
0,12,45.0,524.35,0,False,False,False,True,False,False,False,False,False,False,False,False,False,False,False,False,False,False,False,False,False,False,True,False,False,False,540.0
0,24,78.4,1832.4,0,False,True,True,True,False,True,False,False,False,True,False,True,False,False,False,False,False,True,False,True,True,False,False,False,True,False,1881.6000000000001
1,72,25.1,1789.9,0,True,False,False,True,False,True,False,True,True,False,True,False,True,False,True,False,True,False,True,False,False,True,True,True,False,False,1807.2
0,3,82.3,214.4,0,True,False,False,True,False,False,True,False,False,True,False,False,False,False,False,True,False,False,False,False,False,False,True,False,False,True,246.89999999999998
0,72,115.5,8425.15,0,False,True,True,True,False,True,True,False,False,True,False,True,False,True,False,True,False,True,False,True,False,True,True,False,True,False,8316.0
0,4,25.25,101.9,0,True,False,False,True,False,True,False,True,True,False,True,False,True,False,True,False,True,False,True,False,False,False,False,False,False,True,101.0
0,3,76.1,257.6,0,False,False,False,True,False,True,True,False,False,False,False,False,False,False,False,False,False,False,False,False,False,False,False,False,True,False,228.29999999999998
1,1,49.55,49.55,1,False,True,False,True,False,False,False,False,False,True,False,False,False,False,False,False,False,False,False,False,False,False,True,False,True,False,49.55
0,43,77.85,3365.85,1,True,False,False,True,False,True,True,False,False,False,False,True,False,False,False,False,False,False,False,False,False,False,True,False,True,False,3347.5499999999997
0,10,40.7,449.3,0,False,False,False,False,True,False,False,False,False,True,False,True,False,True,False,False,False,False,False,False,False,False,False,False,False,False,407.0
1,2,44.3,89.3,0,False,False,False,True,False,False,False,False,False,False,False,False,False,False,False,False,False,False,False,False,False,False,True,False,True,False,88.6
0,15,18.8,294.95,0,True,True,False,True,False,False,False,True,True,False,True,False,True,False,True,False,True,False,True,False,True,False,False,False,False,True,282.0
1,3,74.6,239.05,0,False,True,False,True,False,False,True,False,False,False,False,True,False,False,False,False,False,False,False,False,False,False,True,False,False,False,223.79999999999998
0,65,59.95,3921.1,0,False,False,False,False,True,False,False,False,False,True,False,False,False,True,False,True,False,True,False,True,False,True,False,True,False,False,3896.75
0,27,20.1,562.6,0,True,False,False,True,False,False,False,True,True,False,True,False,True,False,True,False,True,False,True,False,True,False,False,False,False,False,542.7
1,1,74.4,74.4,1,True,False,False,True,False,True,True,False,False,False,False,False,False,False,False,False,False,False,False,False,False,False,True,False,True,False,74.4
0,35,20.6,754.0,0,True,False,False,True,False,False,False,True,True,False,True,False,True,False,True,False,True,False,True,False,True,False,False,False,False,False,721.0
0,2,46.6,87.9,0,True,False,False,True,False,False,False,False,False,False,False,False,False,False,False,False,False,False,False,False,False,False,True,False,False,False,93.2
0,60,99.65,5941.05,0,False,False,False,True,False,False,True,False,False,False,False,True,False,True,False,False,False,True,False,True,False,True,True,False,True,False,5979.0
0,49,19.45,921.3,0,False,False,True,True,False,False,False,True,True,False,True,False,True,False,True,False,True,False,True,False,True,False,False,True,False,False,953.05
0,3,35.45,106.85,1,True,False,False,False,True,False,False,False,False,True,False,True,False,False,False,False,False,False,False,False,False,False,True,False,False,True,106.35000000000001
0,24,19.9,533.5,0,False,True,True,True,False,False,False,True,True,False,True,False,True,False,True,False,True,False,True,False,True,False,False,False,False,True,477.59999999999997
0,62,89.1,5411.65,0,True,True,True,True,False,True,True,False,False,False,False,False,False,True,False,False,False,True,False,False,False,True,True,True,False,False,5524.2
0,25,89.1,2368.4,1,False,True,True,True,False,True,True,False,False,False,False,False,False,True,False,False,False,False,False,True,False,False,True,False,True,False,2227.5
0,10,88.85,929.45,0,False,True,True,True,False,False,True,False,False,False,False,False,False,False,False,False,False,True,False,True,False,False,True,False,True,False,888.5
0,67,54.2,3838.2,0,True,True,True,True,False,False,False,False,False,True,False,True,False,False,False,False,False,False,False,False,False,True,True,False,False,False,3631.4
1,7,84.8,546.95,1,True,False,False,True,False,True,True,False,False,False,False,False,False,False,False,False,False,True,False,False,False,False,True,False,True,False,593.6
0,24,81.0,1923.85,0,True,True,True,True,False,True,False,False,False,True,False,False,False,False,False,True,False,True,False,True,False,False,False,False,False,False,1944.0
1,72,116.05,8404.9,0,True,True,False,True,False,True,True,False,False,True,False,True,False,True,False,True,False,True,False,True,False,True,True,False,False,False,8355.6
0,53,73.9,3958.25,0,True,False,False,True,False,True,False,False,False,False,False,True,False,True,False,True,False,False,False,True,False,True,True,False,False,False,3916.7000000000003
1,2,86.85,156.35,1,True,True,False,True,False,True,True,False,False,False,False,False,False,False,False,False,False,True,False,False,False,False,True,False,False,True,173.7
0,5,75.55,413.65,1,False,False,False,True,False,True,True,False,False,False,False,False,False,False,False,False,False,False,False,False,False,False,False,False,True,False,377.75
0,52,35.45,1958.95,0,False,True,False,False,True,False,False,False,False,True,False,False,False,True,False,False,False,False,False,False,True,False,False,False,False,True,1843.4
0,72,74.35,5237.4,0,False,True,True,True,False,False,False,False,False,True,False,True,False,True,False,True,False,False,False,True,False,True,True,False,True,False,5353.2
0,70,79.25,5731.85,0,True,True,True,True,False,True,False,False,False,True,False,True,False,True,False,True,False,True,False,False,False,True,True,False,False,False,5547.5
0,9,20.15,163.7,0,True,False,False,True,False,False,False,True,True,False,True,False,True,False,True,False,True,False,True,False,True,False,True,False,False,True,181.35
0,2,19.5,27.55,0,False,False,False,True,False,False,False,True,True,False,True,False,True,False,True,False,True,False,True,False,False,False,False,False,False,True,39.0
0,28,59.9,1654.7,0,False,False,False,True,False,False,False,False,False,True,False,True,False,False,False,True,False,False,False,False,True,False,True,False,True,False,1677.2
0,72,85.95,6151.9,0,True,True,False,True,False,True,False,False,False,False,False,True,False,True,False,True,False,True,False,True,False,True,False,False,False,False,6188.400000000001
0,42,40.15,1626.05,0,True,True,False,False,True,False,False,False,False,True,False,False,False,False,False,False,False,True,False,False,False,False,True,False,False,False,1686.3
0,11,102.0,1145.35,1,False,True,False,True,False,True,True,False,False,False,False,True,False,False,False,False,False,True,False,True,False,False,True,False,True,False,1122.0
0,61,49.7,2961.4,0,False,True,True,True,False,False,False,False,False,True,False,False,False,False,False,False,False,False,False,False,True,False,True,False,False,False,3031.7000000000003
0,63,75.7,4676.7,0,True,True,True,True,False,True,False,False,False,True,False,False,False,True,False,True,False,False,False,True,False,True,False,False,False,True,4769.1
0,1,45.85,45.85,1,True,False,False,True,False,False,False,False,False,False,False,False,False,False,False,False,False,False,False,False,False,False,True,False,False,True,45.85
0,23,48.35,1067.15,1,True,True,True,True,False,True,False,False,False,False,False,False,False,False,False,False,False,False,False,False,True,False,True,True,False,False,1112.05
0,61,20.25,1278.8,0,False,True,False,True,False,False,False,True,True,False,True,False,True,False,True,False,True,False,True,False,False,True,False,True,False,False,1235.25
0,7,19.5,128.6,0,True,False,False,True,False,False,False,True,True,False,True,False,True,False,True,False,True,False,True,False,True,False,False,False,False,True,136.5
0,14,20.4,275.7,0,True,False,False,True,False,False,False,True,True,False,True,False,True,False,True,False,True,False,True,False,True,False,False,False,False,False,285.59999999999997
1,23,88.45,2130.55,0,False,True,True,True,False,False,True,False,False,False,False,True,False,True,False,False,False,False,False,True,False,False,True,False,False,False,2034.3500000000001
0,9,91.75,865.8,1,False,True,False,True,False,True,True,False,False,True,False,True,False,True,False,False,False,False,False,False,False,False,False,False,False,False,825.75
1,11,99.55,1131.2,1,False,True,False,True,False,True,True,False,False,False,False,False,False,True,False,False,False,True,False,True,False,False,True,False,True,False,1095.05
0,48,75.15,3772.65,0,False,False,False,True,False,False,True,False,False,False,False,True,False,False,False,False,False,False,False,False,True,False,False,False,True,False,3607.2000000000003
0,63,19.95,1234.8,0,True,True,False,True,False,False,False,True,True,False,True,False,True,False,True,False,True,False,True,False,False,True,True,False,False,False,1256.85
0,6,99.95,547.65,1,False,False,False,True,False,False,True,False,False,False,False,False,False,True,False,True,False,True,False,True,False,False,True,False,False,True,599.7
0,5,50.95,229.4,0,False,False,False,False,True,False,False,False,False,False,False,True,False,False,False,False,False,True,False,True,False,False,True,True,False,False,254.75
0,70,88.0,5986.45,0,True,True,False,True,False,True,True,False,False,True,False,True,False,False,False,True,False,False,False,False,False,True,True,True,False,False,6160.0
0,8,66.25,546.45,0,True,False,False,True,False,False,False,False,False,False,False,False,False,False,False,False,False,True,False,True,False,False,True,False,True,False,530.0
0,46,24.95,1165.9,0,False,True,True,True,False,True,False,True,True,False,True,False,True,False,True,False,True,False,True,False,True,False,False,False,False,True,1147.7
0,6,19.55,128.6,0,True,False,True,True,False,False,False,True,True,False,True,False,True,False,True,False,True,False,True,False,False,False,False,False,False,True,117.30000000000001
0,68,84.4,5746.75,0,False,True,True,True,False,True,True,False,False,False,False,True,False,True,False,False,False,False,False,False,False,True,True,True,False,False,5739.200000000001
0,31,20.65,702.05,0,True,True,True,True,False,False,False,True,True,False,True,False,True,False,True,False,True,False,True,False,False,False,True,False,True,False,640.15
0,23,20.05,415.1,0,False,True,True,True,False,False,False,True,True,False,True,False,True,False,True,False,True,False,True,False,True,False,False,False,False,True,461.15000000000003
0,6,83.9,497.55,1,False,False,False,True,False,False,True,False,False,False,False,False,False,True,False,False,False,False,False,True,False,False,False,False,True,False,503.40000000000003
0,1,50.75,50.75,1,True,False,False,True,False,False,False,False,False,False,False,True,False,False,False,False,False,False,False,False,False,False,True,False,True,False,50.75
0,2,79.45,145.15,0,True,False,False,True,False,True,True,False,False,False,False,True,False,False,False,False,False,False,False,False,False,False,True,False,True,False,158.9
1,43,94.3,3953.15,0,True,True,False,True,False,True,True,False,False,False,False,True,False,False,False,True,False,True,False,False,False,False,True,False,True,False,4054.9
0,46,19.75,856.5,0,True,True,True,True,False,False,False,True,True,False,True,False,True,False,True,False,True,False,True,False,False,True,False,True,False,False,908.5
0,49,99.25,4920.8,0,True,True,False,True,False,False,True,False,False,False,False,False,False,True,False,True,False,True,False,True,True,False,True,True,False,False,4863.25
0,51,94.8,4837.6,1,True,False,False,True,False,True,True,False,False,True,False,True,False,False,False,False,False,True,False,False,True,False,True,False,True,False,4834.8
0,28,92.9,2768.35,0,True,True,True,True,False,False,True,False,False,False,False,True,False,True,False,True,False,True,False,False,True,False,False,False,False,False,2601.2000000000003
0,65,91.85,5940.85,1,True,True,False,True,False,True,True,False,False,False,False,True,False,False,False,False,False,True,False,False,False,False,True,False,False,False,5970.25
0,51,83.4,4149.45,0,True,False,False,True,False,True,True,False,False,False,False,False,False,False,False,False,False,False,False,True,False,False,False,False,False,False,4253.400000000001
0,1,20.65,20.65,0,True,False,False,True,False,False,False,True,True,False,True,False,True,False,True,False,True,False,True,False,False,False,False,False,True,False,20.65
0,1,75.35,75.35,1,True,False,True,True,False,False,True,False,False,False,False,True,False,False,False,False,False,False,False,False,False,False,True,False,True,False,75.35
0,24,20.4,482.8,0,False,True,False,True,False,False,False,True,True,False,True,False,True,False,True,False,True,False,True,False,True,False,False,True,False,False,489.59999999999997
0,48,34.7,1604.5,1,False,True,False,False,True,False,False,False,False,False,False,True,False,True,False,False,False,False,False,False,True,False,False,False,False,True,1665.6000000000001
1,1,80.3,80.3,1,True,True,False,True,False,True,True,False,False,True,False,False,False,False,False,False,False,False,False,False,False,False,True,False,True,False,80.3
0,2,54.15,101.65,0,False,False,False,True,False,True,False,False,False,False,False,True,False,False,False,False,False,False,False,False,False,False,False,False,False,True,108.3
0,27,55.45,1477.65,0,True,False,False,True,False,False,False,False,False,True,False,True,False,False,False,False,False,False,False,False,True,False,False,False,False,False,1497.15
0,1,49.9,49.9,1,True,False,True,True,False,False,False,False,False,False,False,False,False,False,False,True,False,False,False,False,False,False,True,False,False,True,49.9
0,70,58.4,4113.15,0,False,True,True,False,True,False,False,False,False,False,False,True,False,True,False,True,False,True,False,True,True,False,True,False,False,False,4088.0
0,35,75.35,2636.05,1,True,False,False,True,False,True,True,False,False,False,False,False,False,False,False,False,False,False,False,False,False,False,False,True,False,False,2637.25
0,67,49.35,3321.35,0,True,False,False,False,True,False,False,False,False,True,False,False,False,True,False,True,False,True,False,False,True,False,True,False,False,False,3306.4500000000003
0,2,45.85,81.0,1,True,False,False,True,False,False,False,False,False,False,False,False,False,False,False,False,False,False,False,False,False,False,False,False,False,True,91.7
0,15,20.55,295.95,0,False,True,True,True,False,False,False,True,True,False,True,False,True,False,True,False,True,False,True,False,True,False,False,False,False,True,308.25
0,1,19.55,19.55,0,False,False,False,True,False,False,False,True,True,False,True,False,True,False,True,False,True,False,True,False,False,False,False,False,False,True,19.55
0,62,24.8,1476.25,0,True,True,True,True,False,True,False,True,True,False,True,False,True,False,True,False,True,False,True,False,True,False,False,False,False,False,1537.6000000000001
0,36,20.25,717.95,0,False,True,True,True,False,False,False,True,True,False,True,False,True,False,True,False,True,False,True,False,False,True,False,False,False,False,729.0
0,1,20.1,20.1,1,True,False,False,True,False,False,False,True,True,False,True,False,True,False,True,False,True,False,True,False,False,False,True,False,False,True,20.1
0,72,104.8,7470.1,0,True,True,False,True,False,True,True,False,False,False,False,True,False,True,False,False,False,True,False,True,False,True,True,False,False,False,7545.599999999999
0,70,79.4,5528.9,0,True,True,False,True,False,True,False,False,False,True,False,True,False,True,False,True,False,True,False,False,True,False,False,False,False,False,5558.0
0,1,53.95,53.95,1,True,False,False,True,False,False,False,False,False,True,False,False,False,False,False,True,False,False,False,False,False,False,True,False,True,False,53.95
0,24,58.35,1346.9,0,True,True,False,True,False,True,False,False,False,True,False,False,False,False,False,True,False,False,False,False,True,False,True,False,True,False,1400.4
1,45,62.7,2791.5,1,True,False,False,True,False,False,False,False,False,True,False,False,False,True,False,False,False,False,False,True,True,False,False,True,False,False,2821.5
0,29,19.8,572.2,0,True,False,False,True,False,False,False,True,True,False,True,False,True,False,True,False,True,False,True,False,True,False,True,False,False,True,574.2
0,33,88.6,2888.7,0,False,True,True,True,False,True,True,False,False,False,False,True,False,True,False,True,False,False,False,False,False,False,False,True,False,False,2923.7999999999997
0,7,100.4,715.0,0,False,False,False,True,False,False,True,False,False,False,False,False,False,True,False,True,False,True,False,True,False,False,True,False,True,False,702.8000000000001
0,7,80.3,526.7,1,False,False,False,True,False,False,True,False,False,False,False,False,False,False,False,False,False,True,False,False,False,False,True,False,False,True,562.1
0,18,73.15,1305.95,0,True,True,False,True,False,True,True,False,False,False,False,False,False,False,False,False,False,False,False,False,False,False,True,False,True,False,1316.7
0,2,19.25,48.35,0,True,False,True,True,False,False,False,True,True,False,True,False,True,False,True,False,True,False,True,False,False,False,False,False,False,True,38.5
0,66,79.85,5234.95,0,True,True,True,True,False,True,False,False,False,False,False,True,False,True,False,False,False,True,False,True,False,True,False,False,False,False,5270.099999999999
0,3,19.6,59.75,1,False,False,False,True,False,False,False,True,True,False,True,False,True,False,True,False,True,False,True,False,False,False,True,False,False,True,58.800000000000004
0,72,26.45,1914.5,0,False,True,False,True,False,True,False,True,True,False,True,False,True,False,True,False,True,False,True,False,False,True,False,True,False,False,1904.3999999999999
0,72,66.75,4760.3,0,False,True,True,True,False,True,False,False,False,True,False,True,False,False,False,True,False,False,False,False,False,True,False,True,False,False,4806.0
1,13,45.3,528.45,0,False,True,False,False,True,False,False,False,False,False,False,False,False,False,False,False,False,True,False,True,False,False,False,False,True,False,588.9
0,24,85.95,2107.15,0,True,False,False,True,False,False,True,False,False,False,False,True,False,True,False,True,False,False,False,False,False,False,True,False,True,False,2062.8
0,70,74.8,5315.8,0,True,True,False,True,False,True,False,False,False,True,False,False,False,True,False,True,False,False,False,True,False,True,True,True,False,False,5236.0
0,71,97.2,6910.3,0,True,True,True,True,False,True,True,False,False,True,False,False,False,False,False,False,False,True,False,True,False,True,True,False,True,False,6901.2
0,56,59.5,3389.25,0,True,True,False,True,False,True,False,False,False,False,False,True,False,True,False,False,False,False,False,False,False,True,False,True,False,False,3332.0
0,6,93.55,536.4,1,False,False,False,True,False,True,True,False,False,False,False,False,False,False,False,False,False,True,False,True,False,False,True,False,False,False,561.3
0,1,45.3,45.3,1,False,False,False,True,False,False,False,False,False,False,False,False,False,False,False,False,False,False,False,False,False,False,True,False,True,False,45.3
0,21,44.95,926.25,0,False,True,True,True,False,False,False,False,False,False,False,False,False,False,False,False,False,False,False,False,False,False,True,False,True,False,943.95
0,14,65.45,937.6,1,True,True,True,True,False,False,False,False,False,True,False,True,False,False,False,False,False,True,False,False,False,False,True,False,True,False,916.3000000000001
0,13,65.85,902.25,0,True,True,False,True,False,True,False,False,False,True,False,False,False,False,False,False,False,False,False,True,False,False,True,False,True,False,856.05
0,12,94.2,1046.1,1,False,False,False,True,False,True,True,False,False,False,False,False,False,False,False,False,False,True,False,True,False,False,True,False,True,False,1130.4
0,65,90.65,5931.0,0,True,True,False,True,False,True,True,False,False,False,False,True,False,False,False,False,False,False,False,True,False,False,True,False,True,False,5892.25
0,30,84.3,2438.6,0,True,False,False,True,False,False,True,False,False,True,False,True,False,True,False,False,False,False,False,False,False,False,True,True,False,False,2529.0
0,2,24.5,46.4,0,False,False,False,False,True,False,False,False,False,False,False,False,False,False,False,False,False,False,False,False,False,False,False,False,True,False,49.0
0,12,20.1,232.4,0,False,True,True,True,False,False,False,True,True,False,True,False,True,False,True,False,True,False,True,False,False,False,True,True,False,False,241.20000000000002
0,56,107.25,6033.3,0,True,True,False,True,False,True,True,False,False,False,False,True,False,False,False,True,False,True,False,True,True,False,True,False,True,False,6006.0
1,67,92.45,6140.85,0,False,False,False,True,False,False,True,False,False,True,False,True,False,False,False,True,False,True,False,False,False,True,True,False,False,False,6194.150000000001
0,4,50.9,225.6,1,True,True,True,True,False,True,False,False,False,False,False,False,False,False,False,False,False,False,False,False,False,False,True,False,True,False,203.6
1,65,94.4,6126.15,0,False,True,False,True,False,False,True,False,False,True,False,True,False,True,False,False,False,False,False,True,False,False,False,False,True,False,6136.0
0,60,101.15,6067.4,0,True,True,False,True,False,True,True,False,False,False,False,False,False,True,False,False,False,True,False,True,False,True,False,True,False,False,6069.0
0,37,99.5,3762.0,1,False,True,False,True,False,True,True,False,False,False,False,False,False,True,False,False,False,True,False,True,False,False,True,False,True,False,3681.5
0,72,19.8,1468.75,0,True,False,False,True,False,False,False,True,True,False,True,False,True,False,True,False,True,False,True,False,False,True,True,True,False,False,1425.6000000000001
0,52,100.3,5244.45,0,False,True,True,True,False,False,True,False,False,True,False,False,False,True,False,False,False,True,False,True,True,False,False,False,True,False,5215.599999999999
1,13,106.9,1364.3,1,True,False,False,True,False,True,True,False,False,False,False,True,False,True,False,False,False,True,False,True,False,False,True,False,True,False,1389.7
1,56,96.85,5219.65,0,False,False,False,True,False,True,True,False,False,True,False,True,False,False,False,False,False,False,False,True,False,False,True,False,True,False,5423.599999999999
0,51,20.65,1020.75,0,False,False,False,True,False,False,False,True,True,False,True,False,True,False,True,False,True,False,True,False,False,True,False,False,False,False,1053.1499999999999
0,7,58.85,465.7,0,True,True,True,False,True,False,False,False,False,True,False,True,False,True,False,False,False,True,False,True,False,False,False,False,False,True,411.95
1,17,94.2,1608.15,0,False,False,False,True,False,True,True,False,False,False,False,False,False,False,False,False,False,True,False,True,False,False,True,False,True,False,1601.4
0,18,20.05,388.6,0,True,False,False,True,False,False,False,True,True,False,True,False,True,False,True,False,True,False,True,False,False,True,False,True,False,False,360.90000000000003
0,50,99.4,5059.75,0,True,True,False,True,False,True,True,False,False,False,False,False,False,False,False,True,False,True,False,True,True,False,False,False,True,False,4970.0
1,32,54.65,1830.1,0,False,False,False,True,False,False,False,False,False,False,False,True,False,False,False,True,False,False,False,False,False,False,False,False,False,False,1748.8
0,1,74.7,74.7,1,False,False,False,True,False,False,True,False,False,False,False,True,False,False,False,False,False,False,False,False,False,False,True,False,True,False,74.7
0,46,94.65,4312.5,0,True,True,False,True,False,True,True,False,False,False,False,True,False,True,False,False,False,True,False,False,True,False,True,False,True,False,4353.900000000001
0,16,19.75,313.4,0,True,True,True,True,False,False,False,True,True,False,True,False,True,False,True,False,True,False,True,False,False,False,False,False,True,False,316.0
0,1,70.8,70.8,1,False,False,False,True,False,False,True,False,False,False,False,False,False,False,False,False,False,False,False,False,False,False,True,False,False,True,70.8
0,51,98.85,4947.55,0,False,True,False,True,False,True,True,False,False,False,False,False,False,True,False,False,False,True,False,True,True,False,True,False,True,False,5041.349999999999
0,25,108.9,2809.05,0,False,False,False,True,False,True,True,False,False,False,False,True,False,True,False,True,False,True,False,True,False,True,False,False,True,False,2722.5
0,8,43.55,335.4,0,True,False,False,True,False,False,False,False,False,False,False,False,False,False,False,False,False,False,False,False,False,False,False,False,False,True,348.4
0,33,53.75,1857.3,0,False,True,False,True,False,False,False,False,False,False,False,True,False,False,False,True,False,False,False,False,True,False,True,True,False,False,1773.75
0,54,65.3,3512.9,0,True,False,False,True,False,False,False,False,False,True,False,True,False,False,False,False,False,True,False,False,False,True,True,False,False,False,3526.2
0,18,25.1,428.45,0,False,True,True,True,False,True,False,True,True,False,True,False,True,False,True,False,True,False,True,False,False,True,False,False,False,True,451.8
0,27,20.55,583.3,0,False,True,True,True,False,False,False,True,True,False,True,False,True,False,True,False,True,False,True,False,True,False,True,False,False,True,554.85
0,68,101.05,6770.5,0,True,True,True,True,False,True,True,False,False,False,False,True,False,False,False,False,False,True,False,True,True,False,True,True,False,False,6871.4
0,59,25.45,1534.05,0,False,True,True,True,False,True,False,True,True,False,True,False,True,False,True,False,True,False,True,False,False,True,False,False,False,True,1501.55
1,56,76.85,4275.75,0,False,True,False,True,False,True,True,False,False,False,False,False,False,False,False,True,False,False,False,False,False,False,True,False,False,False,4303.599999999999
1,72,25.4,1809.35,0,True,False,False,True,False,True,False,True,True,False,True,False,True,False,True,False,True,False,True,False,False,True,False,False,False,False,1828.8
1,54,72.1,3886.05,0,False,False,False,True,False,True,False,False,False,False,False,True,False,False,False,True,False,True,False,False,True,False,False,False,False,True,3893.3999999999996
0,47,20.55,945.7,0,False,False,False,True,False,False,False,True,True,False,True,False,True,False,True,False,True,False,True,False,False,True,True,False,False,True,965.85
0,50,43.05,2208.05,0,True,False,True,False,True,False,False,False,False,True,False,True,False,False,False,False,False,True,False,False,True,False,True,False,False,False,2152.5
0,71,104.15,7365.3,0,True,True,False,True,False,True,True,False,False,False,False,True,False,False,False,True,False,True,False,True,False,True,True,True,False,False,7394.650000000001
0,1,44.75,44.75,0,False,False,False,True,False,False,False,False,False,False,False,False,False,False,False,False,False,False,False,False,False,False,False,False,False,True,44.75
0,3,75.5,220.6,1,False,False,False,True,False,True,True,False,False,False,False,False,False,False,False,False,False,False,False,False,False,False,True,False,True,False,226.5
0,21,35.1,770.4,0,False,False,False,False,True,False,False,False,False,True,False,False,False,False,False,True,False,False,False,False,False,True,False,False,False,True,737.1
0,66,50.55,3364.55,0,True,True,True,False,True,False,False,False,False,False,False,False,False,False,False,True,False,True,False,True,False,True,False,False,False,False,3336.2999999999997
0,48,95.5,4627.85,1,False,False,True,True,False,False,True,False,False,False,False,True,False,True,False,True,False,True,False,False,False,True,True,False,False,True,4584.0
1,47,100.05,4871.05,1,True,True,False,True,False,True,True,False,False,False,False,False,False,True,False,False,False,True,False,True,False,False,True,False,True,False,4702.349999999999
0,60,23.95,1506.4,0,True,True,True,True,False,True,False,True,True,False,True,False,True,False,True,False,True,False,True,False,True,False,False,True,False,False,1437.0
0,37,90.6,3358.65,0,True,False,False,True,False,True,False,False,False,True,False,True,False,True,False,True,False,True,False,True,True,False,True,False,False,False,3352.2
0,18,80.55,1406.65,0,True,False,True,True,False,True,True,False,False,False,False,False,False,True,False,False,False,False,False,False,False,False,True,True,False,False,1449.8999999999999
0,72,89.85,6562.9,0,True,True,True,True,False,True,False,False,False,True,False,True,False,True,False,True,False,True,False,True,False,True,False,True,False,False,6469.2
0,6,90.75,512.25,0,False,True,False,True,False,True,True,False,False,False,False,True,False,False,False,False,False,False,False,True,False,False,True,False,True,False,544.5
1,33,93.55,3055.5,0,True,True,False,True,False,False,True,False,False,True,False,True,False,False,False,True,False,False,False,True,True,False,True,False,True,False,3087.15
0,35,96.75,3403.4,0,True,False,False,True,False,True,True,False,False,True,False,True,False,True,False,True,False,False,False,False,False,False,True,False,False,True,3386.25
0,37,78.9,2976.95,0,False,False,False,True,False,True,False,False,False,True,False,True,False,True,False,True,False,True,False,False,False,False,True,True,False,False,2919.3
1,1,69.65,69.65,1,True,False,False,True,False,False,True,False,False,False,False,False,False,False,False,False,False,False,False,False,False,False,True,False,True,False,69.65
0,71,24.45,1730.65,0,True,True,False,True,False,True,False,True,True,False,True,False,True,False,True,False,True,False,True,False,False,True,False,False,False,False,1735.95
1,16,85.05,1391.15,0,True,True,False,True,False,True,True,False,False,False,False,False,False,False,False,False,False,True,False,False,False,False,True,True,False,False,1360.8
1,54,74.0,3919.15,0,True,True,False,True,False,True,True,False,False,False,False,False,False,False,False,False,False,False,False,False,False,False,False,False,False,False,3996.0
0,72,85.3,6129.2,0,False,True,True,True,False,False,False,False,False,True,False,True,False,True,False,True,False,True,False,True,False,True,False,False,False,False,6141.599999999999
0,12,79.8,1001.2,0,False,False,False,True,False,True,True,False,False,True,False,False,False,False,False,False,False,False,False,False,False,False,True,False,True,False,957.5999999999999
0,69,20.15,1337.5,0,False,True,True,True,False,False,False,True,True,False,True,False,True,False,True,False,True,False,True,False,False,True,False,False,False,False,1390.35
1,24,102.95,2496.7,1,True,False,False,True,False,True,True,False,False,False,False,True,False,True,False,False,False,True,False,True,False,False,True,True,False,False,2470.8
0,8,19.75,145.0,1,False,True,True,True,False,False,False,True,True,False,True,False,True,False,True,False,True,False,True,False,True,False,True,False,False,True,158.0
1,11,54.55,601.25,0,True,False,True,True,False,False,False,False,False,False,False,True,False,False,False,True,False,False,False,False,False,False,True,False,True,False,600.05
0,9,43.75,405.7,0,False,False,False,True,False,False,False,False,False,False,False,False,False,False,False,False,False,False,False,False,False,False,True,False,True,False,393.75
0,34,78.3,2564.3,1,True,True,True,True,False,False,True,False,False,False,False,False,False,False,False,False,False,True,False,False,False,False,False,False,True,False,2662.2
0,66,47.4,3177.25,0,False,False,False,False,True,False,False,False,False,True,False,True,False,True,False,True,False,False,False,False,False,True,True,False,False,True,3128.4
0,41,20.65,875.55,0,False,True,False,True,False,False,False,True,True,False,True,False,True,False,True,False,True,False,True,False,False,True,False,True,False,False,846.65
0,16,19.35,275.9,0,False,True,True,True,False,False,False,True,True,False,True,False,True,False,True,False,True,False,True,False,False,False,False,False,False,True,309.6
0,65,105.1,6631.85,0,True,False,False,True,False,True,True,False,False,False,False,True,False,True,False,False,False,True,False,True,False,True,False,True,False,False,6831.5
0,27,20.3,595.05,0,True,False,False,True,False,False,False,True,True,False,True,False,True,False,True,False,True,False,True,False,True,False,False,False,False,True,548.1
0,68,105.75,7322.5,0,True,True,True,True,False,False,True,False,False,False,False,True,False,True,False,True,False,True,False,True,True,False,False,True,False,False,7191.0
1,23,106.4,2483.5,1,True,False,False,True,False,True,True,False,False,False,False,True,False,True,False,False,False,True,False,True,False,False,True,False,True,False,2447.2000000000003
0,33,20.35,689.75,0,True,False,False,True,False,False,False,True,True,False,True,False,True,False,True,False,True,False,True,False,False,True,False,False,False,True,671.5500000000001
1,25,89.5,2196.15,1,True,False,False,True,False,True,True,False,False,False,False,True,False,False,False,False,False,True,False,False,False,False,True,False,True,False,2237.5
0,72,114.45,8100.55,0,True,True,True,True,False,True,True,False,False,True,False,True,False,True,False,True,False,True,False,True,False,True,False,False,False,False,8240.4
0,39,20.45,790.0,0,True,True,False,True,False,False,False,True,True,False,True,False,True,False,True,False,True,False,True,False,False,True,True,False,False,False,797.55
0,62,20.0,1250.1,0,True,False,True,True,False,False,False,True,True,False,True,False,True,False,True,False,True,False,True,False,False,True,False,False,False,False,1240.0
0,53,19.75,1052.35,1,True,False,True,True,False,False,False,True,True,False,True,False,True,False,True,False,True,False,True,False,False,True,False,False,False,False,1046.75
0,53,99.5,5424.25,0,False,False,False,True,False,False,True,False,False,True,False,True,False,True,False,True,False,False,False,True,False,True,False,False,False,True,5273.5
0,18,82.0,1425.45,1,True,False,False,True,False,True,False,False,False,False,False,False,False,True,False,True,False,True,False,True,True,False,True,True,False,False,1476.0
1,62,89.1,5618.3,0,True,True,False,True,False,True,True,False,False,True,False,True,False,True,False,False,False,False,False,False,False,False,True,False,True,False,5524.2
0,70,65.3,4759.75,1,False,True,False,True,False,True,False,False,False,True,False,False,False,True,False,True,False,False,False,False,False,True,False,True,False,False,4571.0
1,27,104.65,2964.0,0,True,False,False,True,False,True,True,False,False,False,False,True,False,False,False,True,False,True,False,True,True,False,True,False,False,False,2825.55
0,61,103.3,6518.35,0,False,True,False,True,False,True,True,False,False,False,False,False,False,True,False,True,False,True,False,True,True,False,True,False,False,False,6301.3
1,53,103.85,5485.5,1,True,True,False,True,False,True,True,False,False,False,False,True,False,True,False,False,False,True,False,True,False,False,True,False,True,False,5504.049999999999
0,54,103.95,5639.05,1,False,False,False,True,False,True,True,False,False,True,False,False,False,True,False,False,False,True,False,True,True,False,True,False,False,False,5613.3
1,64,111.6,7099.0,0,True,True,True,True,False,True,True,False,False,True,False,False,False,True,False,True,False,True,False,True,False,True,True,False,False,False,7142.4
1,30,99.7,2967.35,1,False,False,False,True,False,True,True,False,False,False,False,True,False,False,False,False,False,True,False,True,False,False,True,False,True,False,2991.0
0,50,20.55,1070.25,0,False,True,True,True,False,False,False,True,True,False,True,False,True,False,True,False,True,False,True,False,False,True,False,True,False,False,1027.5
0,38,104.85,3887.25,0,True,False,False,True,False,True,True,False,False,True,False,True,False,False,False,False,False,True,False,True,True,False,True,False,True,False,3984.2999999999997
0,72,98.65,7129.45,0,False,True,True,True,False,True,True,False,False,False,False,True,False,True,False,True,False,False,False,True,False,True,True,False,False,False,7102.8
1,39,105.65,4284.8,1,True,True,False,True,False,True,True,False,False,False,False,True,False,True,False,False,False,True,False,True,False,False,True,False,True,False,4120.35
0,30,64.5,1888.45,0,True,False,False,True,False,True,False,False,False,True,False,False,False,False,False,False,False,False,False,True,False,False,True,False,False,True,1935.0
1,26,95.0,2497.2,1,False,False,False,True,False,True,True,False,False,True,False,True,False,False,False,False,False,False,False,True,False,False,True,False,True,False,2470.0
0,6,85.95,514.6,0,False,False,False,True,False,False,True,False,False,False,False,True,False,False,False,False,False,False,False,True,False,False,True,False,False,True,515.7
0,16,53.9,834.15,1,False,False,False,True,False,False,False,False,False,False,False,True,False,False,False,True,False,False,False,False,False,False,True,False,False,True,862.4
0,51,56.15,2898.95,0,False,True,True,False,True,False,False,False,False,False,False,False,False,True,False,True,False,True,False,True,True,False,True,False,True,False,2863.65
0,17,98.6,1704.95,1,False,True,True,True,False,False,True,False,False,False,False,False,False,True,False,True,False,True,False,True,True,False,False,False,False,False,1676.1999999999998
0,1,78.8,78.8,1,False,True,False,True,False,False,True,False,False,False,False,False,False,False,False,False,False,True,False,False,False,False,False,False,True,False,78.8
0,62,20.05,1201.65,0,True,False,False,True,False,False,False,True,True,False,True,False,True,False,True,False,True,False,True,False,False,True,True,True,False,False,1243.1000000000001
0,13,64.75,877.35,0,True,True,True,True,False,False,False,False,False,False,False,False,False,False,False,False,False,True,False,True,True,False,True,False,True,False,841.75
0,64,73.05,4688.65,0,True,True,True,True,False,False,False,False,False,True,False,False,False,True,False,False,False,True,False,True,True,False,True,True,False,False,4675.2
0,44,84.8,3626.35,0,True,True,False,True,False,True,True,False,False,True,False,False,False,True,False,False,False,False,False,False,False,False,True,True,False,False,3731.2
0,16,112.95,1882.55,0,False,True,True,True,False,True,True,False,False,True,False,False,False,True,False,True,False,True,False,True,False,False,True,False,True,False,1807.2
0,15,24.8,324.15,0,True,False,True,True,False,True,False,True,True,False,True,False,True,False,True,False,True,False,True,False,False,False,True,False,True,False,372.0
0,36,40.65,1547.35,0,False,True,True,False,True,False,False,False,False,True,False,False,False,True,False,True,False,False,False,False,False,True,False,True,False,False,1463.3999999999999
0,1,90.85,90.85,1,True,False,True,True,False,False,True,False,False,False,False,False,False,False,False,False,False,True,False,True,False,False,True,False,True,False,90.85
1,24,70.0,1732.6,0,True,False,False,True,False,False,True,False,False,False,False,False,False,False,False,False,False,False,False,False,False,False,False,True,False,False,1680.0
0,60,19.85,1128.1,0,False,False,False,True,False,False,False,True,True,False,True,False,True,False,True,False,True,False,True,False,False,True,False,False,False,False,1191.0
0,3,91.5,242.95,1,False,True,False,True,False,True,True,False,False,False,False,True,False,False,False,False,False,False,False,True,False,False,True,True,False,False,274.5
0,16,90.8,1442.2,0,True,True,True,True,False,True,True,False,False,False,False,False,False,True,False,False,False,True,False,False,False,False,True,False,False,False,1452.8
0,66,85.9,5595.3,0,True,True,False,True,False,False,False,False,False,True,False,True,False,True,False,True,False,True,False,True,False,True,True,False,False,False,5669.400000000001
0,66,104.25,6860.6,0,True,False,False,True,False,True,True,False,False,False,False,True,False,False,False,True,False,True,False,True,True,False,True,False,True,False,6880.5
0,45,20.4,930.45,1,True,False,False,True,False,False,False,True,True,False,True,False,True,False,True,False,True,False,True,False,True,False,True,False,True,False,917.9999999999999
1,43,110.75,4687.9,1,True,True,True,True,False,True,True,False,False,False,False,True,False,True,False,True,False,True,False,True,False,False,True,False,False,False,4762.25
1,71,19.8,1388.45,0,True,True,True,True,False,False,False,True,True,False,True,False,True,False,True,False,True,False,True,False,False,True,False,True,False,False,1405.8
0,1,45.05,45.05,1,True,False,False,True,False,False,False,False,False,False,False,False,False,False,False,False,False,False,False,False,False,False,False,False,False,True,45.05
0,1,71.0,71.0,1,True,True,True,True,False,False,True,False,False,False,False,False,False,False,False,False,False,False,False,False,False,False,True,False,True,False,71.0
1,20,81.45,1671.6,0,False,False,False,True,False,False,True,False,False,False,False,False,False,False,False,False,False,False,False,True,False,False,True,False,True,False,1629.0
1,65,53.5,3517.9,0,False,False,False,False,True,False,False,False,False,False,False,True,False,True,False,False,False,True,False,True,False,True,True,False,False,False,3477.5
0,19,20.0,377.55,0,True,False,True,True,False,False,False,True,True,False,True,False,True,False,True,False,True,False,True,False,False,False,True,False,True,False,380.0
0,36,20.0,666.75,0,True,True,False,True,False,False,False,True,True,False,True,False,True,False,True,False,True,False,True,False,True,False,False,False,False,True,720.0
0,71,108.6,7690.9,1,True,True,False,True,False,True,True,False,False,False,False,True,False,True,False,True,False,True,False,True,False,True,True,True,False,False,7710.599999999999
1,1,24.8,24.8,1,False,True,False,False,True,False,False,False,False,False,False,False,False,False,False,False,False,False,False,False,False,False,True,False,True,False,24.8
0,33,68.25,2171.15,1,True,False,False,True,False,False,True,False,False,False,False,False,False,False,False,False,False,False,False,False,False,False,False,False,True,False,2252.25
0,71,54.5,3778.2,0,True,True,False,True,False,False,False,False,False,True,False,False,False,False,False,True,False,False,False,False,False,True,False,False,False,False,3869.5
0,13,67.8,842.25,0,False,False,False,True,False,False,False,False,False,True,False,True,False,False,False,True,False,False,False,True,False,False,False,False,False,False,881.4
0,29,19.4,554.25,0,False,False,False,True,False,False,False,True,True,False,True,False,True,False,True,False,True,False,True,False,False,True,False,False,False,True,562.5999999999999
0,13,71.95,923.85,0,False,False,False,True,False,False,False,False,False,True,False,False,False,False,False,False,False,True,False,True,False,False,True,False,True,False,935.35
0,22,56.75,1304.85,0,True,False,False,False,True,False,False,False,False,False,False,False,False,True,False,True,False,True,False,True,False,True,False,False,False,False,1248.5
1,7,99.25,665.45,1,True,True,False,True,False,True,True,False,False,False,False,False,False,True,False,False,False,True,False,True,False,False,True,False,True,False,694.75
0,47,25.4,1139.2,0,True,True,False,True,False,True,False,True,True,False,True,False,True,False,True,False,True,False,True,False,False,False,False,False,True,False,1193.8
0,26,20.3,511.25,0,True,False,False,True,False,False,False,True,True,False,True,False,True,False,True,False,True,False,True,False,False,False,True,False,True,False,527.8000000000001
1,13,59.9,788.35,0,True,False,False,True,False,False,False,False,False,False,False,True,False,False,False,False,False,True,False,False,False,False,True,False,True,False,778.6999999999999
0,26,89.8,2335.3,1,True,False,False,True,False,False,True,False,False,False,False,True,False,True,False,False,False,True,False,False,False,False,False,False,True,False,2334.7999999999997
0,2,20.4,42.9,0,True,False,True,True,False,False,False,True,True,False,True,False,True,False,True,False,True,False,True,False,False,False,False,False,False,True,40.8
0,4,24.45,86.6,1,False,False,False,False,True,False,False,False,False,False,False,False,False,False,False,False,False,False,False,False,False,False,True,False,True,False,97.8
0,52,80.95,4233.95,0,False,False,False,True,False,True,False,False,False,False,False,False,False,True,False,True,False,True,False,True,False,True,True,False,False,False,4209.400000000001
1,3,91.05,289.1,1,True,False,False,True,False,True,True,False,False,False,False,False,False,True,False,False,False,True,False,False,False,False,False,False,True,False,273.15
1,62,110.75,7053.35,0,True,False,False,True,False,True,True,False,False,False,False,True,False,True,False,True,False,True,False,True,True,False,True,False,False,False,6866.5
0,70,93.9,6579.05,1,False,True,True,True,False,True,True,False,False,True,False,True,False,True,False,True,False,False,False,False,False,True,False,False,False,False,6573.0
0,71,104.1,7412.25,0,False,True,False,True,False,True,True,False,False,True,False,False,False,True,False,False,False,True,False,True,True,False,True,True,False,False,7391.099999999999
0,69,35.75,2492.25,0,True,False,False,False,True,False,False,False,False,False,False,True,False,True,False,False,False,False,False,False,True,False,True,False,False,False,2466.75
0,35,26.2,954.9,0,True,False,False,True,False,True,False,True,True,False,True,False,True,False,True,False,True,False,True,False,True,False,False,False,False,False,917.0
0,63,102.6,6296.75,0,True,True,False,True,False,True,True,False,False,False,False,False,False,True,False,False,False,True,False,True,False,True,False,False,True,False,6463.799999999999
1,69,105.4,6998.95,0,False,True,False,True,False,True,True,False,False,False,False,True,False,False,False,True,False,True,False,True,False,True,False,True,False,False,7272.6
0,72,99.9,7251.7,0,False,True,True,True,False,True,True,False,False,True,False,True,False,False,False,True,False,True,False,False,False,True,False,False,False,False,7192.8
0,36,80.4,2937.65,0,False,True,False,True,False,False,True,False,False,False,False,False,False,False,False,False,False,False,False,True,False,False,False,False,True,False,2894.4
0,33,72.75,2447.45,0,True,True,False,True,False,True,False,False,False,True,False,True,False,True,False,False,False,True,False,False,False,False,True,False,False,False,2400.75
0,28,89.9,2433.5,0,False,True,False,True,False,False,True,False,False,False,False,True,False,True,False,False,False,False,False,True,False,False,False,True,False,False,2517.2000000000003
0,27,19.6,561.15,0,False,False,False,True,False,False,False,True,True,False,True,False,True,False,True,False,True,False,True,False,False,True,True,False,False,True,529.2
0,1,74.1,74.1,0,False,False,False,True,False,False,False,False,False,False,False,False,False,True,False,True,False,True,False,True,True,False,False,True,False,False,74.1
0,72,38.5,2763.0,0,True,True,True,False,True,False,False,False,False,True,False,True,False,True,False,False,False,False,False,False,False,True,False,True,False,False,2772.0
0,63,98.0,6218.45,0,False,False,False,True,False,True,True,False,False,True,False,True,False,True,False,False,False,True,False,False,False,True,False,True,False,False,6174.0
0,12,69.85,837.5,0,True,False,True,True,False,False,False,False,False,True,False,False,False,False,False,False,False,True,False,True,False,False,True,False,False,True,838.1999999999999
0,12,25.4,313.0,0,True,True,True,True,False,True,False,True,True,False,True,False,True,False,True,False,True,False,True,False,False,True,True,False,False,False,304.79999999999995
1,70,113.0,7987.6,0,False,True,False,True,False,True,True,False,False,True,False,True,False,True,False,True,False,True,False,True,False,True,True,True,False,False,7910.0
0,1,45.35,45.35,0,False,False,False,True,False,False,False,False,False,False,False,False,False,False,False,False,False,False,False,False,False,False,False,False,False,True,45.35
0,20,89.1,1879.25,0,False,False,False,True,False,True,True,False,False,True,False,False,False,False,False,False,False,True,False,False,False,False,True,False,False,False,1782.0
0,72,25.0,1849.2,0,False,True,False,True,False,True,False,True,True,False,True,False,True,False,True,False,True,False,True,False,False,True,False,True,False,False,1800.0
0,5,75.65,399.45,0,False,False,False,True,False,False,True,False,False,False,False,False,False,False,False,True,False,False,False,False,False,False,True,False,False,True,378.25
0,39,25.25,947.75,0,True,True,True,False,True,False,False,False,False,False,False,False,False,False,False,False,False,False,False,False,True,False,True,True,False,False,984.75
0,1,54.3,54.3,0,True,False,False,True,False,True,False,False,False,False,False,True,False,False,False,False,False,False,False,False,False,False,False,False,True,False,54.3
0,15,55.2,864.55,0,True,False,True,True,False,False,False,False,False,False,False,False,False,True,False,True,False,False,False,False,True,False,False,True,False,False,828.0
0,72,24.55,1750.7,0,False,True,False,True,False,True,False,True,True,False,True,False,True,False,True,False,True,False,True,False,False,True,False,False,True,False,1767.6000000000001
0,24,35.75,830.8,0,True,False,True,False,True,False,False,False,False,True,False,False,False,False,False,True,False,False,False,False,False,True,False,False,False,True,858.0
0,34,103.8,3470.8,0,True,False,True,True,False,True,True,False,False,True,False,True,False,False,False,False,False,True,False,True,True,False,True,False,True,False,3529.2
0,9,79.55,723.4,1,False,False,False,True,False,False,True,False,False,False,False,False,False,False,False,False,False,False,False,True,False,False,True,False,True,False,715.9499999999999
1,72,88.05,6425.65,0,False,True,True,True,False,True,False,False,False,True,False,True,False,True,False,True,False,True,False,True,False,True,True,True,False,False,6339.599999999999
0,8,21.05,139.75,0,False,True,True,True,False,False,False,True,True,False,True,False,True,False,True,False,True,False,True,False,False,False,False,True,False,False,168.4
0,6,19.0,105.5,0,False,True,True,True,False,False,False,True,True,False,True,False,True,False,True,False,True,False,True,False,True,False,False,True,False,False,114.0
0,36,87.55,3078.1,1,False,False,False,True,False,False,True,False,False,False,False,False,False,True,False,True,False,False,False,True,False,False,True,False,True,False,3151.7999999999997
0,72,25.4,1710.9,0,True,True,False,True,False,True,False,True,True,False,True,False,True,False,True,False,True,False,True,False,False,True,False,False,False,True,1828.8
0,8,49.85,365.55,1,False,False,False,True,False,False,False,False,False,True,False,False,False,False,False,False,False,False,False,False,False,False,True,False,True,False,398.8
0,44,20.05,845.25,0,True,False,False,True,False,False,False,True,True,False,True,False,True,False,True,False,True,False,True,False,False,True,False,False,False,True,882.2
0,18,69.8,1221.65,0,False,False,False,True,False,False,True,False,False,False,False,False,False,False,False,False,False,False,False,False,False,False,True,False,True,False,1256.3999999999999
0,39,99.95,3767.4,0,False,True,True,True,False,True,True,False,False,False,False,False,False,False,False,True,False,True,False,True,False,False,True,True,False,False,3898.05
0,60,95.4,5812.0,0,True,True,True,True,False,True,True,False,False,True,False,False,False,True,False,False,False,True,False,False,True,False,True,False,False,False,5724.0
1,1,39.65,39.65,1,True,False,False,False,True,False,False,False,False,False,False,False,False,True,False,False,False,False,False,True,False,False,True,False,True,False,39.65
0,21,20.0,417.7,0,True,False,False,True,False,False,False,True,True,False,True,False,True,False,True,False,True,False,True,False,False,False,False,False,False,True,420.0
0,60,84.95,4984.85,0,True,False,True,True,False,True,False,False,False,True,False,False,False,True,False,True,False,True,False,True,False,True,True,False,True,False,5097.0
0,62,70.75,4263.45,0,False,True,True,True,False,False,False,False,False,True,False,False,False,True,False,True,False,True,False,False,True,False,True,False,False,False,4386.5
0,8,19.8,160.05,0,False,True,True,True,False,False,False,True,True,False,True,False,True,False,True,False,True,False,True,False,True,False,False,False,True,False,158.4
0,65,25.1,1725.0,0,True,False,False,True,False,True,False,True,True,False,True,False,True,False,True,False,True,False,True,False,False,True,True,False,False,False,1631.5
0,17,20.75,418.25,0,False,True,True,True,False,False,False,True,True,False,True,False,True,False,True,False,True,False,True,False,True,False,False,False,False,True,352.75
0,60,61.4,3638.25,0,True,False,False,True,False,False,False,False,False,True,False,True,False,True,False,False,False,False,False,False,False,True,False,False,True,False,3684.0
0,11,19.25,180.3,1,False,True,True,True,False,False,False,True,True,False,True,False,True,False,True,False,True,False,True,False,False,False,True,False,False,True,211.75
0,2,19.95,38.15,0,False,False,False,True,False,False,False,True,True,False,True,False,True,False,True,False,True,False,True,False,False,False,False,False,False,True,39.9
0,21,103.9,2254.2,1,False,True,False,True,False,True,True,False,False,True,False,False,False,True,False,False,False,True,False,True,False,False,True,False,True,False,2181.9
0,66,103.1,6595.0,0,False,False,False,True,False,True,True,False,False,True,False,True,False,True,False,True,False,False,False,True,False,False,True,False,False,False,6804.599999999999
0,16,18.95,326.8,0,True,False,False,True,False,False,False,True,True,False,True,False,True,False,True,False,True,False,True,False,False,True,False,True,False,False,303.2
0,66,75.1,5013.0,0,True,True,True,True,False,False,False,False,False,True,False,True,False,True,False,True,False,True,False,False,True,False,True,False,True,False,4956.599999999999
0,46,79.2,3593.8,0,False,False,False,True,False,True,False,False,False,True,False,False,False,True,False,False,False,True,False,True,False,True,False,False,False,True,3643.2000000000003
0,70,90.25,6385.95,0,False,False,False,True,False,True,True,False,False,False,False,True,False,True,False,True,False,False,False,False,True,False,True,False,False,False,6317.5
0,72,20.35,1354.4,0,True,True,True,True,False,False,False,True,True,False,True,False,True,False,True,False,True,False,True,False,False,True,False,False,True,False,1465.2
0,1,44.6,44.6,0,True,False,False,True,False,False,False,False,False,False,False,False,False,False,False,False,False,False,False,False,False,False,False,False,False,True,44.6
0,1,24.0,24.0,0,False,False,True,True,False,True,False,True,True,False,True,False,True,False,True,False,True,False,True,False,False,False,False,False,False,True,24.0
1,8,100.6,819.4,1,True,False,False,True,False,True,True,False,False,False,False,False,False,True,False,False,False,True,False,True,False,False,True,False,True,False,804.8
0,2,49.2,103.7,0,False,False,False,True,False,False,False,False,False,False,False,True,False,False,False,False,False,False,False,False,False,False,False,False,False,True,98.4
0,1,19.2,19.2,0,True,False,True,True,False,False,False,True,True,False,True,False,True,False,True,False,True,False,True,False,False,False,True,False,False,True,19.2
0,17,20.5,365.8,0,True,False,False,True,False,False,False,True,True,False,True,False,True,False,True,False,True,False,True,False,True,False,True,False,False,True,348.5
0,58,50.0,2919.85,0,True,True,True,False,True,False,False,False,False,True,False,True,False,True,False,False,False,True,False,False,True,False,False,False,False,True,2900.0
0,59,86.75,5186.0,0,True,True,True,True,False,False,False,False,False,True,False,True,False,True,False,True,False,True,False,True,False,True,True,False,True,False,5118.25
0,12,89.4,1095.65,1,False,False,False,True,False,False,True,False,False,False,False,False,False,True,False,True,False,False,False,True,False,False,True,False,True,False,1072.8000000000002
0,3,63.6,155.65,1,False,False,False,True,False,True,False,False,False,False,False,False,False,False,False,True,False,True,False,False,False,False,True,False,True,False,190.8
0,32,50.6,1653.45,0,True,True,True,False,True,False,False,False,False,False,False,False,False,True,False,False,False,True,False,True,False,False,False,True,False,False,1619.2
0,7,24.7,149.05,0,False,True,True,False,True,False,False,False,False,False,False,False,False,False,False,False,False,False,False,False,False,False,True,False,True,False,172.9
0,8,19.9,153.95,0,True,True,True,True,False,False,False,True,True,False,True,False,True,False,True,False,True,False,True,False,True,False,False,True,False,False,159.2
0,22,85.1,1873.7,1,True,True,False,True,False,True,True,False,False,False,False,False,False,False,False,False,False,False,False,True,False,False,True,False,True,False,1872.1999999999998
0,66,96.6,6424.25,0,True,True,False,True,False,True,True,False,False,True,False,True,False,True,False,True,False,False,False,False,False,True,False,False,False,True,6375.599999999999
1,23,75.4,1643.55,0,False,False,False,True,False,False,True,False,False,True,False,False,False,False,False,False,False,False,False,False,False,False,True,False,False,False,1734.2
1,1,86.0,86.0,1,False,False,False,True,False,False,True,False,False,False,False,True,False,False,False,False,False,False,False,True,False,False,True,False,True,False,86.0
0,21,65.35,1424.4,0,True,False,False,True,False,False,False,False,False,True,False,False,False,True,False,False,False,True,False,False,False,False,False,False,False,False,1372.35
0,9,74.75,706.6,1,False,False,False,True,False,True,True,False,False,False,False,False,False,False,False,False,False,False,False,False,False,False,True,False,True,False,672.75
0,44,56.25,2419.55,0,False,True,True,True,False,False,False,False,False,True,False,False,False,False,False,True,False,False,False,False,False,False,False,False,False,False,2475.0
1,15,79.4,1156.1,1,True,False,False,True,False,False,True,False,False,False,False,False,False,False,False,False,False,False,False,True,False,False,True,False,True,False,1191.0
0,67,74.0,4868.4,0,False,True,True,True,False,True,False,False,False,True,False,True,False,False,False,True,False,True,False,False,False,True,False,True,False,False,4958.0
0,56,98.25,5508.35,1,False,True,False,True,False,True,True,False,False,False,False,True,False,False,False,False,False,True,False,True,True,False,True,False,True,False,5502.0
0,4,29.05,129.6,0,False,True,False,False,True,False,False,False,False,True,False,False,False,False,False,False,False,False,False,False,False,False,True,False,True,False,116.2
0,43,79.15,3566.6,0,True,True,True,True,False,False,False,False,False,True,False,False,False,True,False,True,False,True,False,True,False,True,True,True,False,False,3403.4500000000003
1,61,82.15,4904.85,0,True,True,False,True,False,True,True,False,False,False,False,True,False,False,False,False,False,False,False,False,False,False,True,False,True,False,5011.150000000001
0,44,65.4,2774.55,0,True,False,False,True,False,False,False,False,False,True,False,False,False,False,False,True,False,True,False,False,True,False,False,False,True,False,2877.6000000000004
0,9,75.85,647.5,0,False,True,True,True,False,False,True,False,False,False,False,False,False,False,False,True,False,False,False,False,False,False,True,False,True,False,682.65
0,72,115.8,8476.5,0,False,True,True,True,False,True,True,False,False,True,False,True,False,True,False,True,False,True,False,True,False,True,True,False,False,False,8337.6
0,7,95.35,660.9,1,False,False,False,True,False,False,True,False,False,False,False,False,False,True,False,False,False,True,False,True,False,False,True,False,True,False,667.4499999999999
0,9,44.4,348.15,0,True,False,False,True,False,False,False,False,False,False,False,False,False,False,False,False,False,False,False,False,False,False,True,False,False,True,399.59999999999997
0,51,19.95,1028.75,0,False,True,True,True,False,False,False,True,True,False,True,False,True,False,True,False,True,False,True,False,False,True,False,False,False,True,1017.4499999999999
0,66,29.45,1983.15,0,True,False,False,False,True,False,False,False,False,False,False,False,False,False,False,True,False,False,False,False,True,False,False,True,False,False,1943.7
0,14,24.8,321.7,0,True,False,False,True,False,True,False,True,True,False,True,False,True,False,True,False,True,False,True,False,True,False,True,True,False,False,347.2
0,10,20.15,220.8,0,False,True,True,True,False,False,False,True,True,False,True,False,True,False,True,False,True,False,True,False,False,True,False,False,False,True,201.5
0,17,19.35,307.0,0,False,True,False,True,False,False,False,True,True,False,True,False,True,False,True,False,True,False,True,False,True,False,False,False,False,True,328.95000000000005
0,48,95.4,4445.3,0,True,False,False,True,False,True,True,False,False,True,False,False,False,False,False,True,False,False,False,True,False,False,True,False,True,False,4579.200000000001
0,19,19.95,373.5,0,True,False,False,True,False,False,False,True,True,False,True,False,True,False,True,False,True,False,True,False,False,True,True,False,False,True,379.05
0,1,19.3,19.3,0,True,False,True,True,False,False,False,True,True,False,True,False,True,False,True,False,True,False,True,False,False,False,True,False,False,True,19.3
0,63,19.55,1245.6,0,True,True,True,True,False,False,False,True,True,False,True,False,True,False,True,False,True,False,True,False,False,True,False,False,False,True,1231.65
1,67,105.05,7171.7,0,True,False,False,True,False,False,True,False,False,True,False,True,False,False,False,True,False,True,False,True,False,True,True,False,True,False,7038.349999999999
0,63,63.55,4014.2,0,False,True,True,True,False,False,False,False,False,True,False,True,False,True,False,True,False,False,False,False,False,True,False,False,False,True,4003.6499999999996
1,71,69.2,4982.5,0,False,True,True,True,False,True,False,False,False,True,False,True,False,False,False,False,False,True,False,False,True,False,False,False,True,False,4913.2
0,36,53.65,1939.35,0,True,True,True,True,False,False,False,False,False,True,False,True,False,False,False,False,False,False,False,False,True,False,False,False,False,True,1931.3999999999999
1,16,91.55,1540.05,0,True,True,False,True,False,False,True,False,False,False,False,False,False,True,False,True,False,False,False,True,False,False,True,False,True,False,1464.8
0,2,20.55,33.6,0,False,False,False,True,False,False,False,True,True,False,True,False,True,False,True,False,True,False,True,False,False,False,True,False,False,True,41.1
0,72,104.95,7544.3,0,True,False,False,True,False,True,True,False,False,False,False,True,False,True,False,False,False,True,False,True,True,False,True,False,True,False,7556.400000000001
0,24,55.15,1319.85,0,False,True,True,True,False,False,False,False,False,True,False,False,False,False,False,True,False,False,False,False,False,False,False,False,True,False,1323.6
0,42,101.75,4273.45,1,True,False,False,True,False,True,True,False,False,False,False,True,False,False,False,False,False,True,False,True,False,False,True,False,True,False,4273.5
0,45,20.85,892.15,0,False,True,True,True,False,False,False,True,True,False,True,False,True,False,True,False,True,False,True,False,False,True,False,False,False,True,938.2500000000001
0,59,99.5,5961.1,1,True,True,False,True,False,True,True,False,False,False,False,False,False,True,False,False,False,True,False,True,True,False,True,False,False,False,5870.5
0,63,96.0,6109.75,0,False,True,False,True,False,False,True,False,False,False,False,True,False,False,False,False,False,True,False,True,True,False,True,False,True,False,6048.0
0,1,20.25,20.25,0,True,False,False,True,False,False,False,True,True,False,True,False,True,False,True,False,True,False,True,False,False,False,True,False,False,True,20.25
0,43,60.0,2548.55,0,True,False,False,True,False,False,False,False,False,False,False,True,False,False,False,False,False,False,False,True,False,True,True,False,True,False,2580.0
0,71,87.25,6328.7,0,False,True,True,True,False,False,False,False,False,True,False,True,False,True,False,True,False,True,False,True,False,True,False,True,False,False,6194.75
0,12,43.8,540.95,0,False,False,False,True,False,False,False,False,False,False,False,False,False,False,False,False,False,False,False,False,False,False,False,False,False,False,525.5999999999999
0,25,19.15,477.6,0,True,True,True,True,False,False,False,True,True,False,True,False,True,False,True,False,True,False,True,False,False,False,True,False,False,True,478.74999999999994
0,72,83.55,6093.3,0,True,True,True,True,False,True,False,False,False,True,False,False,False,True,False,True,False,True,False,True,False,True,True,True,False,False,6015.599999999999
0,6,55.0,340.4,0,False,False,False,True,False,False,False,False,False,False,False,False,False,False,False,False,False,False,False,True,False,False,True,False,True,False,330.0
0,30,25.35,723.3,0,True,False,True,True,False,True,False,True,True,False,True,False,True,False,True,False,True,False,True,False,True,False,False,False,False,False,760.5
1,46,100.25,4753.85,0,False,True,False,True,False,True,True,False,False,False,False,False,False,False,False,True,False,True,False,True,True,False,False,False,True,False,4611.5
0,2,73.25,131.05,1,True,False,False,True,False,True,True,False,False,False,False,False,False,False,False,False,False,False,False,False,False,False,True,True,False,False,146.5
0,47,106.35,4849.1,0,False,False,False,True,False,True,True,False,False,False,False,True,False,True,False,False,False,True,False,True,False,False,True,False,True,False,4998.45
0,51,34.2,1782.0,0,False,True,True,False,True,False,False,False,False,True,False,False,False,False,False,True,False,False,False,False,False,True,False,False,False,False,1744.2
0,42,20.75,844.45,0,False,False,False,True,False,False,False,True,True,False,True,False,True,False,True,False,True,False,True,False,False,True,True,False,False,False,871.5
0,62,101.35,6164.7,0,False,True,False,True,False,True,True,False,False,False,False,False,False,True,False,False,False,True,False,True,False,False,True,False,True,False,6283.7
0,5,20.55,96.1,0,False,False,False,True,False,False,False,True,True,False,True,False,True,False,True,False,True,False,True,False,False,False,False,True,False,False,102.75
0,53,71.85,3827.9,0,True,True,True,True,False,True,False,False,False,True,False,False,False,False,False,True,False,False,False,True,False,False,False,False,True,False,3808.0499999999997
0,10,98.7,973.25,1,False,False,False,True,False,True,True,False,False,True,False,False,False,False,False,False,False,True,False,True,False,False,True,False,True,False,987.0
0,18,57.45,990.85,1,True,True,True,True,False,False,False,False,False,False,False,False,False,True,False,False,False,False,False,True,False,False,False,False,True,False,1034.1000000000001
0,1,19.75,19.75,0,True,False,False,True,False,False,False,True,True,False,True,False,True,False,True,False,True,False,True,False,False,False,False,False,False,True,19.75
0,51,85.5,4421.95,0,False,True,True,True,False,False,False,False,False,True,False,True,False,True,False,True,False,True,False,True,False,True,False,True,False,False,4360.5
1,61,85.55,5251.75,0,True,True,False,True,False,True,True,False,False,False,False,True,False,False,False,True,False,False,False,False,True,False,True,False,False,False,5218.55
0,7,44.65,322.5,0,True,False,False,True,False,False,False,False,False,False,False,False,False,False,False,False,False,False,False,False,False,False,True,False,False,False,312.55
0,50,103.85,5017.9,1,True,True,True,True,False,True,True,False,False,False,False,True,False,True,False,False,False,True,False,True,False,False,True,False,False,False,5192.5
0,4,80.1,336.15,0,True,False,False,True,False,True,True,False,False,True,False,False,False,False,False,False,False,False,False,False,False,False,True,False,True,False,320.4
1,47,85.2,3969.35,1,False,False,False,True,False,True,True,False,False,False,False,True,False,True,False,False,False,False,False,False,False,False,True,False,False,False,4004.4
0,32,62.45,2045.55,0,False,True,True,True,False,True,False,False,False,False,False,True,False,True,False,False,False,False,False,False,False,False,False,False,False,False,1998.4
0,2,45.25,85.5,1,False,False,False,False,True,False,False,False,False,False,False,False,False,False,False,False,False,True,False,True,False,False,True,False,True,False,90.5
1,27,36.5,1032.0,1,True,True,False,False,True,False,False,False,False,False,False,False,False,False,False,False,False,False,False,True,False,False,False,False,False,False,985.5
0,10,55.55,551.3,0,False,True,True,True,False,False,False,False,False,False,False,True,False,True,False,False,False,False,False,False,False,False,True,False,False,True,555.5
0,1,80.25,80.25,1,False,False,False,True,False,False,True,False,False,False,False,False,False,False,False,False,False,True,False,False,False,False,True,False,True,False,80.25
0,21,74.05,1565.7,1,False,True,True,True,False,False,True,False,False,False,False,True,False,False,False,False,False,False,False,False,False,False,True,False,False,False,1555.05
0,12,21.05,235.8,0,True,False,True,True,False,False,False,True,True,False,True,False,True,False,True,False,True,False,True,False,False,False,False,True,False,False,252.60000000000002
0,1,19.75,19.75,1,True,False,False,True,False,False,False,True,True,False,True,False,True,False,True,False,True,False,True,False,False,False,False,False,False,True,19.75
1,51,19.6,967.9,0,False,False,False,True,False,False,False,True,True,False,True,False,True,False,True,False,True,False,True,False,False,True,False,True,False,False,999.6
0,3,58.7,168.6,0,False,True,True,True,False,False,False,False,False,False,False,True,False,False,False,False,False,True,False,False,False,False,True,True,False,False,176.10000000000002
0,72,107.45,7576.7,0,False,True,True,True,False,True,True,False,False,True,False,False,False,True,False,True,False,True,False,True,False,True,False,False,False,True,7736.400000000001
0,1,44.4,44.4,1,False,False,False,True,False,False,False,False,False,False,False,False,False,False,False,False,False,False,False,False,False,False,False,False,False,True,44.4
0,5,85.4,401.1,1,True,True,False,True,False,True,True,False,False,False,False,True,False,False,False,True,False,False,False,False,False,False,True,False,True,False,427.0
1,1,85.05,85.05,1,False,False,False,True,False,True,True,False,False,False,False,False,False,False,False,False,False,False,False,True,False,False,True,False,True,False,85.05
0,66,25.1,1697.7,0,True,False,False,True,False,True,False,True,True,False,True,False,True,False,True,False,True,False,True,False,False,True,False,False,False,True,1656.6000000000001
0,61,75.35,4729.3,0,True,True,False,True,False,True,False,False,False,True,False,False,False,True,False,True,False,False,False,True,False,True,False,True,False,False,4596.349999999999
0,32,99.55,3204.65,1,True,True,True,True,False,True,True,False,False,True,False,False,False,False,False,False,False,True,False,True,False,False,True,True,False,False,3185.6
0,65,19.35,1319.95,0,False,True,False,True,False,False,False,True,True,False,True,False,True,False,True,False,True,False,True,False,False,True,False,False,False,False,1257.75
1,41,101.1,4016.2,0,False,False,False,True,False,False,True,False,False,False,False,False,False,True,False,True,False,True,False,True,True,False,True,False,False,False,4145.099999999999
0,14,89.8,1129.1,1,False,False,False,True,False,False,True,False,False,False,False,False,False,False,False,False,False,True,False,True,False,False,True,False,False,True,1257.2
0,2,89.55,185.55,1,True,True,True,True,False,False,True,False,False,False,False,False,False,False,False,False,False,True,False,True,False,False,True,False,False,False,179.1
0,29,58.0,1734.5,0,False,False,False,True,False,False,False,False,False,True,False,False,False,True,False,True,False,False,False,False,True,False,False,True,False,False,1682.0
0,10,51.2,498.25,0,False,False,False,True,False,False,False,False,False,False,False,True,False,False,False,False,False,False,False,False,False,False,False,False,True,False,512.0
0,32,69.75,2347.9,1,True,True,True,True,False,False,True,False,False,False,False,False,False,False,False,False,False,False,False,False,False,False,True,False,False,False,2232.0
0,7,19.95,147.5,0,True,False,False,True,False,False,False,True,True,False,True,False,True,False,True,False,True,False,True,False,False,False,True,False,False,True,139.65
0,71,77.35,5550.1,0,False,False,False,True,False,False,False,False,False,True,False,True,False,True,False,True,False,True,False,False,False,True,False,True,False,False,5491.849999999999
0,11,19.5,226.8,0,True,False,False,True,False,False,False,True,True,False,True,False,True,False,True,False,True,False,True,False,True,False,False,False,False,True,214.5
0,2,20.75,44.2,0,True,False,False,True,False,False,False,True,True,False,True,False,True,False,True,False,True,False,True,False,False,False,False,False,False,True,41.5
0,1,21.05,21.05,0,True,False,True,True,False,False,False,True,True,False,True,False,True,False,True,False,True,False,True,False,False,False,True,False,False,True,21.05
0,23,19.8,465.45,0,True,False,True,True,False,False,False,True,True,False,True,False,True,False,True,False,True,False,True,False,True,False,False,False,False,True,455.40000000000003
0,62,101.15,6638.35,0,False,True,True,True,False,True,True,False,False,True,False,False,False,False,False,False,False,True,False,True,False,True,True,False,False,False,6271.3
0,7,78.55,522.95,0,False,False,False,True,False,True,True,False,False,False,False,True,False,False,False,False,False,False,False,False,False,False,True,False,False,False,549.85
0,71,113.65,8166.8,0,False,True,True,True,False,True,True,False,False,True,False,True,False,True,False,True,False,True,False,True,False,True,False,True,False,False,8069.150000000001
0,2,87.15,183.75,1,False,False,False,True,False,False,True,False,False,False,False,True,False,False,False,False,False,True,False,False,False,False,True,False,False,False,174.3
0,72,68.75,4888.2,0,False,True,True,True,False,False,False,False,False,True,False,True,False,True,False,False,False,False,False,True,False,True,False,True,False,False,4950.0
0,71,19.85,1326.35,0,False,True,True,True,False,False,False,True,True,False,True,False,True,False,True,False,True,False,True,False,False,True,False,False,False,False,1409.3500000000001
1,12,80.45,950.2,1,True,True,False,True,False,False,True,False,False,False,False,False,False,False,False,False,False,False,False,True,False,False,True,False,True,False,965.4000000000001
0,3,44.3,134.5,1,False,True,True,True,False,False,False,False,False,False,False,False,False,False,False,False,False,False,False,False,False,False,False,False,False,True,132.89999999999998
0,21,99.15,1956.4,0,False,False,False,True,False,False,True,False,False,False,False,True,False,False,False,True,False,True,False,True,False,False,True,False,False,False,2082.15
0,8,19.7,168.9,0,True,False,False,True,False,False,False,True,True,False,True,False,True,False,True,False,True,False,True,False,False,False,True,False,False,False,157.6
0,10,19.5,225.85,0,True,False,False,True,False,False,False,True,True,False,True,False,True,False,True,False,True,False,True,False,True,False,False,False,False,True,195.0
0,3,49.9,130.1,1,True,False,False,True,False,False,False,False,False,False,False,True,False,False,False,False,False,False,False,False,False,False,True,False,False,True,149.7
0,52,84.1,4348.65,1,True,True,False,True,False,False,True,False,False,True,False,False,False,False,False,False,False,True,False,False,False,False,False,False,True,False,4373.2
0,58,19.15,1035.5,0,True,False,False,True,False,False,False,True,True,False,True,False,True,False,True,False,True,False,True,False,False,True,True,False,False,False,1110.6999999999998
0,36,75.55,2680.15,0,False,False,False,True,False,False,False,False,False,True,False,True,False,True,False,True,False,False,False,True,True,False,True,False,False,True,2719.7999999999997
0,61,81.05,4747.65,0,True,True,False,True,False,False,False,False,False,True,False,True,False,False,False,True,False,True,False,True,False,True,True,False,False,True,4944.05
0,62,20.05,1263.9,0,True,True,True,True,False,False,False,True,True,False,True,False,True,False,True,False,True,False,True,False,False,True,False,True,False,False,1243.1000000000001
1,72,114.85,8317.95,0,False,True,False,True,False,True,True,False,False,True,False,True,False,True,False,True,False,True,False,True,False,True,True,False,False,False,8269.199999999999
0,59,93.35,5386.5,0,False,True,False,True,False,True,True,False,False,False,False,False,False,True,False,True,False,True,False,False,False,False,False,False,True,False,5507.65
0,13,20.4,251.65,0,True,False,False,True,False,False,False,True,True,False,True,False,True,False,True,False,True,False,True,False,False,False,True,False,True,False,265.2
0,34,90.05,3097.0,0,True,True,True,True,False,True,True,False,False,False,False,False,False,True,False,False,False,False,False,True,False,False,True,True,False,False,3061.7
0,1,45.7,45.7,1,False,True,True,True,False,False,False,False,False,False,False,False,False,False,False,False,False,False,False,False,False,False,True,False,True,False,45.7
0,22,54.45,1127.35,1,True,False,False,True,False,True,False,False,False,True,False,False,False,False,False,False,False,False,False,False,False,False,True,False,True,False,1197.9
0,71,24.25,1732.95,0,False,True,False,True,False,True,False,True,True,False,True,False,True,False,True,False,True,False,True,False,False,True,True,True,False,False,1721.75
1,49,90.05,4547.25,1,True,True,False,True,False,True,True,False,False,False,False,True,False,False,False,False,False,False,False,True,False,False,False,True,False,False,4412.45
1,9,90.1,816.8,0,False,False,False,True,False,True,True,False,False,False,False,False,False,True,False,False,False,True,False,False,False,False,True,False,True,False,810.9
0,4,77.85,299.2,1,True,False,False,True,False,False,True,False,False,False,False,False,False,False,False,False,False,True,False,False,False,False,False,False,True,False,311.4
0,72,25.1,1790.8,0,True,True,True,True,False,True,False,True,True,False,True,False,True,False,True,False,True,False,True,False,False,True,True,True,False,False,1807.2
0,25,99.5,2369.05,1,False,False,False,True,False,False,True,False,False,False,False,True,False,True,False,False,False,True,False,True,False,False,True,False,True,False,2487.5
1,1,25.1,25.1,1,True,False,False,False,True,False,False,False,False,False,False,False,False,False,False,False,False,False,False,False,False,False,True,False,True,False,25.1
0,42,19.8,849.9,0,True,False,False,True,False,False,False,True,True,False,True,False,True,False,True,False,True,False,True,False,True,False,False,False,False,False,831.6
1,35,99.05,3554.6,0,False,False,False,True,False,True,True,False,False,True,False,False,False,False,False,False,False,True,False,True,False,False,True,False,True,False,3466.75
0,1,24.7,24.7,0,False,False,True,False,True,False,False,False,False,False,False,False,False,False,False,False,False,False,False,False,False,False,False,False,False,True,24.7
0,3,18.8,56.0,0,False,False,False,True,False,False,False,True,True,False,True,False,True,False,True,False,True,False,True,False,False,False,False,False,False,True,56.400000000000006
0,44,59.85,2603.95,0,True,True,False,True,False,False,False,False,False,True,False,True,False,False,False,True,False,False,False,False,True,False,True,False,False,False,2633.4
0,45,95.0,4368.85,0,True,True,True,True,False,True,True,False,False,False,False,True,False,True,False,False,False,False,False,True,True,False,True,True,False,False,4275.0
0,1,30.2,30.2,1,True,True,True,False,True,False,False,False,False,False,False,True,False,False,False,False,False,False,False,False,False,False,False,False,True,False,30.2
0,71,90.55,6404.0,0,True,True,False,True,False,True,False,False,False,True,False,True,False,True,False,True,False,True,False,True,False,True,False,False,False,False,6429.05
0,18,95.95,1745.5,0,False,True,False,True,False,False,True,False,False,False,False,False,False,True,False,False,False,True,False,True,False,False,True,True,False,False,1727.1000000000001
0,2,74.9,136.05,0,False,False,False,True,False,True,True,False,False,False,False,False,False,False,False,False,False,False,False,False,False,False,True,False,False,True,149.8
0,1,50.45,50.45,1,False,True,True,True,False,False,False,False,False,False,False,False,False,True,False,False,False,False,False,False,False,False,False,False,False,True,50.45
0,33,100.0,3320.6,0,False,False,False,True,False,True,True,False,False,False,False,True,False,False,False,False,False,True,False,True,False,False,True,False,True,False,3300.0
0,72,88.7,6301.7,0,True,True,False,True,False,True,False,False,False,True,False,True,False,True,False,True,False,True,False,True,False,True,True,True,False,False,6386.400000000001
1,71,56.45,3985.35,0,True,False,False,False,True,False,False,False,False,True,False,True,False,False,False,False,False,True,False,True,True,False,True,False,True,False,4007.9500000000003
0,2,73.55,145.4,1,False,True,True,True,False,False,True,False,False,False,False,True,False,False,False,False,False,False,False,False,False,False,True,False,False,False,147.1
0,57,20.1,1087.7,0,False,True,True,True,False,False,False,True,True,False,True,False,True,False,True,False,True,False,True,False,False,True,True,False,False,False,1145.7
0,52,50.95,2610.65,0,False,True,True,True,False,False,False,False,False,False,False,False,False,True,False,False,False,False,False,False,True,False,True,False,False,False,2649.4
0,49,103.7,5036.3,1,True,False,False,True,False,True,True,False,False,False,False,True,False,True,False,False,False,True,False,True,False,False,True,False,False,False,5081.3
0,1,70.75,70.75,1,False,False,False,True,False,False,True,False,False,False,False,False,False,False,False,False,False,False,False,False,False,False,False,False,False,True,70.75
0,1,20.9,20.9,1,False,False,False,True,False,False,False,True,True,False,True,False,True,False,True,False,True,False,True,False,False,False,False,False,False,True,20.9
0,7,20.65,158.95,0,False,True,True,True,False,False,False,True,True,False,True,False,True,False,True,False,True,False,True,False,False,False,False,False,False,True,144.54999999999998
1,18,93.9,1743.9,0,True,False,False,True,False,True,True,False,False,False,False,False,False,True,False,True,False,True,False,False,False,False,False,False,False,False,1690.2
0,2,70.3,144.0,0,True,False,False,True,False,False,True,False,False,False,False,False,False,False,False,False,False,False,False,False,False,False,True,False,True,False,140.6
0,37,55.05,2030.75,0,True,True,False,True,False,True,False,False,False,True,False,False,False,False,False,False,False,False,False,False,False,False,True,False,False,True,2036.85
0,1,24.05,24.05,1,True,False,False,True,False,True,False,True,True,False,True,False,True,False,True,False,True,False,True,False,False,False,True,False,False,True,24.05
0,48,45.0,2196.3,0,False,True,True,False,True,False,False,False,False,True,False,False,False,True,False,False,False,False,False,True,True,False,False,True,False,False,2160.0
0,37,96.1,3646.8,0,True,False,False,True,False,False,True,False,False,False,False,True,False,False,False,False,False,True,False,True,False,False,True,True,False,False,3555.7
0,3,74.5,217.45,0,True,False,False,True,False,True,True,False,False,False,False,False,False,False,False,False,False,False,False,False,False,False,False,False,True,False,223.5
0,35,55.0,2010.55,1,True,False,False,True,False,False,False,False,False,False,False,False,False,False,False,False,False,True,False,False,False,False,False,False,False,True,1925.0
0,15,19.9,320.45,0,False,False,False,True,False,False,False,True,True,False,True,False,True,False,True,False,True,False,True,False,False,False,False,False,False,True,298.5
0,1,20.35,20.35,0,True,False,False,True,False,False,False,True,True,False,True,False,True,False,True,False,True,False,True,False,False,False,False,False,False,True,20.35
0,72,20.55,1432.55,0,True,True,True,True,False,False,False,True,True,False,True,False,True,False,True,False,True,False,True,False,False,True,False,False,True,False,1479.6000000000001
0,18,19.0,348.8,0,True,False,False,True,False,False,False,True,True,False,True,False,True,False,True,False,True,False,True,False,False,False,False,False,True,False,342.0
0,2,86.25,181.65,1,False,False,False,True,False,False,True,False,False,True,False,True,False,False,False,True,False,False,False,False,False,False,True,False,True,False,172.5
0,35,55.25,1924.1,0,True,False,False,True,False,True,False,False,False,True,False,False,False,False,False,False,False,False,False,False,False,True,False,False,False,True,1933.75
0,11,48.55,501.0,1,False,False,False,True,False,False,False,False,False,True,False,False,False,False,False,False,False,False,False,False,False,False,False,True,False,False,534.05
1,26,78.8,2006.1,0,False,False,False,True,False,False,True,False,False,False,False,False,False,False,False,False,False,False,False,True,False,False,True,False,True,False,2048.7999999999997
1,37,72.25,2575.45,0,True,True,False,True,False,False,True,False,False,False,False,False,False,False,False,False,False,False,False,False,False,False,True,False,False,False,2673.25
1,56,99.9,5706.3,0,False,False,False,True,False,True,True,False,False,False,False,True,False,True,False,True,False,True,False,False,False,True,True,False,False,False,5594.400000000001
0,69,59.75,4069.9,0,True,True,True,True,False,False,False,False,False,True,False,True,False,True,False,False,False,False,False,False,False,True,True,False,False,False,4122.75
0,71,19.9,1397.3,0,False,True,True,True,False,False,False,True,True,False,True,False,True,False,True,False,True,False,True,False,False,True,False,True,False,False,1412.8999999999999
0,62,115.55,7159.05,0,True,True,True,True,False,True,True,False,False,True,False,True,False,True,False,True,False,True,False,True,False,True,False,False,False,False,7164.099999999999
0,50,35.0,1782.4,0,True,False,False,False,True,False,False,False,False,True,False,True,False,False,False,False,False,False,False,False,False,False,True,False,False,True,1750.0
0,62,110.8,6840.95,0,False,True,True,True,False,True,True,False,False,False,False,True,False,True,False,True,False,True,False,True,True,False,True,False,True,False,6869.599999999999
0,54,100.05,5299.65,0,False,False,False,True,False,False,True,False,False,True,False,True,False,False,False,False,False,True,False,True,True,False,True,True,False,False,5402.7
0,63,86.7,5309.5,0,True,False,False,True,False,False,False,False,False,True,False,True,False,True,False,True,False,True,False,True,False,True,True,False,False,False,5462.1
0,22,57.95,1271.8,0,True,True,True,True,False,False,False,False,False,True,False,True,False,False,False,True,False,False,False,False,False,False,True,False,False,True,1274.9
0,30,19.4,578.5,0,False,False,False,True,False,False,False,True,True,False,True,False,True,False,True,False,True,False,True,False,False,True,False,True,False,False,582.0
1,57,53.5,3035.8,0,True,False,False,True,False,False,False,False,False,False,False,False,False,True,False,True,False,False,False,False,True,False,True,False,True,False,3049.5
1,58,97.8,5458.8,0,False,True,False,True,False,True,True,False,False,False,False,True,False,False,False,False,False,True,False,True,True,False,True,False,False,False,5672.4
1,55,44.85,2479.05,0,True,False,False,False,True,False,False,False,False,True,False,True,False,False,False,False,False,True,False,False,False,False,True,False,True,False,2466.75
0,37,101.9,3545.35,1,False,False,False,True,False,True,True,False,False,False,False,True,False,True,False,False,False,True,False,True,False,False,True,False,False,False,3770.3
0,2,54.45,87.3,0,True,False,False,True,False,False,False,False,False,True,False,False,False,False,False,True,False,False,False,False,False,False,True,False,False,True,108.9
1,49,88.2,4159.45,0,True,True,False,True,False,True,True,False,False,True,False,True,False,True,False,False,False,False,False,False,False,False,True,False,True,False,4321.8
1,24,78.85,1772.25,1,True,True,False,True,False,True,True,False,False,True,False,False,False,False,False,False,False,False,False,False,False,False,True,False,True,False,1892.3999999999999
0,29,55.25,1620.2,0,False,False,False,True,False,True,False,False,False,False,False,True,False,False,False,False,False,False,False,False,True,False,True,False,True,False,1602.25
0,1,44.7,44.7,1,True,True,False,True,False,False,False,False,False,False,False,False,False,False,False,False,False,False,False,False,False,False,False,True,False,False,44.7
0,72,109.95,7852.4,0,True,True,False,True,False,True,True,False,False,True,False,True,False,False,False,True,False,True,False,True,False,True,True,True,False,False,7916.400000000001
0,11,64.05,733.95,0,False,False,False,True,False,False,False,False,False,True,False,False,False,True,False,False,False,False,False,True,False,False,False,False,False,False,704.55
0,7,69.0,506.9,1,False,True,True,True,False,False,True,False,False,False,False,False,False,False,False,False,False,False,False,False,False,False,True,False,True,False,483.0
0,59,20.6,1286.0,0,False,True,True,True,False,False,False,True,True,False,True,False,True,False,True,False,True,False,True,False,False,True,False,False,False,True,1215.4
0,68,55.9,3848.8,0,False,True,False,True,False,False,False,False,False,True,False,False,False,False,False,True,False,False,False,False,True,False,False,False,False,False,3801.2
0,67,94.1,6302.8,0,False,True,True,True,False,True,True,False,False,False,False,True,False,False,False,True,False,True,False,False,False,True,False,True,False,False,6304.7
1,2,79.2,172.85,1,False,True,False,True,False,True,True,False,False,False,False,False,False,True,False,False,False,False,False,False,False,False,False,False,True,False,158.4
1,31,90.7,2845.15,0,True,False,False,True,False,True,True,False,False,False,False,True,False,False,False,False,False,True,False,False,False,False,True,False,True,False,2811.7000000000003
0,16,64.25,1024.0,0,True,True,True,True,False,False,False,False,False,True,False,False,False,True,False,False,False,True,False,False,False,True,False,False,False,True,1028.0
0,1,80.15,80.15,1,False,False,False,True,False,False,True,False,False,False,False,False,False,False,False,False,False,False,False,True,False,False,False,True,False,False,80.15
0,17,93.85,1625.65,1,True,False,False,True,False,False,True,False,False,True,False,False,False,False,False,False,False,True,False,True,False,False,False,False,True,False,1595.4499999999998
1,7,89.15,574.35,0,False,False,False,True,False,False,True,False,False,False,False,False,False,False,False,False,False,True,False,True,False,False,True,False,True,False,624.0500000000001
0,1,20.95,20.95,0,True,False,False,True,False,False,False,True,True,False,True,False,True,False,True,False,True,False,True,False,False,False,False,False,False,False,20.95
0,10,36.25,374.0,0,False,False,False,False,True,False,False,False,False,False,False,True,False,False,False,True,False,False,False,False,False,False,False,False,True,False,362.5
0,2,90.35,190.5,0,False,True,False,True,False,False,True,False,False,True,False,True,False,False,False,False,False,True,False,False,False,False,False,False,True,False,180.7
0,59,90.3,5194.05,0,False,True,True,True,False,True,False,False,False,True,False,True,False,True,False,True,False,True,False,True,False,True,False,True,False,False,5327.7
1,3,75.05,256.25,1,False,False,False,True,False,True,True,False,False,False,False,False,False,False,False,False,False,False,False,False,False,False,True,True,False,False,225.14999999999998
0,72,85.1,6155.4,0,False,True,False,True,False,False,False,False,False,True,False,True,False,True,False,True,False,True,False,True,False,True,False,False,False,True,6127.2
0,22,89.05,1886.25,0,False,False,False,True,False,False,True,False,False,True,False,False,False,False,False,True,False,False,False,True,False,False,True,False,True,False,1959.1
0,13,50.55,610.75,0,True,False,False,True,False,False,False,False,False,False,False,False,False,False,False,True,False,False,False,False,False,False,True,False,False,True,657.15
0,10,45.25,428.7,0,False,False,False,True,False,False,False,False,False,False,False,False,False,False,False,False,False,False,False,False,False,False,False,False,False,True,452.5
0,35,46.35,1662.05,0,False,True,True,False,True,False,False,False,False,True,False,False,False,False,False,True,False,True,False,False,False,True,True,True,False,False,1622.25
0,71,99.0,6994.6,0,True,True,False,True,False,True,True,False,False,True,False,True,False,True,False,False,False,True,False,False,False,True,True,False,True,False,7029.0
1,32,74.9,2303.35,1,True,True,False,True,False,True,True,False,False,False,False,False,False,False,False,False,False,False,False,False,False,False,True,False,True,False,2396.8
0,5,55.8,274.35,0,True,False,False,True,False,False,False,False,False,True,False,False,False,True,False,False,False,False,False,False,False,False,True,False,False,True,279.0
1,31,84.85,2633.4,0,False,True,False,True,False,True,True,False,False,False,False,False,False,False,False,False,False,False,False,True,False,False,True,False,True,False,2630.35
0,46,45.2,2065.15,0,True,False,False,True,False,False,False,False,False,False,False,False,False,False,False,False,False,False,False,False,False,False,True,True,False,False,2079.2000000000003
1,20,79.15,1520.9,1,False,False,False,True,False,True,True,False,False,True,False,False,False,False,False,False,False,False,False,False,False,False,True,False,True,False,1583.0
0,10,79.85,797.25,0,True,False,False,True,False,True,True,False,False,False,False,True,False,False,False,False,False,False,False,False,False,False,False,False,True,False,798.5
0,47,107.35,5118.95,1,True,True,True,True,False,True,True,False,False,False,False,False,False,True,False,True,False,True,False,True,False,False,True,False,False,False,5045.45
0,23,90.15,2044.95,0,False,True,False,True,False,True,True,False,False,False,False,False,False,True,False,False,False,False,False,True,False,False,False,False,False,True,2073.4500000000003
0,21,94.3,1948.35,0,False,True,False,True,False,True,True,False,False,False,False,False,False,False,False,False,False,True,False,True,False,False,True,False,True,False,1980.3
0,63,90.05,5817.0,0,False,False,False,True,False,False,True,False,False,False,False,False,False,True,False,True,False,True,False,False,True,False,True,True,False,False,5673.15
1,2,50.15,115.1,1,False,True,False,True,False,False,False,False,False,False,False,True,False,False,False,False,False,False,False,False,False,False,False,True,False,False,100.3
0,5,19.95,109.6,0,False,False,False,True,False,False,False,True,True,False,True,False,True,False,True,False,True,False,True,False,False,False,False,False,False,True,99.75
1,4,80.25,303.7,0,False,False,False,True,False,True,True,False,False,True,False,False,False,False,False,False,False,False,False,False,False,False,True,False,True,False,321.0
0,52,66.25,3330.1,0,False,True,False,False,True,False,False,False,False,True,False,True,False,True,False,True,False,True,False,True,False,True,False,True,False,False,3445.0
0,26,19.6,471.85,0,True,False,False,True,False,False,False,True,True,False,True,False,True,False,True,False,True,False,True,False,True,False,True,False,False,False,509.6
1,2,70.2,115.95,1,False,False,False,True,False,False,True,False,False,False,False,False,False,False,False,False,False,False,False,False,False,False,True,False,False,False,140.4
0,1,20.15,20.15,0,False,False,False,True,False,False,False,True,True,False,True,False,True,False,True,False,True,False,True,False,False,False,False,False,False,True,20.15
0,44,54.3,2390.45,0,True,True,False,False,True,False,False,False,False,False,False,True,False,True,False,False,False,True,False,True,False,True,False,False,False,False,2389.2
0,2,25.05,56.35,1,True,False,False,False,True,False,False,False,False,False,False,False,False,False,False,False,False,False,False,False,False,False,True,False,True,False,50.1
0,2,19.85,52.0,0,False,True,False,True,False,False,False,True,True,False,True,False,True,False,True,False,True,False,True,False,False,False,False,False,False,False,39.7
0,33,107.55,3645.5,0,False,False,False,True,False,True,True,False,False,False,False,True,False,True,False,False,False,True,False,True,False,False,False,False,True,False,3549.15
0,30,95.0,2852.4,0,True,False,False,True,False,True,True,False,False,True,False,True,False,True,False,True,False,False,False,False,False,False,True,True,False,False,2850.0
1,14,100.2,1369.8,1,False,True,False,True,False,True,True,False,False,False,False,True,False,False,False,False,False,True,False,True,False,False,True,False,True,False,1402.8
0,1,19.6,19.6,1,True,False,False,True,False,False,False,True,True,False,True,False,True,False,True,False,True,False,True,False,False,False,True,False,False,True,19.6
0,12,94.55,1173.55,0,True,False,False,True,False,True,True,False,False,False,False,False,False,False,False,False,False,True,False,True,False,False,False,False,True,False,1134.6
0,41,89.2,3645.75,0,True,False,False,True,False,True,True,False,False,False,False,True,False,False,False,False,False,True,False,False,False,False,True,False,True,False,3657.2000000000003
0,9,102.6,897.75,0,True,True,True,True,False,True,True,False,False,False,False,True,False,True,False,False,False,True,False,True,False,False,True,True,False,False,923.4
1,69,110.25,7467.55,0,False,False,False,True,False,True,True,False,False,True,False,False,False,True,False,True,False,True,False,True,False,True,False,True,False,False,7607.25
0,1,79.9,79.9,1,True,False,False,True,False,False,True,False,False,False,False,False,False,False,False,False,False,False,False,True,False,False,False,False,True,False,79.9
0,2,20.0,38.0,0,True,True,False,True,False,False,False,True,True,False,True,False,True,False,True,False,True,False,True,False,False,False,False,False,False,True,40.0
0,2,49.4,106.55,1,False,False,False,True,False,True,False,False,False,False,False,False,False,False,False,False,False,False,False,False,False,False,True,False,True,False,98.8
0,30,55.65,1653.85,0,True,False,False,True,False,False,False,False,False,True,False,False,False,True,False,False,False,False,False,False,False,True,True,False,False,True,1669.5
0,51,93.5,4619.55,0,False,True,False,True,False,False,True,False,False,True,False,True,False,True,False,False,False,True,False,False,True,False,True,False,True,False,4768.5
1,50,100.65,5189.75,0,False,True,False,True,False,True,True,False,False,False,False,False,False,False,False,True,False,True,False,True,True,False,True,False,True,False,5032.5
0,69,24.25,1641.8,0,False,True,False,True,False,True,False,True,True,False,True,False,True,False,True,False,True,False,True,False,False,True,False,False,False,False,1673.25
0,70,110.5,7752.05,0,False,True,False,True,False,True,True,False,False,False,False,True,False,True,False,True,False,True,False,True,False,True,True,False,True,False,7735.0
0,52,61.35,3169.55,0,True,True,False,True,False,True,False,False,False,False,False,True,False,False,False,True,False,False,False,False,False,False,False,False,False,False,3190.2000000000003
0,18,49.4,874.8,1,True,False,False,True,False,False,False,False,False,True,False,False,False,False,False,False,False,False,False,False,False,False,False,False,True,False,889.1999999999999
0,46,89.15,4245.55,0,True,False,False,True,False,True,True,False,False,True,False,False,False,False,False,False,False,True,False,False,False,False,True,True,False,False,4100.900000000001
0,55,19.35,1153.25,0,True,True,True,True,False,False,False,True,True,False,True,False,True,False,True,False,True,False,True,False,False,True,False,False,False,False,1064.25
1,5,75.55,349.65,1,False,False,False,True,False,False,True,False,False,False,False,False,False,True,False,False,False,False,False,False,False,False,True,True,False,False,377.75
1,3,86.85,220.95,1,False,False,False,True,False,False,True,False,False,False,False,False,False,True,False,False,False,True,False,False,False,False,True,False,True,False,260.54999999999995
0,6,18.95,110.15,0,True,False,False,True,False,False,False,True,True,False,True,False,True,False,True,False,True,False,True,False,False,False,False,False,False,True,113.69999999999999
0,70,84.1,5979.7,0,True,True,True,True,False,True,False,False,False,False,False,True,False,True,False,True,False,True,False,True,False,True,True,False,True,False,5887.0
0,59,72.1,4194.85,0,False,True,True,True,False,True,False,False,False,False,False,False,False,True,False,True,False,True,False,False,False,True,True,False,False,False,4253.9
0,40,54.55,2236.2,0,False,False,False,False,True,False,False,False,False,True,False,False,False,False,False,True,False,True,False,True,True,False,True,False,False,False,2182.0
0,71,19.9,1355.1,0,True,False,False,True,False,False,False,True,True,False,True,False,True,False,True,False,True,False,True,False,False,True,True,True,False,False,1412.8999999999999
0,5,80.1,398.55,0,True,False,False,True,False,False,True,False,False,False,False,False,False,False,False,False,False,True,False,False,False,False,True,False,False,True,400.5
0,10,85.95,858.6,0,False,True,True,True,False,True,True,False,False,False,False,False,False,False,False,False,False,False,False,True,False,False,False,False,True,False,859.5
1,65,107.45,7047.5,0,False,True,True,True,False,True,True,False,False,False,False,True,False,True,False,False,False,True,False,True,True,False,True,False,True,False,6984.25
0,5,24.3,100.2,0,True,False,False,False,True,False,False,False,False,False,False,False,False,False,False,False,False,False,False,False,False,False,False,False,False,True,121.5
0,1,49.9,49.9,0,True,False,True,True,False,False,False,False,False,False,False,True,False,False,False,False,False,False,False,False,False,False,True,False,True,False,49.9
0,57,19.4,1061.6,0,True,True,True,True,False,False,False,True,True,False,True,False,True,False,True,False,True,False,True,False,True,False,False,False,False,True,1105.8
0,62,81.0,4985.9,0,False,True,False,True,False,False,False,False,False,True,False,False,False,True,False,True,False,True,False,True,False,True,False,False,False,True,5022.0
1,30,69.1,2093.9,0,True,False,False,True,False,True,False,False,False,False,False,False,False,True,False,True,False,True,False,False,False,True,True,True,False,False,2073.0
0,29,33.75,1009.25,0,True,True,False,False,True,False,False,False,False,False,False,False,False,False,False,False,False,True,False,False,False,False,False,False,False,True,978.75
0,56,24.95,1468.9,0,False,True,True,True,False,True,False,True,True,False,True,False,True,False,True,False,True,False,True,False,False,True,True,True,False,False,1397.2
0,58,45.0,2689.35,0,True,True,False,False,True,False,False,False,False,False,False,False,False,False,False,False,False,True,False,True,True,False,True,True,False,False,2610.0
1,35,73.0,2471.25,0,True,False,False,True,False,False,False,False,False,False,False,False,False,True,False,True,False,True,False,True,True,False,True,False,True,False,2555.0
0,67,104.6,6885.75,0,True,True,True,True,False,True,True,False,False,True,False,False,False,False,False,True,False,True,False,True,False,True,False,False,False,False,7008.2
0,70,84.8,5917.55,0,False,True,False,True,False,True,False,False,False,False,False,True,False,True,False,True,False,True,False,True,False,True,True,False,False,False,5936.0
0,24,56.25,1454.25,0,True,True,True,True,False,False,False,False,False,True,False,False,False,True,False,False,False,False,False,False,True,False,True,True,False,False,1350.0
0,34,56.95,1889.5,0,True,False,False,True,False,False,False,False,False,True,False,False,False,True,False,False,False,False,False,False,True,False,False,False,False,True,1936.3000000000002
1,71,99.65,6951.15,0,False,False,False,True,False,True,True,False,False,False,False,True,False,False,False,False,False,True,False,True,False,False,True,True,False,False,7075.150000000001
1,4,83.25,308.05,0,False,True,False,True,False,True,True,False,False,False,False,False,False,False,False,False,False,True,False,False,False,False,True,False,True,False,333.0
0,12,80.85,866.45,1,True,True,False,True,False,False,True,False,False,True,False,False,False,False,False,True,False,False,False,False,False,False,False,False,False,False,970.1999999999999
0,15,51.55,765.5,1,True,False,False,True,False,True,False,False,False,False,False,False,False,False,False,False,False,False,False,False,False,False,False,False,True,False,773.25
0,46,24.9,1174.8,0,True,True,True,True,False,True,False,True,True,False,True,False,True,False,True,False,True,False,True,False,True,False,False,False,True,False,1145.3999999999999
0,44,61.9,2924.05,0,True,True,True,True,False,False,False,False,False,False,False,True,False,True,False,True,False,False,False,False,False,False,True,False,False,True,2723.6
0,40,102.65,4108.15,0,True,False,False,True,False,True,True,False,False,False,False,True,False,True,False,False,False,True,False,True,False,False,True,False,False,True,4106.0
1,14,104.85,1531.4,1,False,False,False,True,False,True,True,False,False,False,False,True,False,True,False,False,False,True,False,True,False,False,True,False,True,False,1467.8999999999999
1,68,60.65,3975.9,0,False,True,False,True,False,False,False,False,False,False,False,True,False,True,False,True,False,False,False,False,True,False,True,False,False,False,4124.2
0,33,61.05,2018.4,0,True,True,False,True,False,False,False,False,False,True,False,True,False,False,False,True,False,False,False,False,False,True,True,False,False,True,2014.6499999999999
0,29,20.0,540.05,0,False,True,True,True,False,False,False,True,True,False,True,False,True,False,True,False,True,False,True,False,True,False,False,False,True,False,580.0
0,59,107.0,6152.3,0,False,True,False,True,False,True,True,False,False,True,False,True,False,True,False,True,False,False,False,True,True,False,True,True,False,False,6313.0
0,25,74.3,1952.25,0,True,False,False,True,False,False,True,False,False,True,False,False,False,False,False,False,False,False,False,False,False,False,False,False,False,False,1857.5
0,7,69.2,477.55,0,False,True,False,True,False,False,True,False,False,False,False,False,False,False,False,False,False,False,False,False,False,False,True,False,False,False,484.40000000000003
1,16,69.65,1043.3,0,True,False,False,True,False,False,True,False,False,False,False,False,False,False,False,False,False,False,False,False,False,False,False,False,True,False,1114.4
0,38,74.05,2802.3,0,True,True,True,True,False,False,False,False,False,True,False,True,False,True,False,True,False,True,False,False,True,False,False,False,True,False,2813.9
0,10,67.8,653.15,0,False,True,False,True,False,False,False,False,False,False,False,False,False,True,False,False,False,True,False,True,False,False,True,True,False,False,678.0
0,69,19.9,1363.45,0,True,True,False,True,False,False,False,True,True,False,True,False,True,False,True,False,True,False,True,False,False,True,False,False,False,True,1373.1
1,54,55.45,2966.95,0,True,False,False,False,True,False,False,False,False,False,False,True,False,True,False,False,False,True,False,True,True,False,True,False,True,False,2994.3
0,53,84.6,4449.75,0,False,False,True,True,False,True,False,False,False,False,False,True,False,True,False,True,False,True,False,True,True,False,True,False,True,False,4483.799999999999
0,1,19.9,19.9,1,True,True,True,True,False,False,False,True,True,False,True,False,True,False,True,False,True,False,True,False,False,False,False,False,False,True,19.9
0,41,74.65,3090.65,0,False,False,False,True,False,True,False,False,False,True,False,False,False,True,False,True,False,False,False,True,False,False,True,False,False,False,3060.65
0,31,20.1,589.25,0,False,False,True,True,False,False,False,True,True,False,True,False,True,False,True,False,True,False,True,False,True,False,False,True,False,False,623.1
1,20,107.05,2172.05,0,True,True,False,True,False,True,True,False,False,False,False,True,False,False,False,True,False,True,False,True,False,False,False,False,True,False,2141.0
0,19,25.35,566.1,0,True,False,True,False,True,False,False,False,False,False,False,False,False,False,False,False,False,False,False,False,False,False,True,True,False,False,481.65000000000003
0,50,75.7,3876.2,0,False,True,False,True,False,True,False,False,False,False,False,False,False,True,False,False,False,True,False,True,True,False,False,False,False,False,3785.0
0,27,19.7,509.3,0,True,False,True,True,False,False,False,True,True,False,True,False,True,False,True,False,True,False,True,False,False,True,False,True,False,False,531.9
0,54,109.75,6110.2,1,True,True,False,True,False,False,True,False,False,True,False,True,False,True,False,True,False,True,False,True,False,True,False,False,False,False,5926.5
1,42,95.05,3944.5,0,False,True,False,True,False,True,True,False,False,False,False,False,False,False,False,False,False,True,False,True,False,False,True,False,True,False,3992.1
0,1,19.0,19.0,0,False,True,True,True,False,False,False,True,True,False,True,False,True,False,True,False,True,False,True,False,False,False,True,False,False,True,19.0
0,12,19.2,239.0,0,True,True,True,True,False,False,False,True,True,False,True,False,True,False,True,False,True,False,True,False,False,False,True,False,True,False,230.39999999999998
0,49,100.6,5069.65,1,True,False,True,True,False,True,True,False,False,False,False,False,False,False,False,True,False,True,False,True,True,False,True,False,False,False,4929.4
0,27,69.05,1793.25,0,True,False,False,True,False,False,True,False,False,False,False,False,False,False,False,False,False,False,False,False,False,False,True,False,False,True,1864.35
0,24,19.55,470.2,0,False,False,False,True,False,False,False,True,True,False,True,False,True,False,True,False,True,False,True,False,False,True,True,False,False,False,469.20000000000005
0,67,105.4,6989.45,0,True,True,True,True,False,True,True,False,False,False,False,True,False,True,False,False,False,True,False,True,True,False,True,False,True,False,7061.8
0,2,45.4,80.95,0,False,False,False,True,False,False,False,False,False,False,False,False,False,False,False,False,False,False,False,False,False,False,True,False,True,False,90.8
0,72,114.1,8086.4,0,True,True,False,True,False,True,True,False,False,True,False,True,False,True,False,True,False,True,False,True,False,True,True,True,False,False,8215.199999999999
1,52,106.5,5621.85,0,False,True,False,True,False,True,True,False,False,False,False,True,False,True,False,False,False,True,False,True,True,False,True,False,True,False,5538.0
0,10,74.15,811.8,1,True,False,False,True,False,True,True,False,False,False,False,False,False,False,False,False,False,False,False,False,False,False,True,False,False,True,741.5
1,72,74.4,5360.75,0,True,True,False,True,False,False,False,False,False,True,False,True,False,True,False,True,False,True,False,False,False,True,False,False,False,False,5356.8
0,7,74.65,521.1,1,False,False,False,True,False,True,False,False,False,False,False,False,False,False,False,True,False,True,False,True,False,False,True,False,True,False,522.5500000000001
1,72,115.75,8399.15,0,True,True,True,True,False,True,True,False,False,True,False,True,False,True,False,True,False,True,False,True,False,True,True,True,False,False,8334.0
0,51,80.75,4116.9,0,False,True,True,True,False,True,True,False,False,False,False,False,False,False,False,True,False,False,False,False,False,False,True,False,True,False,4118.25
1,26,98.1,2510.7,0,False,True,False,True,False,True,True,False,False,False,False,False,False,True,False,False,False,True,False,True,False,False,True,False,False,False,2550.6
1,52,109.1,5647.95,0,False,True,False,True,False,True,True,False,False,True,False,True,False,True,False,False,False,True,False,True,False,False,True,False,True,False,5673.2
0,47,20.55,1013.05,0,True,False,True,True,False,False,False,True,True,False,True,False,True,False,True,False,True,False,True,False,True,False,False,True,False,False,965.85
0,36,18.55,689.0,0,True,False,False,True,False,False,False,True,True,False,True,False,True,False,True,False,True,False,True,False,False,True,True,True,False,False,667.8000000000001
0,3,19.85,63.75,1,False,False,False,True,False,False,False,True,True,False,True,False,True,False,True,False,True,False,True,False,False,False,False,False,False,True,59.550000000000004
1,1,71.25,71.25,0,False,False,False,True,False,False,True,False,False,False,False,False,False,False,False,False,False,False,False,False,False,False,True,False,True,False,71.25
1,12,43.65,526.95,1,True,False,False,False,True,False,False,False,False,False,False,False,False,True,False,True,False,False,False,True,False,False,True,False,True,False,523.8
0,72,111.9,8071.05,0,True,True,False,True,False,True,True,False,False,True,False,False,False,True,False,True,False,True,False,True,False,True,True,True,False,False,8056.8
0,12,20.05,265.45,0,True,False,False,True,False,False,False,True,True,False,True,False,True,False,True,False,True,False,True,False,False,False,False,True,False,False,240.60000000000002
1,1,95.1,95.1,1,True,True,False,True,False,True,True,False,False,False,False,False,False,False,False,False,False,True,False,True,False,False,True,False,True,False,95.1
0,30,70.4,2044.75,0,True,False,False,True,False,False,False,False,False,True,False,True,False,False,False,True,False,True,False,False,True,False,False,False,True,False,2112.0
0,42,49.55,2077.95,0,False,False,False,True,False,False,False,False,False,False,False,True,False,False,False,False,False,False,False,False,False,False,True,False,True,False,2081.1
0,3,69.35,191.35,1,True,False,False,True,False,False,False,False,False,False,False,False,False,False,False,True,False,True,False,True,False,False,True,False,True,False,208.04999999999998
1,13,89.05,1169.35,1,True,True,False,True,False,False,True,False,False,False,False,True,False,False,False,True,False,False,False,True,False,False,True,False,False,False,1157.6499999999999
0,12,100.15,1164.3,1,False,False,False,True,False,True,True,False,False,False,False,False,False,True,False,False,False,True,False,True,False,False,True,False,False,False,1201.8000000000002
1,57,100.6,5746.15,1,True,True,False,True,False,True,True,False,False,False,False,False,False,True,False,False,False,True,False,True,False,False,False,False,True,False,5734.2
1,32,85.0,2642.05,1,True,True,False,True,False,True,True,False,False,False,False,False,False,False,False,False,False,False,False,True,False,False,True,False,True,False,2720.0
0,68,76.9,5023.0,0,True,False,False,True,False,True,False,False,False,True,False,True,False,True,False,False,False,False,False,True,True,False,True,True,False,False,5229.200000000001
0,8,19.85,146.6,0,False,True,True,True,False,False,False,True,True,False,True,False,True,False,True,False,True,False,True,False,False,True,True,False,False,True,158.8
0,1,20.2,20.2,1,False,False,False,True,False,False,False,True,True,False,True,False,True,False,True,False,True,False,True,False,False,False,True,False,False,True,20.2
0,46,20.1,936.85,0,True,True,True,True,False,False,False,True,True,False,True,False,True,False,True,False,True,False,True,False,False,True,True,False,False,True,924.6
0,10,95.25,1021.55,0,True,False,False,True,False,True,True,False,False,False,False,True,False,True,False,False,False,False,False,True,False,False,True,False,True,False,952.5
1,4,29.9,118.25,0,True,True,False,False,True,False,False,False,False,False,False,False,False,True,False,False,False,False,False,False,False,False,True,False,True,False,119.6
1,1,46.3,46.3,0,True,False,False,True,False,False,False,False,False,False,False,False,False,False,False,False,False,False,False,False,False,False,False,False,True,False,46.3
1,4,84.6,360.1,1,False,False,False,True,False,True,True,False,False,False,False,False,False,False,False,False,False,False,False,True,False,False,True,False,True,False,338.4
0,68,19.6,1441.65,0,False,False,False,True,False,False,False,True,True,False,True,False,True,False,True,False,True,False,True,False,False,True,False,True,False,False,1332.8000000000002
0,58,94.35,5563.65,0,True,True,True,True,False,True,True,False,False,False,False,False,False,True,False,True,False,False,False,True,False,True,False,False,False,False,5472.299999999999
0,1,24.4,24.4,0,True,False,False,False,True,False,False,False,False,False,False,False,False,False,False,False,False,False,False,False,False,False,False,False,False,True,24.4
1,12,73.3,828.05,0,True,False,False,True,False,True,True,False,False,False,False,False,False,False,False,False,False,False,False,False,False,False,True,True,False,False,879.5999999999999
0,72,114.3,8058.55,0,True,True,True,True,False,True,True,False,False,True,False,True,False,True,False,True,False,True,False,True,False,True,True,True,False,False,8229.6
0,5,100.5,514.0,1,False,False,False,True,False,True,True,False,False,False,False,False,False,True,False,False,False,True,False,True,False,False,True,False,True,False,502.5
0,20,19.7,395.6,0,False,True,True,True,False,False,False,True,True,False,True,False,True,False,True,False,True,False,True,False,True,False,False,False,False,False,394.0
0,27,19.15,537.35,0,True,False,True,True,False,False,False,True,True,False,True,False,True,False,True,False,True,False,True,False,False,False,False,False,False,True,517.05
0,31,84.75,2613.4,0,False,False,False,True,False,True,True,False,False,True,False,False,False,True,False,False,False,False,False,False,False,False,True,True,False,False,2627.25
0,70,97.65,6982.5,0,False,True,False,True,False,True,True,False,False,False,False,False,False,True,False,False,False,True,False,True,True,False,True,False,True,False,6835.5
0,67,69.35,4653.25,0,True,True,True,True,False,True,False,False,False,True,False,True,False,True,False,True,False,False,False,False,True,False,True,True,False,False,4646.45
0,3,50.4,137.25,0,True,False,False,True,False,True,False,False,False,False,False,False,False,False,False,False,False,False,False,False,False,False,False,False,False,False,151.2
0,1,20.2,20.2,1,True,False,False,True,False,False,False,True,True,False,True,False,True,False,True,False,True,False,True,False,False,False,False,False,False,True,20.2
0,28,54.4,1516.6,0,True,False,True,True,False,False,False,False,False,False,False,True,False,False,False,True,False,False,False,False,True,False,True,True,False,False,1523.2
0,29,19.85,535.05,0,True,False,True,True,False,False,False,True,True,False,True,False,True,False,True,False,True,False,True,False,True,False,False,False,False,True,575.6500000000001
0,4,75.35,338.1,1,False,False,False,True,False,True,True,False,False,False,False,False,False,False,False,False,False,False,False,False,False,False,False,False,True,False,301.4
0,50,79.6,4024.2,0,False,False,False,True,False,True,False,False,False,False,False,True,False,False,False,True,False,True,False,True,False,True,True,False,False,True,3979.9999999999995
1,34,64.2,2106.3,0,False,True,False,True,False,False,False,False,False,False,False,False,False,True,False,True,False,True,False,False,True,False,False,False,False,False,2182.8
0,67,89.55,6038.55,0,True,True,True,True,False,True,True,False,False,True,False,True,False,False,False,True,False,False,False,False,True,False,False,False,True,False,5999.849999999999
0,72,103.95,7517.7,0,True,True,True,True,False,True,True,False,False,True,False,True,False,True,False,True,False,False,False,True,False,True,False,True,False,False,7484.400000000001
1,4,99.6,347.65,1,False,True,False,True,False,True,True,False,False,True,False,False,False,False,False,False,False,True,False,True,False,False,True,False,True,False,398.4
1,7,84.35,609.65,0,False,False,False,True,False,False,True,False,False,False,False,False,False,True,False,False,False,True,False,False,False,False,True,False,True,False,590.4499999999999
0,47,103.7,4730.6,0,False,False,False,True,False,False,True,False,False,True,False,False,False,True,False,True,False,True,False,True,True,False,True,False,True,False,4873.900000000001
0,11,51.0,581.7,0,False,True,True,True,False,False,False,False,False,True,False,False,False,False,False,False,False,False,False,False,False,False,False,False,False,False,561.0
0,40,104.8,4131.95,1,True,False,False,True,False,True,True,False,False,False,False,False,False,True,False,True,False,True,False,True,False,False,False,False,False,False,4192.0
1,40,101.85,4086.3,1,True,True,False,True,False,True,True,False,False,True,False,False,False,False,False,False,False,True,False,True,False,False,False,False,True,False,4074.0
0,41,19.75,806.95,0,False,False,False,True,False,False,False,True,True,False,True,False,True,False,True,False,True,False,True,False,True,False,True,False,False,True,809.75
0,31,94.5,2979.2,0,True,False,False,True,False,False,True,False,False,False,False,True,False,False,False,False,False,True,False,True,False,False,True,False,True,False,2929.5
0,62,23.4,1429.65,0,True,False,False,True,False,True,False,True,True,False,True,False,True,False,True,False,True,False,True,False,False,True,False,False,False,False,1450.8
0,61,103.95,6423.0,0,False,False,False,True,False,True,True,False,False,False,False,True,False,True,False,False,False,True,False,True,True,False,True,False,True,False,6340.95
0,67,36.15,2434.45,0,False,True,True,False,True,False,False,False,False,True,False,True,False,False,False,False,False,False,False,False,False,True,False,False,False,False,2422.0499999999997
1,72,24.3,1778.7,0,False,True,False,True,False,True,False,True,True,False,True,False,True,False,True,False,True,False,True,False,False,True,False,False,False,False,1749.6000000000001
0,62,38.6,2345.55,0,True,True,False,False,True,False,False,False,False,True,False,True,False,False,False,True,False,False,False,False,False,True,True,True,False,False,2393.2000000000003
1,2,69.6,131.65,1,False,False,False,True,False,False,True,False,False,False,False,False,False,False,False,False,False,False,False,False,False,False,True,False,True,False,139.2
0,59,100.05,6034.85,0,False,True,False,True,False,False,True,False,False,False,False,True,False,False,False,True,False,True,False,True,False,True,True,False,False,True,5902.95
0,4,56.4,234.85,0,True,False,False,True,False,False,False,False,False,False,False,False,False,False,False,False,False,True,False,False,False,False,True,False,True,False,225.6
0,72,90.25,6369.45,0,True,True,False,True,False,True,False,False,False,True,False,True,False,True,False,True,False,True,False,True,False,True,True,True,False,False,6498.0
0,70,64.95,4551.5,0,True,False,True,True,False,True,False,False,False,True,False,True,False,False,False,True,False,False,False,False,True,False,False,False,False,False,4546.5
0,71,24.5,1816.2,0,True,True,False,True,False,True,False,True,True,False,True,False,True,False,True,False,True,False,True,False,False,True,True,False,True,False,1739.5
0,38,99.25,3777.15,1,True,False,True,True,False,True,True,False,False,False,False,False,False,True,False,False,False,True,False,True,False,False,True,False,False,False,3771.5
1,19,90.6,1660.0,1,True,False,False,True,False,True,True,False,False,True,False,False,False,False,False,False,False,True,False,False,False,False,True,False,True,False,1721.3999999999999
0,3,70.3,208.85,1,True,True,False,True,False,False,True,False,False,False,False,False,False,False,False,False,False,False,False,False,False,False,True,False,True,False,210.89999999999998
0,4,58.5,224.85,0,False,True,True,True,False,True,False,False,False,False,False,True,False,False,False,True,False,False,False,False,False,False,True,False,False,True,234.0
0,4,46.0,193.6,1,False,False,False,True,False,False,False,False,False,False,False,False,False,False,False,False,False,False,False,False,False,False,True,False,False,True,184.0
0,18,95.15,1779.95,1,True,True,True,True,False,False,True,False,False,False,False,False,False,True,False,False,False,True,False,True,False,False,False,False,False,True,1712.7
0,51,24.6,1266.4,0,True,False,False,True,False,True,False,True,True,False,True,False,True,False,True,False,True,False,True,False,True,False,True,False,False,False,1254.6000000000001
0,13,84.6,1115.2,1,False,False,False,True,False,True,True,False,False,False,False,False,False,False,False,False,False,False,False,True,False,False,True,False,True,False,1099.8
0,3,80.35,253.8,0,True,False,False,True,False,False,True,False,False,False,False,False,False,False,False,False,False,False,False,True,False,False,True,False,True,False,241.04999999999998
1,10,84.6,865.55,1,False,False,False,True,False,False,True,False,False,False,False,False,False,True,False,False,False,False,False,True,False,False,True,True,False,False,846.0
0,61,99.4,5943.65,0,True,True,False,True,False,True,True,False,False,True,False,False,False,True,False,True,False,True,False,False,False,False,False,False,False,False,6063.400000000001
0,12,19.8,202.25,0,True,True,False,True,False,False,False,True,True,False,True,False,True,False,True,False,True,False,True,False,True,False,False,False,False,False,237.60000000000002
0,31,35.4,1077.5,1,True,True,True,False,True,False,False,False,False,True,False,False,False,False,False,True,False,False,False,False,False,False,False,False,False,False,1097.3999999999999
0,1,20.05,20.05,0,True,False,False,True,False,False,False,True,True,False,True,False,True,False,True,False,True,False,True,False,False,False,True,False,False,True,20.05
0,72,65.55,4807.45,0,True,False,False,False,True,False,False,False,False,True,False,True,False,True,False,True,False,True,False,True,False,True,True,False,False,False,4719.599999999999
1,14,90.45,1266.1,1,True,False,False,True,False,False,True,False,False,False,False,False,False,False,False,False,False,True,False,True,False,False,False,True,False,False,1266.3
0,11,80.5,896.9,1,True,True,False,True,False,True,True,False,False,False,False,True,False,False,False,False,False,False,False,False,False,False,True,False,False,False,885.5
1,56,94.8,5264.3,0,True,False,True,True,False,False,True,False,False,True,False,False,False,False,False,False,False,True,False,True,True,False,False,True,False,False,5308.8
0,31,81.15,2640.55,0,True,False,False,True,False,True,True,False,False,False,False,True,False,False,False,False,False,False,False,False,False,False,True,False,True,False,2515.65
0,4,19.65,67.55,0,True,False,False,True,False,False,False,True,True,False,True,False,True,False,True,False,True,False,True,False,False,False,True,False,False,True,78.6
1,21,64.95,1339.8,0,True,True,False,True,False,False,False,False,False,True,False,True,False,False,False,False,False,False,False,True,False,False,True,False,False,False,1363.95
0,22,20.75,452.35,0,False,True,True,True,False,False,False,True,True,False,True,False,True,False,True,False,True,False,True,False,True,False,False,False,False,False,456.5
0,1,69.75,69.75,1,True,False,True,True,False,False,True,False,False,False,False,False,False,False,False,False,False,False,False,False,False,False,False,False,False,False,69.75
1,23,90.45,2117.25,0,True,True,False,True,False,False,True,False,False,False,False,False,False,False,False,False,False,True,False,True,False,False,True,False,True,False,2080.35
0,29,39.5,1082.75,0,False,False,False,False,True,False,False,False,False,True,False,True,False,False,False,True,False,False,False,False,True,False,False,True,False,False,1145.5
1,47,59.6,2754.0,0,True,False,False,True,False,True,False,False,False,False,False,True,False,False,False,True,False,False,False,False,False,True,False,False,False,False,2801.2000000000003
1,65,109.4,7227.45,0,False,True,False,True,False,True,True,False,False,True,False,True,False,True,False,False,False,True,False,True,False,False,True,True,False,False,7111.0
0,1,29.9,29.9,0,False,False,False,False,True,False,False,False,False,True,False,False,False,False,False,False,False,False,False,False,False,False,False,False,False,True,29.9
0,8,54.4,475.1,0,True,True,True,True,False,False,False,False,False,False,False,False,False,False,False,False,False,True,False,False,False,False,True,False,True,False,435.2
0,24,83.15,2033.05,0,False,True,True,True,False,True,True,False,False,False,False,True,False,True,False,False,False,False,False,False,True,False,False,False,False,False,1995.6000000000001
1,9,83.85,790.15,1,True,False,False,True,False,True,True,False,False,False,False,False,False,False,False,False,False,False,False,True,False,False,True,False,True,False,754.65
1,5,50.35,237.25,1,True,False,False,True,False,False,False,False,False,False,False,False,False,True,False,False,False,False,False,False,False,False,False,False,True,False,251.75
1,25,89.7,2187.55,1,False,False,False,True,False,True,True,False,False,False,False,True,False,False,False,False,False,False,False,True,False,False,True,False,True,False,2242.5
0,2,68.95,119.75,1,False,False,False,True,False,False,True,False,False,False,False,False,False,False,False,False,False,False,False,False,False,False,False,False,True,False,137.9
0,6,19.7,94.45,0,False,True,True,True,False,False,False,True,True,False,True,False,True,False,True,False,True,False,True,False,True,False,False,False,False,True,118.19999999999999
0,41,19.5,798.2,0,True,True,True,True,False,False,False,True,True,False,True,False,True,False,True,False,True,False,True,False,True,False,False,False,False,False,799.5
0,11,44.65,472.25,0,False,False,False,True,False,False,False,False,False,False,False,False,False,False,False,False,False,False,False,False,False,False,True,False,False,True,491.15
1,29,99.05,2952.85,1,False,True,False,True,False,True,True,False,False,False,False,False,False,True,False,False,False,True,False,True,False,False,True,False,False,False,2872.45
0,30,19.55,608.5,0,False,True,True,True,False,False,False,True,True,False,True,False,True,False,True,False,True,False,True,False,True,False,False,False,False,False,586.5
0,72,116.4,8543.25,0,False,True,True,True,False,True,True,False,False,True,False,True,False,True,False,True,False,True,False,True,False,True,True,True,False,False,8380.800000000001
0,70,97.55,6669.05,0,True,True,True,True,False,True,True,False,False,True,False,True,False,False,False,False,False,True,False,False,False,False,True,True,False,False,6828.5
0,25,54.1,1373.0,0,False,True,False,True,False,True,False,False,False,False,False,True,False,False,False,False,False,False,False,False,False,False,False,False,True,False,1352.5
0,12,29.2,309.1,1,False,True,True,False,True,False,False,False,False,False,False,True,False,False,False,False,False,False,False,False,False,False,False,False,False,True,350.4
0,12,19.7,220.35,0,False,False,False,True,False,False,False,True,True,False,True,False,True,False,True,False,True,False,True,False,False,False,False,False,False,True,236.39999999999998
0,63,107.5,6873.75,1,False,True,False,True,False,True,True,False,False,False,False,True,False,True,False,False,False,True,False,True,True,False,True,False,True,False,6772.5
0,47,98.75,4533.7,1,False,True,False,True,False,True,True,False,False,True,False,True,False,True,False,False,False,True,False,False,False,False,True,False,True,False,4641.25
0,72,99.15,7422.1,0,True,True,False,True,False,True,True,False,False,True,False,True,False,True,False,False,False,False,False,True,False,True,True,False,True,False,7138.8
0,18,50.3,908.75,0,False,True,False,True,False,False,False,False,False,False,False,False,False,False,False,True,False,False,False,False,False,False,True,False,False,True,905.4
0,71,84.8,6046.1,0,False,True,False,True,False,False,False,False,False,True,False,True,False,True,False,True,False,True,False,True,True,False,True,False,False,False,6020.8
0,1,75.3,75.3,1,True,False,False,True,False,True,True,False,False,False,False,False,False,False,False,False,False,False,False,False,False,False,True,False,True,False,75.3
0,42,54.5,2301.15,0,True,True,True,True,False,False,False,False,False,True,False,True,False,False,False,False,False,False,False,False,False,False,False,False,False,True,2289.0
0,19,89.1,1620.8,0,False,True,False,True,False,True,True,False,False,False,False,True,False,False,False,False,False,False,False,True,False,False,True,False,True,False,1692.8999999999999
0,72,104.9,7732.65,0,True,True,True,True,False,True,True,False,False,True,False,True,False,True,False,True,False,False,False,True,False,True,True,True,False,False,7552.8
0,70,113.65,7939.25,0,False,False,False,True,False,True,True,False,False,True,False,True,False,True,False,True,False,True,False,True,False,True,True,False,False,False,7955.5
1,56,72.6,4084.35,0,False,True,True,True,False,False,False,False,False,True,False,False,False,False,False,True,False,True,False,True,False,True,True,True,False,False,4065.5999999999995
0,46,45.55,2062.15,0,False,True,False,False,True,False,False,False,False,True,False,True,False,False,False,False,False,True,False,False,False,False,False,False,True,False,2095.2999999999997
0,2,20.1,43.15,0,False,True,False,True,False,False,False,True,True,False,True,False,True,False,True,False,True,False,True,False,False,False,False,False,False,False,40.2
0,72,108.3,7679.65,0,False,True,True,True,False,False,True,False,False,True,False,True,False,True,False,True,False,True,False,True,False,True,True,False,False,False,7797.599999999999
1,69,84.9,5785.65,0,True,True,False,True,False,True,True,False,False,True,False,True,False,False,False,False,False,False,False,False,False,False,True,True,False,False,5858.1
0,1,19.9,19.9,0,False,False,False,True,False,False,False,True,True,False,True,False,True,False,True,False,True,False,True,False,False,False,False,False,False,False,19.9
0,53,20.8,1021.8,1,False,True,False,True,False,False,False,True,True,False,True,False,True,False,True,False,True,False,True,False,True,False,False,False,False,False,1102.4
0,29,20.0,599.3,0,False,False,False,True,False,False,False,True,True,False,True,False,True,False,True,False,True,False,True,False,True,False,False,False,False,True,580.0
0,35,49.2,1701.65,0,True,False,False,False,True,False,False,False,False,False,False,False,False,True,False,False,False,True,False,True,False,False,False,False,True,False,1722.0
0,9,88.05,801.3,0,True,True,False,True,False,True,True,False,False,True,False,False,False,False,False,False,False,False,False,True,False,False,True,False,True,False,792.4499999999999
0,19,88.8,1672.35,0,True,True,False,True,False,True,True,False,False,True,False,True,False,False,False,True,False,False,False,False,False,False,True,True,False,False,1687.2
0,61,115.1,6993.65,0,False,False,False,True,False,True,True,False,False,True,False,True,False,True,False,True,False,True,False,True,True,False,True,False,False,True,7021.099999999999
0,8,54.75,438.05,0,True,False,False,True,False,False,False,False,False,False,False,False,False,False,False,False,False,False,False,True,False,False,True,True,False,False,438.0
0,29,100.55,2878.75,0,False,False,False,True,False,True,True,False,False,False,False,False,False,True,False,False,False,True,False,True,False,False,False,False,False,False,2915.95
0,72,108.4,7719.5,0,True,True,False,True,False,True,True,False,False,False,False,True,False,True,False,True,False,True,False,True,False,True,True,False,True,False,7804.8
0,1,99.75,99.75,1,True,False,True,True,False,True,True,False,False,False,False,False,False,True,False,False,False,True,False,True,False,False,True,False,True,False,99.75
0,7,66.85,458.1,0,False,False,False,True,False,False,False,False,False,False,False,False,False,False,False,False,False,True,False,True,False,False,True,False,True,False,467.94999999999993
0,16,49.45,799.0,0,True,False,False,True,False,False,False,False,False,False,False,False,False,False,False,True,False,False,False,False,False,False,True,False,False,True,791.2
0,21,26.05,565.75,0,True,True,True,False,True,False,False,False,False,False,False,False,False,False,False,False,False,False,False,False,False,False,True,False,True,False,547.0500000000001
0,7,40.1,293.3,1,False,False,False,False,True,False,False,False,False,False,False,True,False,False,False,False,False,False,False,True,False,False,True,True,False,False,280.7
1,7,89.5,676.7,1,True,True,False,True,False,False,True,False,False,False,False,False,False,False,False,False,False,True,False,True,False,False,True,False,True,False,626.5
0,32,90.8,3023.85,0,True,True,True,True,False,False,True,False,False,True,False,True,False,False,False,False,False,False,False,True,True,False,True,False,True,False,2905.6
0,67,116.2,7752.3,1,True,False,False,True,False,True,True,False,False,True,False,True,False,True,False,True,False,True,False,True,False,True,False,True,False,False,7785.400000000001
0,67,109.4,7281.6,0,False,True,True,True,False,True,True,False,False,True,False,False,False,True,False,True,False,True,False,True,True,False,True,False,True,False,7329.8
0,24,54.6,1242.25,0,True,False,False,True,False,True,False,False,False,False,False,False,False,False,False,True,False,False,False,False,True,False,False,False,False,False,1310.4
0,17,21.1,385.55,0,True,False,False,True,False,False,False,True,True,False,True,False,True,False,True,False,True,False,True,False,False,False,False,True,False,False,358.70000000000005
0,24,49.7,1218.25,0,True,False,False,True,False,False,False,False,False,False,False,True,False,False,False,False,False,False,False,False,False,False,True,False,False,True,1192.8000000000002
0,28,96.6,2684.35,0,True,True,False,True,False,True,True,False,False,False,False,True,False,True,False,False,False,True,False,False,False,False,False,True,False,False,2704.7999999999997
1,38,95.0,3591.25,0,False,True,False,True,False,True,True,False,False,True,False,True,False,False,False,False,False,False,False,True,True,False,False,True,False,False,3610.0
0,38,80.3,3058.65,1,False,True,True,True,False,False,False,False,False,True,False,True,False,False,False,True,False,True,False,True,True,False,False,True,False,False,3051.4
0,1,79.15,79.15,1,True,False,False,True,False,True,True,False,False,False,False,True,False,False,False,False,False,False,False,False,False,False,True,False,True,False,79.15
0,72,103.4,7372.65,1,True,True,True,True,False,True,True,False,False,False,False,True,False,True,False,False,False,True,False,True,False,True,True,False,True,False,7444.8
0,8,101.15,842.9,1,False,True,False,True,False,False,True,False,False,False,False,True,False,True,False,False,False,True,False,True,False,False,False,False,True,False,809.2
1,62,89.8,5629.55,0,True,True,False,True,False,True,True,False,False,False,False,True,False,False,False,False,False,False,False,True,False,False,True,False,False,False,5567.599999999999
0,67,88.4,5798.3,0,True,True,False,True,False,True,True,False,False,False,False,True,False,False,False,False,False,True,False,False,True,False,True,False,False,False,5922.8
0,18,20.25,401.95,0,False,True,True,True,False,False,False,True,True,False,True,False,True,False,True,False,True,False,True,False,False,False,True,False,False,True,364.5
0,2,64.2,143.65,0,True,True,False,True,False,False,False,False,False,False,False,True,False,False,False,True,False,False,False,True,False,False,True,False,False,True,128.4
0,33,34.05,1113.95,0,True,False,True,False,True,False,False,False,False,True,False,False,False,False,False,True,False,False,False,False,True,False,False,True,False,False,1123.6499999999999
0,71,24.4,1725.4,0,False,True,False,True,False,True,False,True,True,False,True,False,True,False,True,False,True,False,True,False,False,True,True,True,False,False,1732.3999999999999
0,7,20.65,155.9,0,False,False,False,True,False,False,False,True,True,False,True,False,True,False,True,False,True,False,True,False,False,False,False,False,False,True,144.54999999999998
0,5,69.7,316.9,1,True,False,False,True,False,False,True,False,False,False,False,False,False,False,False,False,False,False,False,False,False,False,True,False,True,False,348.5
0,17,92.7,1556.85,0,False,False,True,True,False,True,True,False,False,False,False,True,False,True,False,True,False,False,False,False,False,False,True,True,False,False,1575.9
0,12,20.05,267.0,0,True,False,False,True,False,False,False,True,True,False,True,False,True,False,True,False,True,False,True,False,True,False,False,True,False,False,240.60000000000002
1,50,108.75,5431.9,0,False,True,False,True,False,True,True,False,False,True,False,True,False,True,False,False,False,True,False,True,False,False,False,False,False,False,5437.5
0,45,50.9,2298.55,0,True,False,False,True,False,False,False,False,False,True,False,False,False,False,False,False,False,False,False,False,False,False,True,False,False,False,2290.5
0,56,98.6,5581.05,0,True,False,False,True,False,True,True,False,False,False,False,True,False,False,False,False,False,True,False,True,False,False,False,False,True,False,5521.599999999999
0,59,75.95,4542.35,0,False,True,True,True,False,False,False,False,False,False,False,True,False,False,False,True,False,True,False,True,False,True,True,True,False,False,4481.05
0,1,86.6,86.6,1,True,False,False,True,False,True,True,False,False,False,False,False,False,False,False,False,False,False,False,True,False,False,True,False,True,False,86.6
0,1,80.8,80.8,1,True,False,False,True,False,False,True,False,False,False,False,False,False,False,False,False,False,False,False,True,False,False,True,False,True,False,80.8
0,67,89.55,6373.1,0,True,True,True,True,False,True,True,False,False,False,False,True,False,False,False,False,False,False,False,True,False,False,True,False,False,False,5999.849999999999
0,39,45.05,1790.6,0,True,False,True,False,True,False,False,False,False,True,False,False,False,False,False,True,False,True,False,False,True,False,False,False,False,False,1756.9499999999998
0,36,92.9,3379.25,0,False,True,True,True,False,True,False,False,False,True,False,True,False,True,False,True,False,True,False,True,False,True,True,True,False,False,3344.4
0,72,70.45,5165.7,0,False,True,True,True,False,True,False,False,False,True,False,True,False,True,False,True,False,False,False,False,False,True,True,False,False,False,5072.400000000001
1,66,100.05,6871.9,1,True,True,False,True,False,True,True,False,False,False,False,False,False,False,False,True,False,True,False,True,False,False,True,True,False,False,6603.3
0,9,19.5,178.85,0,False,False,False,True,False,False,False,True,True,False,True,False,True,False,True,False,True,False,True,False,False,False,True,False,True,False,175.5
0,68,25.8,1911.5,0,False,True,False,True,False,True,False,True,True,False,True,False,True,False,True,False,True,False,True,False,False,True,False,True,False,False,1754.4
0,7,23.5,173.0,0,True,False,False,True,False,True,False,True,True,False,True,False,True,False,True,False,True,False,True,False,False,False,False,False,False,True,164.5
0,1,19.75,19.75,0,True,False,False,True,False,False,False,True,True,False,True,False,True,False,True,False,True,False,True,False,False,False,False,False,False,False,19.75
0,4,50.4,206.6,1,True,False,False,True,False,True,False,False,False,False,False,False,False,False,False,False,False,False,False,False,False,False,False,False,False,True,201.6
0,39,73.15,2730.85,0,True,False,False,True,False,True,True,False,False,False,False,False,False,False,False,False,False,False,False,False,False,False,True,True,False,False,2852.8500000000004
0,7,20.65,134.05,0,False,True,True,True,False,False,False,True,True,False,True,False,True,False,True,False,True,False,True,False,True,False,False,False,False,True,144.54999999999998
1,72,84.45,5899.85,0,True,True,False,True,False,True,False,False,False,True,False,True,False,True,False,False,False,True,False,True,False,True,False,True,False,False,6080.400000000001
1,46,101.0,4680.05,1,True,True,False,True,False,True,True,False,False,False,False,False,False,True,False,False,False,True,False,True,False,False,True,False,True,False,4646.0
0,61,98.45,6145.2,0,True,True,True,True,False,False,True,False,False,False,False,True,False,False,False,True,False,True,False,True,True,False,True,False,False,False,6005.45
0,20,19.7,415.9,0,True,False,False,True,False,False,False,True,True,False,True,False,True,False,True,False,True,False,True,False,True,False,True,False,False,True,394.0
0,43,100.0,4211.55,1,True,False,False,True,False,True,True,False,False,False,False,False,False,False,False,True,False,True,False,True,True,False,True,False,True,False,4300.0
0,62,20.65,1218.45,0,True,True,True,True,False,False,False,True,True,False,True,False,True,False,True,False,True,False,True,False,False,True,False,True,False,False,1280.3
0,69,46.25,3121.4,0,False,True,True,False,True,False,False,False,False,True,False,True,False,True,False,True,False,False,False,False,False,True,False,False,False,False,3191.25
0,2,60.95,134.6,0,True,False,True,True,False,True,False,False,False,True,False,True,False,False,False,False,False,False,False,False,False,False,False,False,False,False,121.9
1,32,81.1,2619.25,0,True,False,False,True,False,True,True,False,False,False,False,False,False,True,False,False,False,False,False,False,False,False,True,True,False,False,2595.2
0,10,104.4,1081.45,1,True,False,False,True,False,False,True,False,False,True,False,True,False,True,False,False,False,True,False,True,False,False,True,False,True,False,1044.0
0,68,99.55,6668.0,0,True,True,True,True,False,False,True,False,False,True,False,False,False,False,False,True,False,True,False,True,False,True,True,False,True,False,6769.4
0,13,75.3,989.45,1,True,True,False,True,False,True,False,False,False,False,False,False,False,True,False,False,False,True,False,True,True,False,True,False,False,True,978.9
0,2,53.85,108.15,1,True,False,False,True,False,False,False,False,False,True,False,True,False,False,False,False,False,False,False,False,False,False,True,False,False,True,107.7
0,34,26.1,980.35,0,True,False,False,True,False,True,False,True,True,False,True,False,True,False,True,False,True,False,True,False,False,True,False,False,False,False,887.4000000000001
0,72,89.8,6510.45,0,False,True,True,True,False,True,False,False,False,True,False,True,False,True,False,True,False,True,False,True,False,True,False,True,False,False,6465.599999999999
0,64,104.65,6889.8,0,True,False,False,True,False,True,True,False,False,False,False,False,False,True,False,True,False,True,False,True,True,False,True,True,False,False,6697.6
0,60,20.55,1205.05,0,True,True,True,True,False,False,False,True,True,False,True,False,True,False,True,False,True,False,True,False,False,True,False,False,False,True,1233.0
0,3,64.6,174.2,0,False,False,False,True,False,True,False,False,False,False,False,False,False,False,False,True,False,True,False,False,False,False,False,False,True,False,193.79999999999998
0,2,70.35,120.25,0,False,True,False,True,False,False,True,False,False,False,False,False,False,False,False,False,False,False,False,False,False,False,True,False,True,False,140.7
0,65,95.5,6153.85,0,False,False,False,True,False,True,True,False,False,False,False,True,False,True,False,False,False,True,False,False,True,False,True,False,True,False,6207.5
0,50,24.95,1261.45,0,True,True,True,True,False,True,False,True,True,False,True,False,True,False,True,False,True,False,True,False,False,True,False,False,False,True,1247.5
0,63,81.15,5224.5,0,False,True,False,True,False,False,True,False,False,True,False,False,False,True,False,False,False,False,False,False,True,False,True,True,False,False,5112.450000000001
1,60,89.45,5294.6,0,False,True,False,True,False,True,True,False,False,False,False,True,False,False,False,False,False,False,False,True,False,False,False,False,True,False,5367.0
0,22,26.25,605.9,0,False,False,False,True,False,True,False,True,True,False,True,False,True,False,True,False,True,False,True,False,False,True,False,False,False,True,577.5
1,8,80.65,633.3,1,False,True,False,True,False,True,True,False,False,False,False,True,False,False,False,False,False,False,False,False,False,False,True,True,False,False,645.2
0,23,73.65,1642.75,0,False,True,False,True,False,True,False,False,False,False,False,False,False,False,False,True,False,True,False,True,False,False,True,True,False,False,1693.95
0,4,73.9,280.85,1,True,False,False,True,False,False,True,False,False,False,False,False,False,True,False,False,False,False,False,False,False,False,True,False,True,False,295.6
1,2,19.2,37.2,0,True,False,False,True,False,False,False,True,True,False,True,False,True,False,True,False,True,False,True,False,False,False,False,False,True,False,38.4
0,20,20.35,442.6,0,False,True,True,True,False,False,False,True,True,False,True,False,True,False,True,False,True,False,True,False,False,False,False,False,False,True,407.0
0,0,80.85,1397.475,0,False,True,True,True,False,False,False,False,False,True,False,True,False,True,False,False,False,True,False,True,False,True,False,False,False,True,0.0
0,2,19.6,35.85,1,False,False,True,True,False,False,False,True,True,False,True,False,True,False,True,False,True,False,True,False,False,False,True,False,True,False,39.2
0,62,25.8,1563.95,0,False,False,False,True,False,True,False,True,True,False,True,False,True,False,True,False,True,False,True,False,False,True,True,True,False,False,1599.6000000000001
1,14,80.35,1058.1,0,False,False,False,True,False,True,True,False,False,False,False,False,False,True,False,False,False,False,False,False,False,False,True,False,False,False,1124.8999999999999
0,56,19.55,1080.55,0,False,False,False,True,False,False,False,True,True,False,True,False,True,False,True,False,True,False,True,False,False,True,True,False,False,False,1094.8
1,34,94.25,3217.55,1,False,True,False,True,False,True,True,False,False,False,False,True,False,True,False,False,False,False,False,True,False,False,True,False,True,False,3204.5
0,63,90.45,5825.5,0,True,False,False,True,False,True,True,False,False,False,False,True,False,False,False,False,False,False,False,True,True,False,False,True,False,False,5698.35
0,49,35.8,1782.0,0,False,True,True,False,True,False,False,False,False,True,False,False,False,False,False,True,False,False,False,False,True,False,True,True,False,False,1754.1999999999998
0,34,100.85,3527.3,0,True,True,False,True,False,True,True,False,False,False,False,False,False,True,False,False,False,True,False,True,False,False,False,False,True,False,3428.8999999999996
0,1,44.05,44.05,0,True,False,False,True,False,False,False,False,False,False,False,False,False,False,False,False,False,False,False,False,False,False,True,False,False,False,44.05
0,72,90.8,6397.6,0,True,True,True,True,False,True,False,False,False,True,False,True,False,True,False,True,False,True,False,True,False,True,True,True,False,False,6537.599999999999
0,13,49.95,587.45,0,True,True,True,True,False,False,False,False,False,True,False,False,False,False,False,False,False,False,False,False,False,False,True,False,False,True,649.35
0,68,83.0,5685.8,1,False,True,True,True,False,True,True,False,False,False,False,False,False,False,False,False,False,True,False,False,True,False,True,False,True,False,5644.0
0,4,70.4,281.0,1,False,False,False,True,False,False,True,False,False,False,False,False,False,False,False,False,False,False,False,False,False,False,False,False,True,False,281.6
0,18,55.2,1058.1,0,True,False,False,True,False,False,False,False,False,False,False,False,False,True,False,True,False,False,False,False,False,False,False,True,False,False,993.6
0,19,99.95,1931.75,1,True,False,False,True,False,True,True,False,False,False,False,True,False,False,False,False,False,True,False,True,False,False,True,False,True,False,1899.05
1,40,79.2,3233.85,1,False,False,False,True,False,False,True,False,False,True,False,True,False,False,False,False,False,False,False,False,False,False,True,True,False,False,3168.0
0,14,19.5,272.0,0,False,True,True,True,False,False,False,True,True,False,True,False,True,False,True,False,True,False,True,False,True,False,True,False,False,True,273.0
0,46,44.95,2168.9,0,False,False,False,True,False,False,False,False,False,False,False,False,False,False,False,False,False,False,False,False,False,False,False,False,False,False,2067.7000000000003
0,1,84.85,84.85,1,True,False,False,True,False,False,True,False,False,False,False,False,False,True,False,False,False,True,False,False,False,False,True,False,True,False,84.85
0,8,65.45,554.45,0,False,False,False,True,False,False,False,False,False,False,False,True,False,False,False,True,False,True,False,False,False,False,True,False,True,False,523.6
0,23,59.7,1414.2,0,True,True,True,True,False,True,False,False,False,False,False,True,False,False,False,True,False,False,False,False,False,True,False,False,False,True,1373.1000000000001
1,56,73.25,4054.2,0,False,False,False,True,False,True,False,False,False,True,False,False,False,True,False,True,False,False,False,True,False,True,False,False,False,False,4102.0
0,3,84.3,235.05,0,True,False,False,True,False,False,True,False,False,False,False,True,False,False,False,False,False,False,False,True,False,False,False,False,True,False,252.89999999999998
0,55,64.75,3617.1,0,False,False,False,True,False,False,False,False,False,False,False,True,False,True,False,False,False,False,False,True,False,True,True,False,False,True,3561.25
0,4,49.25,208.45,0,True,False,False,True,False,False,False,False,False,False,False,True,False,False,False,False,False,False,False,False,False,False,False,False,False,True,197.0
0,72,65.2,4784.45,0,False,True,True,False,True,False,False,False,False,True,False,True,False,True,False,True,False,True,False,True,False,True,True,True,False,False,4694.400000000001
0,17,19.4,358.05,0,False,False,False,True,False,False,False,True,True,False,True,False,True,False,True,False,True,False,True,False,False,True,False,False,False,True,329.79999999999995
0,65,99.05,6416.7,0,False,True,True,True,False,True,True,False,False,True,False,True,False,False,False,True,False,True,False,False,False,True,True,True,False,False,6438.25
0,1,20.2,20.2,1,True,False,False,True,False,False,False,True,True,False,True,False,True,False,True,False,True,False,True,False,False,False,True,False,False,True,20.2
0,52,80.2,4297.6,0,False,False,False,True,False,True,True,False,False,False,False,True,False,False,False,False,False,False,False,False,True,False,True,False,False,True,4170.400000000001
0,25,19.9,510.8,0,True,False,False,True,False,False,False,True,True,False,True,False,True,False,True,False,True,False,True,False,True,False,False,True,False,False,497.49999999999994
0,58,94.3,5610.15,0,False,True,False,True,False,True,True,False,False,False,False,True,False,True,False,False,False,False,False,True,True,False,True,False,True,False,5469.4
0,71,47.6,3377.8,0,False,True,False,False,True,False,False,False,False,True,False,True,False,True,False,True,False,False,False,False,False,True,True,False,False,False,3379.6
0,3,73.6,232.5,0,True,False,False,True,False,False,True,False,False,False,False,False,False,True,False,False,False,False,False,False,False,False,True,True,False,False,220.79999999999998
0,17,66.7,1077.05,0,True,True,True,True,False,True,False,False,False,False,False,True,False,True,False,True,False,False,False,False,False,False,True,False,False,True,1133.9
0,1,70.35,70.35,0,True,False,False,True,False,False,True,False,False,False,False,False,False,False,False,False,False,False,False,False,False,False,True,False,True,False,70.35
0,17,80.5,1336.9,0,True,True,False,True,False,True,True,False,False,False,False,True,False,False,False,False,False,False,False,False,False,False,True,False,False,False,1368.5
0,13,54.15,701.05,0,False,True,True,True,False,False,False,False,False,True,False,False,False,False,False,True,False,False,False,False,True,False,False,False,False,False,703.9499999999999
1,1,69.55,69.55,1,False,True,False,True,False,False,True,False,False,False,False,False,False,False,False,False,False,False,False,False,False,False,True,False,True,False,69.55
0,29,58.75,1696.2,0,True,False,False,True,False,False,False,False,False,True,False,True,False,False,False,True,False,False,False,False,True,False,True,False,True,False,1703.75
0,57,112.95,6465.0,1,False,False,False,True,False,True,True,False,False,True,False,True,False,True,False,False,False,True,False,True,False,True,True,False,False,False,6438.150000000001
0,12,51.25,612.1,0,False,True,False,True,False,False,False,False,False,False,False,True,False,False,False,False,False,False,False,False,False,False,True,False,True,False,615.0
1,13,90.5,1201.15,1,True,False,False,True,False,False,True,False,False,False,False,False,False,False,False,False,False,True,False,True,False,False,True,False,True,False,1176.5
0,53,24.6,1279.0,0,True,False,False,True,False,True,False,True,True,False,True,False,True,False,True,False,True,False,True,False,False,True,False,False,False,True,1303.8000000000002
0,57,59.75,3450.15,0,True,True,False,True,False,False,False,False,False,True,False,True,False,False,False,True,False,False,False,False,False,True,True,False,True,False,3405.75
1,65,106.25,6979.8,1,False,True,False,True,False,True,True,False,False,False,False,True,False,True,False,False,False,True,False,True,True,False,True,False,True,False,6906.25
0,4,60.4,272.15,1,False,False,False,True,False,False,False,False,False,True,False,True,False,False,False,True,False,False,False,False,False,False,True,False,False,True,241.6
1,13,54.8,731.3,0,False,False,False,True,False,False,False,False,False,False,False,True,False,True,False,False,False,False,False,False,False,False,True,False,True,False,712.4
0,8,19.05,201.7,0,False,True,True,True,False,False,False,True,True,False,True,False,True,False,True,False,True,False,True,False,False,True,False,False,False,True,152.4
0,60,106.15,6411.25,0,False,True,False,True,False,True,True,False,False,False,False,True,False,True,False,False,False,True,False,True,False,False,True,False,True,False,6369.0
0,15,88.15,1390.6,1,False,True,False,True,False,False,True,False,False,False,False,False,False,False,False,False,False,True,False,True,False,False,False,False,True,False,1322.25
0,1,69.5,69.5,1,False,False,False,True,False,False,True,False,False,False,False,False,False,False,False,False,False,False,False,False,False,False,True,False,True,False,69.5
0,4,20.15,84.5,0,False,False,False,True,False,False,False,True,True,False,True,False,True,False,True,False,True,False,True,False,False,False,False,False,False,True,80.6
0,34,30.4,938.65,0,True,True,True,False,True,False,False,False,False,True,False,False,False,False,False,False,False,False,False,False,True,False,False,False,False,False,1033.6
0,1,44.55,44.55,0,True,True,True,True,False,False,False,False,False,False,False,False,False,False,False,False,False,False,False,False,False,False,False,False,True,False,44.55
1,35,108.35,3726.15,0,False,False,False,True,False,True,True,False,False,True,False,True,False,True,False,False,False,True,False,True,True,False,True,False,True,False,3792.25
0,2,55.3,108.65,0,True,False,True,True,False,False,False,False,False,False,False,False,False,False,False,False,False,False,False,True,False,False,True,False,True,False,110.6
0,34,20.65,716.4,0,False,True,True,True,False,False,False,True,True,False,True,False,True,False,True,False,True,False,True,False,False,False,False,False,False,True,702.0999999999999
0,15,19.8,304.6,0,True,False,False,True,False,False,False,True,True,False,True,False,True,False,True,False,True,False,True,False,True,False,False,False,False,True,297.0
0,42,66.4,2727.8,0,False,True,False,True,False,True,False,False,False,True,False,True,False,False,False,True,False,False,False,False,False,False,True,True,False,False,2788.8
0,70,19.7,1341.5,0,False,False,False,True,False,False,False,True,True,False,True,False,True,False,True,False,True,False,True,False,True,False,False,False,False,False,1379.0
0,34,78.95,2647.2,0,True,True,True,True,False,False,True,False,False,False,False,False,False,False,False,False,False,False,False,True,True,False,True,False,False,False,2684.3
0,1,20.1,20.1,1,True,False,False,True,False,False,False,True,True,False,True,False,True,False,True,False,True,False,True,False,False,False,False,False,False,True,20.1
1,42,79.35,3344.1,0,True,False,False,True,False,True,True,False,False,False,False,True,False,False,False,False,False,False,False,False,False,False,True,False,False,False,3332.7
0,1,19.25,19.25,0,False,False,False,True,False,False,False,True,True,False,True,False,True,False,True,False,True,False,True,False,False,False,True,False,False,False,19.25
0,57,53.45,3053.0,0,False,True,True,True,False,False,False,False,False,True,False,True,False,False,False,False,False,False,False,False,True,False,False,False,True,False,3046.65
0,14,64.7,941.0,1,False,True,False,True,False,True,False,False,False,True,False,False,False,False,False,False,False,True,False,False,False,False,True,False,False,False,905.8000000000001
0,10,56.75,503.25,0,True,False,False,True,False,False,False,False,False,False,False,False,False,False,False,False,False,False,False,True,False,False,True,False,False,False,567.5
0,22,65.25,1441.8,0,False,False,False,True,False,False,False,False,False,False,False,True,False,True,False,False,False,True,False,False,True,False,False,False,False,False,1435.5
0,15,19.75,297.3,1,False,False,False,True,False,False,False,True,True,False,True,False,True,False,True,False,True,False,True,False,False,False,False,False,False,False,296.25
0,60,24.15,1505.9,0,True,True,False,True,False,True,False,True,True,False,True,False,True,False,True,False,True,False,True,False,True,False,False,False,False,False,1449.0
1,9,99.45,919.4,1,True,False,False,True,False,True,True,False,False,False,False,True,False,False,False,False,False,True,False,True,False,False,True,True,False,False,895.0500000000001
0,59,61.35,3645.5,0,True,False,False,True,False,False,False,False,False,False,False,False,False,True,False,False,False,False,False,True,True,False,True,False,False,False,3619.65
0,34,106.35,3549.25,1,True,False,False,True,False,True,True,False,False,False,False,True,False,True,False,False,False,True,False,True,False,False,True,False,True,False,3615.8999999999996
0,1,100.25,100.25,1,False,False,False,True,False,True,True,False,False,False,False,True,False,False,False,False,False,True,False,True,False,False,True,True,False,False,100.25
0,48,97.05,4692.95,0,False,True,False,True,False,False,True,False,False,False,False,True,False,True,False,False,False,True,False,True,True,False,True,False,True,False,4658.4
0,71,89.9,6457.15,0,True,True,True,True,False,True,False,False,False,True,False,True,False,True,False,True,False,True,False,True,False,True,False,True,False,False,6382.900000000001
0,71,59.7,4122.65,0,False,True,True,False,True,False,False,False,False,True,False,True,False,False,False,True,False,True,False,True,False,True,False,False,False,False,4238.7
0,9,44.2,403.35,1,False,False,False,True,False,False,False,False,False,False,False,False,False,False,False,False,False,False,False,False,False,False,True,False,False,False,397.8
0,10,24.5,270.15,0,False,False,False,True,False,True,False,True,True,False,True,False,True,False,True,False,True,False,True,False,False,False,True,False,False,True,245.0
0,72,115.05,8405.0,0,False,False,False,True,False,True,True,False,False,True,False,True,False,True,False,True,False,True,False,True,False,True,False,True,False,False,8283.6
0,3,29.8,94.4,0,True,True,False,False,True,False,False,False,False,False,False,True,False,False,False,False,False,False,False,False,False,False,False,True,False,False,89.4
0,57,53.75,3196.0,0,True,False,False,False,True,False,False,False,False,True,False,False,False,True,False,False,False,True,False,True,False,False,True,False,True,False,3063.75
0,35,56.85,1861.1,0,False,True,False,True,False,False,False,False,False,False,False,True,False,False,False,True,False,False,False,False,False,False,False,False,True,False,1989.75
0,50,69.5,3418.2,0,True,False,False,True,False,True,False,False,False,False,False,False,False,True,False,True,False,False,False,True,False,True,False,False,False,False,3475.0
0,9,85.5,791.7,0,True,False,False,True,False,True,True,False,False,False,False,False,False,False,False,False,False,True,False,False,False,False,True,False,True,False,769.5
0,12,49.2,571.15,0,True,True,True,True,False,False,False,False,False,True,False,False,False,False,False,False,False,False,False,False,False,False,True,False,True,False,590.4000000000001
1,60,97.95,5867.0,0,True,True,False,True,False,False,True,False,False,False,False,True,False,True,False,False,False,True,False,True,True,False,True,False,True,False,5877.0
0,46,30.3,1380.1,1,True,False,False,False,True,False,False,False,False,False,False,True,False,False,False,False,False,False,False,False,False,False,False,False,False,False,1393.8
0,12,33.6,435.45,0,False,False,False,False,True,False,False,False,False,True,False,False,False,False,False,True,False,False,False,False,True,False,True,False,False,True,403.20000000000005
0,11,53.8,651.55,0,False,False,False,True,False,False,False,False,False,False,False,False,False,True,False,True,False,False,False,False,True,False,False,False,False,False,591.8
0,39,40.6,1494.5,0,True,False,False,False,True,False,False,False,False,False,False,False,False,False,False,True,False,False,False,True,False,False,True,False,True,False,1583.4
0,50,103.7,5071.05,1,True,True,True,True,False,True,True,False,False,False,False,True,False,False,False,True,False,True,False,True,False,False,False,False,True,False,5185.0
0,19,86.85,1564.4,0,False,True,False,True,False,True,True,False,False,False,False,False,False,False,False,False,False,True,False,False,False,False,True,False,True,False,1650.1499999999999
0,72,104.9,7559.55,0,True,True,True,True,False,False,True,False,False,True,False,False,False,True,False,True,False,True,False,True,False,True,True,True,False,False,7552.8
1,7,95.6,644.35,1,True,True,False,True,False,True,True,False,False,False,False,False,False,False,False,False,False,True,False,True,False,False,True,False,False,False,669.1999999999999
0,37,67.45,2443.3,0,True,False,False,True,False,True,False,False,False,True,False,True,False,True,False,True,False,False,False,False,True,False,False,False,True,False,2495.65
0,31,25.75,755.6,0,True,True,True,True,False,True,False,True,True,False,True,False,True,False,True,False,True,False,True,False,False,True,False,False,False,True,798.25
0,1,69.95,69.95,1,False,False,False,True,False,False,True,False,False,False,False,False,False,False,False,False,False,False,False,False,False,False,True,False,False,True,69.95
1,72,111.65,7943.45,0,False,False,False,True,False,True,True,False,False,False,False,True,False,True,False,True,False,True,False,True,False,True,False,False,True,False,8038.8
0,32,61.4,1864.65,0,False,True,True,True,False,False,False,False,False,True,False,True,False,False,False,True,False,False,False,False,False,False,False,False,False,False,1964.8
0,46,72.8,3249.4,0,True,False,False,True,False,True,True,False,False,False,False,False,False,False,False,False,False,False,False,False,False,False,False,False,False,False,3348.7999999999997
0,27,95.6,2595.25,0,False,False,False,True,False,True,True,False,False,False,False,False,False,False,False,False,False,True,False,True,False,False,True,False,False,False,2581.2
0,69,20.55,1403.1,0,True,True,True,True,False,False,False,True,True,False,True,False,True,False,True,False,True,False,True,False,True,False,True,True,False,False,1417.95
1,4,88.85,372.45,1,False,False,False,True,False,True,True,False,False,False,False,False,False,True,False,False,False,False,False,True,False,False,True,False,True,False,355.4
0,14,92.9,1337.45,0,True,False,False,True,False,False,True,False,False,False,False,False,False,False,False,False,False,True,False,True,False,False,True,False,True,False,1300.6000000000001
0,32,19.75,624.15,0,False,False,False,True,False,False,False,True,True,False,True,False,True,False,True,False,True,False,True,False,True,False,False,False,False,False,632.0
0,67,19.45,1195.95,0,True,False,False,True,False,False,False,True,True,False,True,False,True,False,True,False,True,False,True,False,True,False,True,False,False,True,1303.1499999999999
0,1,19.75,19.75,0,False,False,False,True,False,False,False,True,True,False,True,False,True,False,True,False,True,False,True,False,False,False,False,False,True,False,19.75
0,43,90.65,3882.3,0,True,False,False,True,False,False,True,False,False,True,False,True,False,True,False,True,False,False,False,False,True,False,True,True,False,False,3897.9500000000003
0,21,19.95,416.4,0,True,False,False,True,False,False,False,True,True,False,True,False,True,False,True,False,True,False,True,False,False,False,True,False,False,True,418.95
0,2,49.25,97.0,0,True,False,False,True,False,False,False,False,False,False,False,True,False,False,False,False,False,False,False,False,False,False,False,False,False,True,98.5
0,12,49.85,552.1,0,False,False,False,False,True,False,False,False,False,True,False,False,False,True,False,True,False,False,False,True,False,True,False,False,False,True,598.2
0,28,35.75,961.4,0,False,False,False,False,True,False,False,False,False,False,False,False,False,True,False,True,False,False,False,False,False,False,True,False,False,True,1001.0
1,30,104.1,3121.1,0,False,False,False,True,False,True,True,False,False,False,False,True,False,True,False,False,False,True,False,True,False,False,True,False,True,False,3123.0
0,16,89.05,1448.6,1,True,False,False,True,False,True,True,False,False,False,False,False,False,False,False,True,False,False,False,True,False,False,True,True,False,False,1424.8
0,31,79.45,2587.7,1,True,False,True,True,False,True,False,False,False,False,False,True,False,False,False,True,False,True,False,True,True,False,True,False,False,True,2462.9500000000003
0,14,59.45,780.85,0,False,True,True,True,False,False,False,False,False,True,False,True,False,False,False,True,False,False,False,False,False,False,False,False,False,False,832.3000000000001
1,72,109.75,8075.35,0,False,True,False,True,False,True,True,False,False,True,False,False,False,True,False,True,False,True,False,True,False,True,True,False,False,True,7902.0
0,53,20.9,1146.05,0,False,True,True,True,False,False,False,True,True,False,True,False,True,False,True,False,True,False,True,False,False,True,False,False,False,True,1107.6999999999998
0,68,39.9,2796.35,0,True,False,False,False,True,False,False,False,False,False,False,False,False,True,False,False,False,False,False,True,False,False,True,False,False,False,2713.2
0,50,89.7,4304.5,0,False,False,False,True,False,False,True,False,False,False,False,False,False,True,False,True,False,False,False,True,False,True,True,False,False,False,4485.0
1,70,105.55,7195.35,0,False,True,False,True,False,True,True,False,False,False,False,True,False,False,False,True,False,True,False,True,True,False,True,False,False,False,7388.5
0,65,59.8,3808.2,0,False,True,False,True,False,False,False,False,False,False,False,False,False,False,False,True,False,True,False,False,False,True,True,True,False,False,3887.0
0,1,70.5,70.5,1,False,False,False,True,False,False,True,False,False,False,False,False,False,False,False,False,False,False,False,False,False,False,False,False,True,False,70.5
0,36,94.8,3565.65,0,False,False,False,True,False,False,True,False,False,False,False,True,False,False,False,False,False,True,False,True,False,False,True,True,False,False,3412.7999999999997
0,57,58.75,3437.45,0,False,True,False,False,True,False,False,False,False,True,False,True,False,True,False,False,False,True,False,True,False,False,True,False,False,False,3348.75
0,9,88.4,788.6,0,False,False,False,True,False,False,True,False,False,False,False,False,False,False,False,False,False,True,False,True,False,False,True,False,False,True,795.6
0,3,54.7,169.45,1,True,False,True,True,False,False,False,False,False,False,False,False,False,False,False,False,False,True,False,False,False,False,True,True,False,False,164.10000000000002
0,19,24.9,467.7,0,False,True,True,True,False,True,False,True,True,False,True,False,True,False,True,False,True,False,True,False,False,True,True,False,False,False,473.09999999999997
0,68,118.6,7990.05,0,False,True,False,True,False,True,True,False,False,True,False,True,False,True,False,True,False,True,False,True,False,True,False,False,False,True,8064.799999999999
1,29,95.9,2745.2,1,True,True,False,True,False,True,True,False,False,False,False,True,False,True,False,False,False,False,False,True,False,False,True,False,True,False,2781.1000000000004
1,17,82.65,1470.05,0,False,False,False,True,False,True,True,False,False,False,False,False,False,True,False,False,False,False,False,False,False,False,True,True,False,False,1405.0500000000002
1,71,115.05,8016.6,0,True,True,False,True,False,True,True,False,False,True,False,True,False,True,False,True,False,True,False,True,False,True,True,False,False,False,8168.55
0,1,89.15,89.15,1,True,True,True,True,False,False,True,False,False,False,False,False,False,False,False,False,False,True,False,True,False,False,False,False,False,True,89.15
0,49,79.3,3902.45,0,False,True,True,True,False,True,False,False,False,False,False,True,False,False,False,True,False,True,False,True,False,True,False,False,False,False,3885.7
0,13,84.45,1058.6,1,False,False,False,True,False,True,True,False,False,False,False,True,False,True,False,False,False,False,False,False,False,False,True,False,True,False,1097.8500000000001
0,39,100.45,3801.7,0,True,False,False,True,False,False,True,False,False,True,False,False,False,True,False,False,False,True,False,True,False,True,True,False,True,False,3917.55
0,49,20.45,1024.65,0,False,False,True,True,False,False,False,True,True,False,True,False,True,False,True,False,True,False,True,False,False,True,False,True,False,False,1002.05
0,22,84.75,1816.75,0,False,False,True,True,False,True,True,False,False,False,False,False,False,False,False,False,False,False,False,True,False,False,True,False,True,False,1864.5
0,61,68.05,4158.25,0,True,True,True,True,False,False,False,False,False,True,False,True,False,True,False,True,False,False,False,False,False,True,True,False,False,False,4151.05
0,1,20.55,20.55,1,True,False,False,True,False,False,False,True,True,False,True,False,True,False,True,False,True,False,True,False,False,False,False,False,True,False,20.55
0,2,104.4,242.8,1,False,True,False,True,False,True,True,False,False,False,False,False,False,True,False,True,False,True,False,True,False,False,True,False,True,False,208.8
0,7,20.05,96.8,0,False,False,True,True,False,False,False,True,True,False,True,False,True,False,True,False,True,False,True,False,True,False,False,False,False,True,140.35
1,71,25.45,1789.65,0,True,True,False,True,False,True,False,True,True,False,True,False,True,False,True,False,True,False,True,False,False,True,False,True,False,False,1806.95
0,17,19.95,310.6,0,True,False,False,True,False,False,False,True,True,False,True,False,True,False,True,False,True,False,True,False,True,False,False,False,False,True,339.15
0,3,75.85,256.6,1,False,True,False,True,False,True,True,False,False,False,False,False,False,False,False,False,False,False,False,False,False,False,True,False,True,False,227.54999999999998
0,72,24.75,1777.6,0,True,False,False,True,False,True,False,True,True,False,True,False,True,False,True,False,True,False,True,False,False,True,False,False,False,False,1782.0
1,40,55.8,2283.3,0,True,True,False,True,False,False,False,False,False,False,False,False,False,False,False,False,False,False,False,True,True,False,False,False,True,False,2232.0
0,14,20.05,299.3,0,True,False,False,True,False,False,False,True,True,False,True,False,True,False,True,False,True,False,True,False,False,False,True,False,True,False,280.7
0,65,108.05,7118.9,0,False,True,False,True,False,True,True,False,False,False,False,True,False,True,False,True,False,True,False,True,True,False,True,True,False,False,7023.25
0,47,100.5,4707.1,0,False,True,False,True,False,True,True,False,False,False,False,False,False,True,False,False,False,True,False,True,False,False,True,False,True,False,4723.5
0,25,20.15,536.35,0,True,False,False,True,False,False,False,True,True,False,True,False,True,False,True,False,True,False,True,False,False,False,True,False,False,True,503.74999999999994
1,2,72.6,154.3,0,True,False,False,True,False,True,True,False,False,False,False,False,False,False,False,False,False,False,False,False,False,False,True,False,False,True,145.2
1,46,59.9,2816.65,1,True,True,False,False,True,False,False,False,False,False,False,True,False,True,False,True,False,True,False,True,True,False,True,False,False,False,2755.4
0,55,21.0,1210.3,0,False,True,True,True,False,False,False,True,True,False,True,False,True,False,True,False,True,False,True,False,False,True,False,False,False,True,1155.0
0,63,109.85,7002.95,0,False,False,False,True,False,True,True,False,False,False,False,True,False,True,False,True,False,True,False,True,False,False,True,True,False,False,6920.549999999999
0,62,86.1,5215.25,0,True,True,True,True,False,False,False,False,False,True,False,True,False,True,False,True,False,True,False,True,False,True,False,False,True,False,5338.2
0,48,45.3,2145.0,1,False,True,False,False,True,False,False,False,False,True,False,False,False,True,False,False,False,False,False,True,False,False,True,False,False,False,2174.3999999999996
0,18,78.2,1468.75,0,True,True,False,True,False,False,True,False,False,False,False,False,False,True,False,True,False,False,False,False,False,False,False,False,True,False,1407.6000000000001
0,71,86.4,6172.0,0,True,False,False,True,False,True,True,False,False,False,False,False,False,True,False,True,False,False,False,False,False,True,True,True,False,False,6134.400000000001
0,35,89.65,3161.6,0,True,True,True,True,False,True,True,False,False,False,False,True,False,False,False,False,False,True,False,False,False,False,True,False,False,False,3137.75
0,27,56.7,1652.95,0,False,False,False,True,False,False,False,False,False,True,False,True,False,False,False,False,False,False,False,False,False,False,True,False,False,True,1530.9
0,68,92.2,6392.85,0,True,True,True,True,False,True,False,False,False,True,False,True,False,True,False,True,False,True,False,True,False,True,True,True,False,False,6269.6
0,3,20.4,63.15,0,False,False,False,True,False,False,False,True,True,False,True,False,True,False,True,False,True,False,True,False,False,False,False,False,False,True,61.199999999999996
0,39,20.7,762.45,0,False,False,False,True,False,False,False,True,True,False,True,False,True,False,True,False,True,False,True,False,False,True,False,True,False,False,807.3
0,53,94.45,5042.75,0,False,False,False,True,False,False,True,False,False,False,False,True,False,True,False,True,False,False,False,True,True,False,True,True,False,False,5005.85
0,28,90.1,2598.95,1,False,True,True,True,False,False,True,False,False,False,False,False,False,False,False,False,False,True,False,True,True,False,True,False,False,False,2522.7999999999997
0,5,74.65,383.65,0,True,False,False,True,False,False,True,False,False,False,False,True,False,False,False,False,False,False,False,False,False,False,True,False,True,False,373.25
0,10,19.75,208.25,0,True,False,False,True,False,False,False,True,True,False,True,False,True,False,True,False,True,False,True,False,False,False,False,True,False,False,197.5
0,50,35.4,1748.9,0,True,False,False,False,True,False,False,False,False,True,False,False,False,False,False,True,False,False,False,False,True,False,True,False,False,True,1770.0
0,19,78.7,1495.1,0,True,False,False,True,False,False,True,False,False,False,False,False,False,False,False,False,False,True,False,False,False,False,True,False,False,False,1495.3
0,17,70.35,1201.65,0,True,True,True,True,False,True,False,False,False,True,False,False,False,True,False,False,False,True,False,False,True,False,True,False,False,False,1195.9499999999998
0,20,51.8,1023.85,0,True,False,False,True,False,False,False,False,False,False,False,True,False,False,False,False,False,False,False,False,False,False,True,False,False,True,1036.0
0,63,20.0,1209.25,0,False,True,True,True,False,False,False,True,True,False,True,False,True,False,True,False,True,False,True,False,False,True,False,True,False,False,1260.0
0,72,86.65,6224.8,0,True,False,False,True,False,True,False,False,False,True,False,True,False,True,False,True,False,True,False,True,False,True,False,False,False,False,6238.8
0,52,91.6,4627.8,0,True,True,False,True,False,True,True,False,False,True,False,False,False,True,False,True,False,False,False,False,False,True,True,True,False,False,4763.2
0,59,19.5,1222.65,0,False,True,True,True,False,False,False,True,True,False,True,False,True,False,True,False,True,False,True,False,False,True,False,True,False,False,1150.5
0,30,64.5,1929.95,0,True,False,True,True,False,False,False,False,False,False,False,True,False,True,False,False,False,True,False,False,True,False,False,True,False,False,1935.0
1,19,94.95,1760.25,0,False,True,False,True,False,True,True,False,False,False,False,False,False,False,False,False,False,True,False,True,False,False,True,False,True,False,1804.05
0,47,113.45,5317.8,0,True,True,True,True,False,True,True,False,False,True,False,True,False,True,False,True,False,True,False,True,True,False,True,False,False,False,5332.150000000001
0,43,44.15,1931.3,0,True,False,False,False,True,False,False,False,False,False,False,False,False,True,False,True,False,False,False,True,True,False,False,False,True,False,1898.45
0,57,57.5,3265.95,0,True,True,False,False,True,False,False,False,False,False,False,True,False,True,False,True,False,True,False,True,False,True,True,False,False,False,3277.5
0,59,54.15,3116.15,0,True,False,False,True,False,True,False,False,False,False,False,False,False,True,False,False,False,False,False,False,False,True,False,True,False,False,3194.85
0,12,84.6,1017.35,0,False,False,False,True,False,False,True,False,False,False,False,True,False,False,False,False,False,False,False,True,False,False,True,False,True,False,1015.1999999999999
0,43,56.35,2391.15,0,True,True,False,True,False,False,False,False,False,False,False,False,False,False,False,False,False,True,False,False,True,False,True,False,False,True,2423.05
0,64,86.55,5632.55,0,True,False,False,True,False,True,False,False,False,False,False,True,False,True,False,True,False,True,False,True,False,True,False,True,False,False,5539.2
0,6,19.85,138.85,0,True,True,True,True,False,False,False,True,True,False,True,False,True,False,True,False,True,False,True,False,False,False,False,True,False,False,119.10000000000001
1,1,70.3,70.3,1,True,True,False,True,False,False,True,False,False,False,False,False,False,False,False,False,False,False,False,False,False,False,True,False,True,False,70.3
0,17,25.15,412.6,0,True,True,True,True,False,True,False,True,True,False,True,False,True,False,True,False,True,False,True,False,False,True,True,False,False,True,427.54999999999995
1,60,106.0,6441.4,1,False,False,False,True,False,True,True,False,False,False,False,False,False,True,False,True,False,True,False,True,True,False,True,False,True,False,6360.0
0,72,114.05,8289.2,0,True,True,True,True,False,True,True,False,False,True,False,True,False,True,False,True,False,True,False,True,False,True,True,True,False,False,8211.6
0,5,43.25,219.0,1,True,False,False,False,True,False,False,False,False,True,False,True,False,True,False,True,False,False,False,False,False,False,True,False,False,True,216.25
0,65,109.3,7337.55,0,False,True,True,True,False,True,True,False,False,True,False,False,False,True,False,True,False,True,False,True,False,True,False,False,True,False,7104.5
0,6,59.45,357.6,0,True,False,False,True,False,False,False,False,False,False,False,True,False,False,False,False,False,True,False,False,False,False,False,False,True,False,356.70000000000005
0,4,74.4,299.7,1,True,False,False,True,False,False,False,False,False,False,False,False,False,True,False,True,False,True,False,True,False,False,True,False,True,False,297.6
0,20,105.85,2239.65,1,False,True,True,True,False,True,True,False,False,False,False,True,False,True,False,False,False,True,False,True,False,False,True,False,False,False,2117.0
0,61,24.4,1417.9,0,False,True,False,True,False,True,False,True,True,False,True,False,True,False,True,False,True,False,True,False,False,True,False,False,False,True,1488.3999999999999
1,65,105.25,6786.4,1,False,True,False,True,False,True,True,False,False,True,False,False,False,True,False,False,False,True,False,True,False,False,False,False,False,False,6841.25
0,72,115.55,8312.4,0,False,True,False,True,False,True,True,False,False,True,False,True,False,True,False,True,False,True,False,True,False,True,True,True,False,False,8319.6
1,8,105.5,829.55,1,False,False,False,True,False,True,True,False,False,False,False,True,False,True,False,False,False,True,False,True,False,False,True,False,True,False,844.0
0,12,74.05,872.65,1,False,False,False,True,False,True,False,False,False,False,False,False,False,False,False,True,False,True,False,True,True,False,False,False,False,True,888.5999999999999
1,43,108.15,4600.7,1,False,False,False,True,False,False,True,False,False,True,False,True,False,False,False,True,False,True,False,True,False,False,True,True,False,False,4650.45
1,30,40.3,1172.95,1,False,False,False,False,True,False,False,False,False,False,False,False,False,True,False,False,False,True,False,False,False,False,True,False,True,False,1209.0
0,58,80.65,4807.35,0,True,False,False,True,False,True,True,False,False,False,False,False,False,False,False,True,False,False,False,False,False,False,False,False,False,False,4677.700000000001
0,46,70.6,3231.05,0,False,True,False,True,False,False,False,False,False,True,False,True,False,False,False,True,False,False,False,True,True,False,False,False,False,True,3247.6
0,24,94.1,2322.85,0,True,False,False,True,False,True,True,False,False,False,False,False,False,False,False,False,False,True,False,True,False,False,True,False,True,False,2258.3999999999996
0,49,51.8,2541.25,1,True,True,True,False,True,False,False,False,False,False,False,True,False,False,False,False,False,True,False,True,True,False,True,False,False,False,2538.2
1,4,70.65,293.85,0,True,False,False,True,False,False,True,False,False,False,False,False,False,False,False,False,False,False,False,False,False,False,True,False,True,False,282.6
0,10,49.55,475.7,0,True,True,True,True,False,False,False,False,False,False,False,True,False,False,False,False,False,False,False,False,True,False,False,False,False,True,495.5
0,54,55.0,3092.65,1,True,False,True,True,False,True,False,False,False,False,False,True,False,False,False,False,False,False,False,False,False,False,True,True,False,False,2970.0
0,50,39.7,1932.75,0,False,False,False,False,True,False,False,False,False,False,False,True,False,True,False,True,False,False,False,False,False,True,False,True,False,False,1985.0000000000002
0,48,82.05,4029.95,1,False,True,True,True,False,True,True,False,False,False,False,False,False,False,False,False,False,False,False,True,True,False,True,False,False,True,3938.3999999999996
0,30,85.15,2555.9,1,False,False,False,True,False,False,True,False,False,False,False,False,False,False,False,True,False,True,False,False,False,False,False,False,True,False,2554.5
0,3,64.5,177.4,0,False,False,True,True,False,False,False,False,False,True,False,False,False,False,False,True,False,False,False,True,False,False,True,False,False,False,193.5
0,1,19.9,19.9,1,False,True,True,True,False,False,False,True,True,False,True,False,True,False,True,False,True,False,True,False,False,False,True,False,True,False,19.9
0,48,45.55,2108.35,0,False,False,True,False,True,False,False,False,False,False,False,True,False,True,False,False,False,False,False,True,False,False,False,True,False,False,2186.3999999999996
0,29,66.1,1912.15,0,False,False,False,True,False,True,False,False,False,True,False,False,False,False,False,False,False,False,False,True,False,False,True,False,True,False,1916.8999999999999
0,3,20.0,63.6,0,False,False,False,True,False,False,False,True,True,False,True,False,True,False,True,False,True,False,True,False,False,False,False,False,False,True,60.0
0,14,59.1,772.85,0,False,False,False,True,False,False,False,False,False,False,False,False,False,False,False,True,False,False,False,True,True,False,False,True,False,False,827.4
1,49,101.55,5070.4,0,False,False,False,True,False,True,True,False,False,True,False,False,False,False,False,False,False,True,False,True,False,False,False,True,False,False,4975.95
0,69,19.4,1346.2,0,False,True,True,True,False,False,False,True,True,False,True,False,True,False,True,False,True,False,True,False,False,True,False,False,False,True,1338.6
0,72,53.8,3952.45,0,False,True,True,False,True,False,False,False,False,True,False,False,False,True,False,False,False,True,False,True,False,True,True,True,False,False,3873.6
0,66,58.2,3810.8,0,False,True,True,True,False,False,False,False,False,True,False,True,False,False,False,True,False,False,False,False,False,True,True,True,False,False,3841.2000000000003
0,53,95.95,5036.9,0,True,False,True,True,False,False,True,False,False,True,False,True,False,True,False,False,False,False,False,True,True,False,False,False,True,False,5085.35
1,15,85.6,1345.55,1,True,True,False,True,False,True,True,False,False,False,False,False,False,False,False,False,False,False,False,True,False,False,True,False,False,False,1284.0
0,10,29.6,299.05,0,False,False,False,False,True,False,False,False,False,False,False,False,False,False,False,True,False,False,False,False,False,True,True,False,False,True,296.0
0,27,50.35,1411.35,0,True,False,False,True,False,False,False,False,False,True,False,False,False,False,False,False,False,False,False,False,False,False,False,False,False,True,1359.45
0,72,73.0,5265.2,0,False,False,False,True,False,False,False,False,False,True,False,True,False,True,False,True,False,False,False,True,False,True,True,True,False,False,5256.0
0,21,54.6,1125.2,0,True,True,False,True,False,False,False,False,False,False,False,False,False,False,False,False,False,True,False,False,False,False,False,False,False,False,1146.6000000000001
0,1,54.75,54.75,1,False,False,False,True,False,False,False,False,False,False,False,False,False,False,False,False,False,False,False,True,False,False,True,False,False,True,54.75
0,55,58.6,3068.6,0,True,True,False,True,False,False,False,False,False,True,False,True,False,True,False,False,False,False,False,False,False,True,False,False,True,False,3223.0
0,58,20.3,1160.75,0,False,True,True,True,False,False,False,True,True,False,True,False,True,False,True,False,True,False,True,False,False,True,False,True,False,False,1177.4
1,6,74.4,434.1,1,False,False,False,True,False,False,True,False,False,False,False,False,False,True,False,False,False,False,False,False,False,False,False,False,True,False,446.40000000000003
0,12,19.7,260.9,0,False,False,False,True,False,False,False,True,True,False,True,False,True,False,True,False,True,False,True,False,True,False,False,False,False,True,236.39999999999998
0,18,40.2,711.95,0,False,False,False,False,True,False,False,False,False,True,False,True,False,False,False,True,False,False,False,False,True,False,True,False,False,True,723.6
0,3,70.3,220.4,0,True,False,False,True,False,False,True,False,False,False,False,False,False,False,False,False,False,False,False,False,False,False,True,False,False,True,210.89999999999998
0,55,59.45,3157.0,0,True,True,True,True,False,False,False,False,False,True,False,False,False,False,False,False,False,False,False,True,True,False,False,True,False,False,3269.75
0,4,74.65,301.4,1,True,True,False,True,False,True,True,False,False,False,False,False,False,False,False,False,False,False,False,False,False,False,True,False,True,False,298.6
1,10,34.7,329.8,1,False,False,False,False,True,False,False,False,False,False,False,False,False,False,False,False,False,False,False,True,False,False,True,False,True,False,347.0
1,70,90.85,6470.1,0,False,True,False,True,False,True,True,False,False,True,False,False,False,False,False,False,False,False,False,True,False,False,True,False,True,False,6359.5
0,50,19.75,989.05,0,False,False,False,True,False,False,False,True,True,False,True,False,True,False,True,False,True,False,True,False,True,False,False,False,False,False,987.5
0,72,24.3,1643.25,0,True,True,True,True,False,True,False,True,True,False,True,False,True,False,True,False,True,False,True,False,False,True,False,False,False,False,1749.6000000000001
1,66,110.9,7432.05,1,True,False,False,True,False,True,True,False,False,False,False,True,False,True,False,True,False,True,False,True,True,False,False,True,False,False,7319.400000000001
1,2,94.0,181.7,1,True,False,False,True,False,True,True,False,False,False,False,False,False,False,False,False,False,True,False,True,False,False,True,False,True,False,188.0
0,44,77.55,3471.1,0,False,False,True,True,False,True,False,False,False,False,False,True,False,False,False,False,False,True,False,True,True,False,True,False,False,True,3412.2
0,56,24.9,1334.0,1,True,False,False,True,False,True,False,True,True,False,True,False,True,False,True,False,True,False,True,False,True,False,False,False,True,False,1394.3999999999999
0,6,49.5,312.7,0,True,False,False,True,False,False,False,False,False,False,False,False,False,False,False,True,False,False,False,False,False,False,True,True,False,False,297.0
0,25,20.95,495.15,0,True,True,False,True,False,False,False,True,True,False,True,False,True,False,True,False,True,False,True,False,True,False,True,False,False,False,523.75
0,6,20.6,116.6,0,True,False,False,True,False,False,False,True,True,False,True,False,True,False,True,False,True,False,True,False,True,False,False,False,False,True,123.60000000000001
0,1,45.1,45.1,1,True,False,False,True,False,False,False,False,False,False,False,False,False,False,False,False,False,False,False,False,False,False,True,False,False,False,45.1
0,53,106.1,5769.75,1,False,True,False,True,False,False,True,False,False,True,False,True,False,True,False,False,False,True,False,True,True,False,True,False,False,False,5623.299999999999
0,14,105.95,1348.9,1,False,True,False,True,False,False,True,False,False,True,False,True,False,False,False,True,False,True,False,True,True,False,False,False,False,True,1483.3
0,66,54.65,3632.0,0,True,True,True,False,True,False,False,False,False,False,False,False,False,True,False,True,False,True,False,True,False,True,False,False,False,False,3606.9
0,68,100.3,6754.35,0,True,True,False,True,False,False,True,False,False,False,False,True,False,False,False,True,False,True,False,True,True,False,True,False,True,False,6820.4
0,28,54.65,1517.5,0,False,False,False,True,False,False,False,False,False,False,False,True,False,False,False,True,False,False,False,False,False,False,False,False,False,False,1530.2
0,3,29.7,91.7,1,False,True,True,False,True,False,False,False,False,True,False,False,False,False,False,False,False,False,False,False,False,False,False,True,False,False,89.1
0,24,94.6,2283.15,0,False,False,False,True,False,False,True,False,False,True,False,False,False,False,False,False,False,True,False,True,False,False,True,False,True,False,2270.3999999999996
0,9,40.75,359.4,0,False,False,False,False,True,False,False,False,False,False,False,True,False,False,False,False,False,False,False,True,False,False,False,False,True,False,366.75
0,22,20.45,471.55,0,True,True,False,True,False,False,False,True,True,False,True,False,True,False,True,False,True,False,True,False,False,False,True,False,False,False,449.9
0,56,105.45,5916.95,0,False,False,False,True,False,True,True,False,False,False,False,True,False,False,False,True,False,True,False,True,False,False,True,False,False,False,5905.2
0,21,45.65,985.05,0,True,False,True,True,False,False,False,False,False,False,False,False,False,False,False,False,False,False,False,False,False,False,False,False,False,True,958.65
1,16,86.6,1281.0,1,True,False,False,True,False,True,True,False,False,False,False,False,False,False,False,False,False,True,False,False,False,False,True,False,True,False,1385.6
0,72,25.2,1798.9,0,True,True,True,True,False,True,False,True,True,False,True,False,True,False,True,False,True,False,True,False,False,True,True,False,False,False,1814.3999999999999
0,1,44.95,44.95,0,True,False,False,True,False,False,False,False,False,False,False,False,False,False,False,False,False,False,False,False,False,False,True,False,False,True,44.95
0,32,98.85,3089.6,0,False,True,True,True,False,True,True,False,False,False,False,True,False,False,False,False,False,True,False,True,False,False,True,False,True,False,3163.2
0,1,19.75,19.75,0,False,False,False,True,False,False,False,True,True,False,True,False,True,False,True,False,True,False,True,False,False,False,False,False,False,True,19.75
0,25,19.05,461.3,0,False,False,False,True,False,False,False,True,True,False,True,False,True,False,True,False,True,False,True,False,False,False,False,False,False,True,476.25
0,17,61.95,1070.7,0,False,True,True,True,False,True,False,False,False,False,False,False,False,True,False,True,False,False,False,False,True,False,True,False,False,True,1053.15
0,33,95.8,3036.75,1,True,True,False,True,False,False,True,False,False,False,False,False,False,True,False,False,False,True,False,True,True,False,True,False,True,False,3161.4
0,14,69.2,944.65,0,True,True,True,True,False,True,False,False,False,True,False,True,False,False,False,False,False,False,False,True,False,False,False,False,False,True,968.8000000000001
0,72,65.5,4919.7,0,False,True,False,False,True,False,False,False,False,True,False,True,False,True,False,True,False,True,False,True,False,True,False,False,False,False,4716.0
0,47,103.1,4889.3,0,True,False,False,True,False,True,True,False,False,False,False,True,False,True,False,False,False,True,False,True,True,False,True,False,True,False,4845.7
0,39,104.7,4134.85,1,False,True,False,True,False,False,True,False,False,True,False,False,False,True,False,True,False,True,False,True,True,False,True,True,False,False,4083.3
0,6,20.95,109.5,0,False,False,False,True,False,False,False,True,True,False,True,False,True,False,True,False,True,False,True,False,False,False,True,False,False,True,125.69999999999999
0,11,20.6,233.9,0,False,True,True,True,False,False,False,True,True,False,True,False,True,False,True,False,True,False,True,False,True,False,False,False,False,True,226.60000000000002
1,20,91.0,1859.5,0,False,True,False,True,False,False,True,False,False,False,False,False,False,False,False,False,False,True,False,True,True,False,True,False,False,False,1820.0
0,62,105.5,6487.2,0,True,True,True,True,False,True,True,False,False,True,False,True,False,False,False,False,False,True,False,True,False,False,True,False,True,False,6541.0
0,1,24.25,24.25,1,True,False,False,False,True,False,False,False,False,False,False,False,False,False,False,False,False,False,False,False,False,False,True,False,True,False,24.25
0,34,40.55,1325.85,0,True,True,True,False,True,False,False,False,False,False,False,False,False,False,False,True,False,True,False,False,False,True,True,False,True,False,1378.6999999999998
0,28,85.45,2289.9,0,True,True,True,True,False,False,True,False,False,False,False,False,False,True,False,False,False,True,False,False,False,False,False,False,True,False,2392.6
0,42,45.1,2049.05,0,True,True,True,False,True,False,False,False,False,False,False,True,False,True,False,False,False,False,False,True,True,False,True,True,False,False,1894.2
1,24,40.65,933.3,1,False,True,False,False,True,False,False,False,False,False,False,False,False,True,False,False,False,False,False,True,False,False,True,True,False,False,975.5999999999999
0,55,73.1,4144.9,0,False,False,False,True,False,True,True,False,False,False,False,False,False,False,False,False,False,False,False,False,False,False,True,False,True,False,4020.4999999999995
0,36,84.75,3050.15,1,True,False,False,True,False,True,True,False,False,False,False,False,False,False,False,False,False,False,False,True,False,False,True,False,True,False,3051.0
0,24,55.65,1400.55,1,True,False,False,True,False,True,False,False,False,True,False,False,False,False,False,False,False,False,False,False,False,False,True,False,False,False,1335.6
0,25,65.8,1679.65,0,False,False,False,True,False,False,False,False,False,False,False,True,False,False,False,True,False,False,False,True,False,False,True,False,False,False,1645.0
0,33,20.1,579.4,0,False,True,True,True,False,False,False,True,True,False,True,False,True,False,True,False,True,False,True,False,True,False,False,False,False,True,663.3000000000001
1,1,78.45,78.45,1,False,False,False,True,False,False,True,False,False,False,False,False,False,False,False,False,False,True,False,False,False,False,False,False,True,False,78.45
1,2,70.35,139.05,1,False,False,False,True,False,False,True,False,False,False,False,False,False,False,False,False,False,False,False,False,False,False,True,False,True,False,140.7
0,39,100.55,3895.35,0,True,False,True,True,False,True,True,False,False,False,False,False,False,False,False,True,False,True,False,True,False,True,False,False,False,True,3921.45
0,55,54.55,2978.3,1,True,True,False,False,True,False,False,False,False,False,False,False,False,True,False,True,False,True,False,True,False,False,True,False,False,False,3000.25
0,72,71.45,5025.85,0,False,True,True,True,False,True,False,False,False,True,False,False,False,True,False,False,False,True,False,False,False,True,True,False,False,False,5144.400000000001
0,70,74.1,5222.3,0,False,True,True,True,False,False,False,False,False,True,False,True,False,True,False,True,False,False,False,True,True,False,False,True,False,False,5187.0
0,4,68.65,261.25,1,False,False,False,True,False,False,False,False,False,False,False,True,False,False,False,False,False,True,False,True,False,False,True,False,False,False,274.6
0,7,85.2,602.55,1,True,False,False,True,False,True,True,False,False,False,False,False,False,False,False,False,False,False,False,True,False,False,True,False,False,True,596.4
0,54,20.35,1092.35,0,False,True,True,True,False,False,False,True,True,False,True,False,True,False,True,False,True,False,True,False,False,True,True,False,False,False,1098.9
0,31,104.2,3243.45,1,False,True,True,True,False,True,True,False,False,False,False,False,False,True,False,True,False,True,False,True,False,False,True,False,True,False,3230.2000000000003
1,60,74.85,4456.35,0,False,True,True,True,False,False,False,False,False,True,False,True,False,True,False,True,False,False,False,True,True,False,True,True,False,False,4491.0
0,1,50.15,50.15,0,False,False,False,True,False,False,False,False,False,True,False,False,False,False,False,False,False,False,False,False,False,False,False,False,True,False,50.15
1,65,70.95,4555.2,0,True,True,False,True,False,False,True,False,False,False,False,False,False,False,False,False,False,False,False,False,True,False,True,False,False,False,4611.75
0,12,20.15,260.7,0,False,False,False,True,False,False,False,True,True,False,True,False,True,False,True,False,True,False,True,False,True,False,False,False,True,False,241.79999999999998
0,72,65.1,4754.3,0,True,True,True,False,True,False,False,False,False,True,False,True,False,True,False,True,False,True,False,True,False,True,True,True,False,False,4687.2
0,7,19.3,144.95,0,False,False,False,True,False,False,False,True,True,False,True,False,True,False,True,False,True,False,True,False,False,False,False,False,False,True,135.1
1,44,85.15,3670.5,0,False,True,False,True,False,False,True,False,False,True,False,True,False,False,False,True,False,False,False,False,False,False,True,False,True,False,3746.6000000000004
1,7,89.0,605.45,0,True,True,False,True,False,False,True,False,False,False,False,False,False,False,False,False,False,True,False,True,False,False,True,False,True,False,623.0
0,12,25.0,316.2,0,True,False,False,True,False,True,False,True,True,False,True,False,True,False,True,False,True,False,True,False,False,False,False,False,True,False,300.0
0,62,60.15,3753.2,0,True,True,False,True,False,False,False,False,False,False,False,True,False,True,False,True,False,False,False,False,False,True,True,True,False,False,3729.2999999999997
0,4,20.5,77.6,0,True,True,True,True,False,False,False,True,True,False,True,False,True,False,True,False,True,False,True,False,False,False,True,False,False,True,82.0
0,5,64.0,370.25,0,False,False,False,True,False,True,False,False,False,False,False,True,False,False,False,False,False,False,False,True,False,False,True,False,True,False,320.0
0,2,75.8,160.75,1,False,False,False,True,False,False,True,False,False,False,False,False,False,True,False,False,False,False,False,False,False,False,True,False,True,False,151.6
0,1,70.3,70.3,1,True,False,False,True,False,False,True,False,False,False,False,False,False,False,False,False,False,False,False,False,False,False,True,False,True,False,70.3
0,40,71.35,2847.2,0,False,True,True,True,False,False,False,False,False,True,False,True,False,False,False,True,False,False,False,True,False,False,True,False,False,True,2854.0
0,1,35.9,35.9,0,False,False,False,False,True,False,False,False,False,False,False,False,False,True,False,True,False,False,False,False,False,False,False,False,False,True,35.9
0,25,19.6,411.15,0,True,True,True,True,False,False,False,True,True,False,True,False,True,False,True,False,True,False,True,False,True,False,False,False,True,False,490.00000000000006
0,6,55.7,335.65,0,True,False,False,True,False,False,False,False,False,True,False,True,False,False,False,False,False,False,False,False,False,False,True,False,False,False,334.20000000000005
0,41,74.25,3089.1,0,True,False,False,True,False,False,True,False,False,False,False,False,False,False,False,True,False,False,False,False,False,False,True,False,True,False,3044.25
0,9,50.1,484.05,0,True,False,True,True,False,False,False,False,False,False,False,True,False,False,False,False,False,False,False,False,False,False,True,False,True,False,450.90000000000003
1,1,75.35,75.35,1,True,False,False,True,False,True,True,False,False,False,False,False,False,False,False,False,False,False,False,False,False,False,True,False,True,False,75.35
0,22,76.0,1783.6,0,False,False,False,True,False,True,True,False,False,False,False,False,False,False,False,False,False,False,False,False,True,False,True,True,False,False,1672.0
0,38,89.1,3342.0,0,False,False,False,True,False,False,True,False,False,False,False,False,False,False,False,False,False,True,False,True,True,False,True,False,False,True,3385.7999999999997
0,23,99.25,2186.4,1,True,True,False,True,False,True,True,False,False,True,False,True,False,True,False,False,False,True,False,False,False,False,True,False,True,False,2282.75
0,60,76.95,4543.95,0,True,True,True,True,False,False,False,False,False,False,False,True,False,False,False,True,False,True,False,True,False,True,False,False,False,False,4617.0
0,47,66.05,3021.45,0,False,True,False,True,False,False,False,False,False,True,False,False,False,True,False,False,False,True,False,False,True,False,True,True,False,False,3104.35
0,72,92.65,6733.0,0,False,True,True,True,False,True,False,False,False,True,False,True,False,True,False,True,False,True,False,True,False,True,False,False,False,False,6670.8
0,70,106.05,7554.05,0,True,True,True,True,False,True,True,False,False,True,False,True,False,False,False,False,False,True,False,True,False,False,True,False,True,False,7423.5
0,1,70.6,70.6,0,True,False,False,True,False,False,True,False,False,False,False,False,False,False,False,False,False,False,False,False,False,False,True,False,False,True,70.6
0,4,85.95,381.3,1,False,True,True,True,False,True,True,False,False,False,False,False,False,False,False,False,False,False,False,True,False,False,True,False,True,False,343.8
0,8,75.6,535.55,0,False,False,False,True,False,False,True,False,False,False,False,True,False,False,False,False,False,False,False,False,False,False,False,False,True,False,604.8
0,71,114.0,8175.9,0,True,True,True,True,False,True,True,False,False,True,False,True,False,True,False,True,False,True,False,True,False,True,True,False,False,False,8094.0
0,2,80.2,146.05,1,False,False,False,True,False,False,True,False,False,False,False,False,False,False,False,False,False,True,False,False,False,False,True,False,True,False,160.4
0,34,19.6,678.8,0,True,True,True,True,False,False,False,True,True,False,True,False,True,False,True,False,True,False,True,False,True,False,False,True,False,False,666.4000000000001
0,40,80.0,3168.75,0,True,True,False,True,False,False,True,False,False,False,False,True,False,True,False,False,False,False,False,False,False,False,True,False,True,False,3200.0
0,20,19.4,415.4,0,True,False,False,True,False,False,False,True,True,False,True,False,True,False,True,False,True,False,True,False,False,False,False,False,False,True,388.0
0,27,89.2,2383.6,0,False,False,False,True,False,False,True,False,False,False,False,False,False,True,False,True,False,False,False,True,False,False,True,False,True,False,2408.4
0,30,97.0,3021.3,0,True,False,False,True,False,False,True,False,False,False,False,True,False,False,False,False,False,True,False,True,True,False,True,False,False,False,2910.0
0,9,69.05,651.5,0,False,False,False,True,False,False,True,False,False,False,False,False,False,False,False,False,False,False,False,False,False,False,False,False,True,False,621.4499999999999
0,3,94.9,273.2,0,False,True,False,True,False,True,True,False,False,False,False,False,False,False,False,False,False,True,False,True,False,False,False,False,True,False,284.70000000000005
0,12,24.95,280.4,0,True,False,False,True,False,True,False,True,True,False,True,False,True,False,True,False,True,False,True,False,True,False,False,True,False,False,299.4
0,71,85.75,6223.8,0,False,True,False,True,False,True,False,False,False,True,False,True,False,True,False,True,False,True,False,True,False,True,False,True,False,False,6088.25
0,27,24.5,761.95,0,False,True,True,True,False,True,False,True,True,False,True,False,True,False,True,False,True,False,True,False,False,True,False,False,True,False,661.5
0,40,64.1,2460.35,0,False,False,True,True,False,False,False,False,False,True,False,False,False,False,False,True,False,True,False,False,False,False,True,True,False,False,2564.0
0,52,30.1,1623.4,0,True,False,False,False,True,False,False,False,False,False,False,True,False,False,False,False,False,False,False,False,True,False,False,False,False,True,1565.2
0,70,94.8,6859.05,0,False,True,False,True,False,True,False,False,False,True,False,True,False,True,False,True,False,True,False,True,False,True,True,True,False,False,6636.0
0,3,70.7,225.65,0,True,False,True,True,False,False,False,False,False,False,False,False,False,False,False,True,False,True,False,True,False,False,False,False,False,True,212.10000000000002
0,10,24.4,253.9,0,True,True,True,True,False,True,False,True,True,False,True,False,True,False,True,False,True,False,True,False,False,False,True,False,False,True,244.0
0,7,19.25,112.3,1,True,False,False,True,False,False,False,True,True,False,True,False,True,False,True,False,True,False,True,False,False,False,False,False,True,False,134.75
0,61,96.5,5673.7,0,True,True,False,True,False,True,True,False,False,False,False,False,False,False,False,False,False,True,False,True,True,False,True,False,False,False,5886.5
0,7,62.8,418.3,0,False,False,False,True,False,False,False,False,False,False,False,False,False,True,False,True,False,False,False,True,False,False,False,False,False,False,439.59999999999997
0,72,104.9,7537.5,0,True,True,True,True,False,True,True,False,False,True,False,True,False,True,False,True,False,False,False,True,True,False,True,True,False,False,7552.8
0,1,20.45,20.45,0,True,False,False,True,False,False,False,True,True,False,True,False,True,False,True,False,True,False,True,False,False,False,True,False,False,True,20.45
0,1,60.1,60.1,1,True,False,False,True,False,True,False,False,False,False,False,True,False,False,False,True,False,False,False,False,False,False,False,False,False,True,60.1
1,3,77.0,237.75,1,True,False,False,True,False,True,True,False,False,False,False,False,False,False,False,False,False,False,False,False,False,False,True,False,True,False,231.0
0,25,25.5,630.6,0,True,True,True,True,False,True,False,True,True,False,True,False,True,False,True,False,True,False,True,False,False,True,False,True,False,False,637.5
0,1,30.5,30.5,1,False,True,True,False,True,False,False,False,False,True,False,False,False,False,False,False,False,False,False,False,False,False,False,False,False,False,30.5
0,33,79.15,2531.4,0,False,True,True,True,False,True,False,False,False,False,False,False,False,True,False,True,False,True,False,True,True,False,True,False,True,False,2611.9500000000003
1,32,79.5,2665.0,0,False,False,False,True,False,False,True,False,False,False,False,False,False,False,False,False,False,False,False,True,False,False,True,False,True,False,2544.0
0,52,24.55,1331.05,0,True,True,True,True,False,True,False,True,True,False,True,False,True,False,True,False,True,False,True,False,False,True,False,False,False,True,1276.6000000000001
1,28,101.3,2812.2,1,False,True,False,True,False,True,True,False,False,False,False,False,False,False,False,True,False,True,False,True,False,False,True,True,False,False,2836.4
1,16,84.75,1350.15,1,False,False,False,True,False,True,True,False,False,False,False,False,False,False,False,False,False,True,False,False,False,False,True,False,True,False,1356.0
0,26,78.95,2034.25,0,True,True,True,True,False,False,True,False,False,False,False,False,False,False,False,False,False,False,False,True,True,False,False,False,False,False,2052.7000000000003
0,1,78.95,78.95,1,True,False,False,True,False,False,True,False,False,False,False,False,False,False,False,False,False,True,False,False,False,False,True,False,True,False,78.95
0,58,82.5,4828.05,0,True,True,True,True,False,True,True,False,False,False,False,False,False,False,False,False,False,True,False,False,False,True,False,False,False,False,4785.0
1,60,105.9,6401.25,0,False,True,False,True,False,True,True,False,False,False,False,True,False,True,False,False,False,True,False,True,False,False,True,False,True,False,6354.0
0,32,91.05,2871.5,0,True,False,False,True,False,False,True,False,False,False,False,False,False,False,False,False,False,True,False,True,False,False,False,False,True,False,2913.6
0,18,19.55,389.25,0,False,False,False,True,False,False,False,True,True,False,True,False,True,False,True,False,True,False,True,False,False,False,True,False,False,True,351.90000000000003
0,1,95.45,95.45,1,True,False,False,True,False,True,True,False,False,False,False,False,False,False,False,False,False,True,False,True,False,False,True,False,True,False,95.45
1,48,29.9,1388.75,0,False,True,True,False,True,False,False,False,False,False,False,True,False,False,False,False,False,False,False,False,True,False,False,False,False,False,1435.1999999999998
1,51,84.2,4146.05,1,True,True,True,True,False,True,True,False,False,False,False,True,False,True,False,False,False,False,False,False,False,False,True,False,True,False,4294.2
0,72,54.2,3937.45,1,False,True,False,False,True,False,False,False,False,False,False,True,False,True,False,False,False,True,False,True,False,True,True,False,True,False,3902.4
0,23,81.0,1917.1,1,True,False,False,True,False,True,True,False,False,False,False,False,False,True,False,False,False,False,False,False,False,False,True,False,True,False,1863.0
0,5,81.3,416.3,1,True,True,False,True,False,True,True,False,False,False,False,True,False,False,False,False,False,False,False,False,False,False,True,False,True,False,406.5
1,11,19.95,214.75,1,True,True,False,True,False,False,False,True,True,False,True,False,True,False,True,False,True,False,True,False,False,False,False,False,False,True,219.45
1,52,104.2,5568.35,1,True,True,False,True,False,True,True,False,False,True,False,False,False,True,False,False,False,True,False,True,False,False,True,False,True,False,5418.400000000001
0,41,50.05,2029.05,0,False,False,False,True,False,False,False,False,False,False,False,False,False,False,False,True,False,False,False,False,True,False,False,False,False,False,2052.0499999999997
0,63,81.55,5029.05,0,False,True,False,True,False,True,True,False,False,False,False,True,False,False,False,False,False,False,False,False,False,False,True,False,False,False,5137.65
0,61,106.2,6375.2,0,True,True,False,True,False,True,True,False,False,True,False,True,False,False,False,False,False,True,False,True,False,False,True,False,True,False,6478.2
0,12,89.15,1057.55,0,False,False,False,True,False,True,True,False,False,False,False,True,False,False,False,False,False,False,False,True,False,False,True,False,True,False,1069.8000000000002
0,1,90.6,90.6,1,False,False,False,True,False,False,True,False,False,False,False,False,False,False,False,False,False,True,False,True,False,False,False,False,True,False,90.6
0,4,19.75,78.3,0,True,False,False,True,False,False,False,True,True,False,True,False,True,False,True,False,True,False,True,False,False,False,False,False,False,True,79.0
0,14,80.05,1112.3,0,False,False,False,True,False,False,True,False,False,False,False,True,False,False,False,True,False,False,False,False,False,False,True,True,False,False,1120.7
0,69,23.95,1713.1,0,True,False,False,True,False,True,False,True,True,False,True,False,True,False,True,False,True,False,True,False,False,True,False,False,False,False,1652.55
0,44,54.0,2440.25,0,True,False,False,False,True,False,False,False,False,True,False,False,False,True,False,False,False,True,False,True,True,False,True,False,True,False,2376.0
1,13,100.8,1308.1,1,False,False,False,True,False,True,True,False,False,True,False,False,False,False,False,False,False,True,False,True,False,False,True,False,True,False,1310.3999999999999
0,9,101.5,906.85,0,True,True,True,True,False,False,True,False,False,False,False,True,False,False,False,True,False,True,False,True,False,False,True,False,True,False,913.5
0,22,20.15,432.5,0,True,False,True,True,False,False,False,True,True,False,True,False,True,False,True,False,True,False,True,False,False,False,False,True,False,False,443.29999999999995
0,1,20.5,20.5,1,False,True,True,True,False,False,False,True,True,False,True,False,True,False,True,False,True,False,True,False,False,False,True,False,False,True,20.5
1,1,43.3,43.3,1,True,False,False,False,True,False,False,False,False,False,False,True,False,True,False,False,False,False,False,True,False,False,True,False,True,False,43.3
0,71,93.7,6585.35,1,False,True,False,True,False,True,True,False,False,False,False,False,False,False,False,False,False,True,False,True,False,True,True,False,False,False,6652.7
0,42,22.95,1014.25,0,False,True,True,True,False,True,False,True,True,False,True,False,True,False,True,False,True,False,True,False,False,True,False,False,True,False,963.9
0,1,79.55,79.55,1,True,False,False,True,False,False,True,False,False,False,False,False,False,False,False,False,False,True,False,False,False,False,True,False,True,False,79.55
0,1,74.9,74.9,1,True,False,False,True,False,True,True,False,False,False,False,False,False,False,False,False,False,False,False,False,False,False,True,False,True,False,74.9
1,42,84.65,3541.35,1,False,False,False,True,False,True,True,False,False,False,False,False,False,False,False,False,False,True,False,False,False,False,True,False,True,False,3555.3
0,8,56.3,401.5,0,False,True,True,True,False,False,False,False,False,False,False,True,False,False,False,True,False,False,False,False,False,False,False,False,False,False,450.4
1,65,100.75,6674.65,0,True,True,False,True,False,True,True,False,False,True,False,False,False,False,False,False,False,True,False,True,True,False,True,False,True,False,6548.75
0,20,68.7,1416.2,0,True,False,False,True,False,True,False,False,False,False,False,True,False,False,False,True,False,True,False,False,True,False,True,False,True,False,1374.0
0,1,81.95,81.95,1,False,False,False,True,False,False,True,False,False,False,False,False,False,False,False,False,False,False,False,True,False,False,True,False,True,False,81.95
0,42,69.4,3058.3,0,True,True,True,True,False,True,False,False,False,True,False,True,False,False,False,False,False,True,False,False,False,False,True,False,False,False,2914.8
0,51,23.95,1216.35,0,True,True,True,True,False,True,False,True,True,False,True,False,True,False,True,False,True,False,True,False,True,False,True,False,False,True,1221.45
0,43,80.2,3581.6,0,True,True,False,True,False,True,False,False,False,True,False,False,False,True,False,False,False,True,False,True,True,False,True,False,True,False,3448.6
0,46,94.15,4408.45,0,False,False,False,True,False,True,True,False,False,False,False,True,False,True,False,False,False,False,False,True,True,False,True,False,True,False,4330.900000000001
0,52,89.25,4652.4,0,True,False,False,True,False,True,False,False,False,True,False,True,False,True,False,True,False,True,False,True,False,True,True,False,False,True,4641.0
0,10,19.8,198.25,0,False,False,False,True,False,False,False,True,True,False,True,False,True,False,True,False,True,False,True,False,True,False,True,False,False,True,198.0
1,35,91.0,3180.5,0,True,False,False,True,False,True,True,False,False,True,False,False,False,False,False,False,False,False,False,True,False,False,False,True,False,False,3185.0
0,66,65.85,4097.05,0,True,True,True,True,False,False,False,False,False,True,False,True,False,True,False,True,False,False,False,False,False,True,False,False,False,True,4346.099999999999
0,52,95.7,4976.15,0,False,True,True,True,False,True,True,False,False,False,False,True,False,True,False,False,False,True,False,False,True,False,True,True,False,False,4976.400000000001
0,46,108.65,4903.2,0,True,False,False,True,False,True,True,False,False,False,False,True,False,True,False,True,False,True,False,True,False,True,False,False,True,False,4997.900000000001
0,50,70.5,3486.65,0,True,True,True,True,False,True,False,False,False,True,False,False,False,False,False,True,False,True,False,False,False,True,True,True,False,False,3525.0
0,13,102.25,1359.0,1,True,True,False,True,False,True,True,False,False,False,False,False,False,True,False,False,False,True,False,True,False,False,True,True,False,False,1329.25
1,27,78.05,2135.5,1,False,False,False,True,False,True,True,False,False,False,False,False,False,True,False,False,False,False,False,False,False,False,True,False,True,False,2107.35
0,22,100.65,2415.95,0,True,False,False,True,False,True,True,False,False,False,False,True,False,False,False,False,False,True,False,True,False,False,True,False,True,False,2214.3
0,71,86.1,6045.9,0,True,True,False,True,False,False,False,False,False,True,False,True,False,True,False,True,False,True,False,True,False,True,True,False,False,False,6113.099999999999
0,26,45.45,1233.15,0,True,False,False,True,False,False,False,False,False,False,False,False,False,False,False,False,False,False,False,False,False,False,False,False,True,False,1181.7
1,45,93.9,4200.25,0,True,False,False,True,False,True,True,False,False,False,False,False,False,False,False,False,False,True,False,True,False,False,True,False,False,False,4225.5
0,16,19.35,295.55,0,False,False,False,True,False,False,False,True,True,False,True,False,True,False,True,False,True,False,True,False,True,False,False,True,False,False,309.6
0,49,106.65,5168.1,0,True,False,False,True,False,True,True,False,False,False,False,True,False,False,False,True,False,True,False,True,True,False,True,False,False,False,5225.85
0,14,25.55,372.45,0,False,True,True,True,False,True,False,True,True,False,True,False,True,False,True,False,True,False,True,False,False,False,False,False,False,True,357.7
1,17,45.05,770.6,1,True,False,False,True,False,False,False,False,False,False,False,False,False,False,False,False,False,False,False,False,False,False,True,False,True,False,765.8499999999999
0,72,23.75,1679.25,0,False,True,True,True,False,True,False,True,True,False,True,False,True,False,True,False,True,False,True,False,False,True,False,False,False,False,1710.0
0,49,94.8,4690.65,0,True,True,False,True,False,False,True,False,False,False,False,True,False,False,False,False,False,True,False,True,False,True,True,False,True,False,4645.2
0,67,20.55,1343.4,0,False,False,False,True,False,False,False,True,True,False,True,False,True,False,True,False,True,False,True,False,True,False,False,False,True,False,1376.8500000000001
0,29,31.2,926.2,0,False,False,False,False,True,False,False,False,False,False,False,False,False,False,False,True,False,False,False,False,False,False,True,False,True,False,904.8
0,13,97.0,1334.45,0,True,True,True,True,False,False,True,False,False,False,False,False,False,True,False,False,False,True,False,True,False,False,False,False,True,False,1261.0
0,72,109.55,7887.25,0,False,True,True,True,False,True,True,False,False,True,False,True,False,True,False,False,False,True,False,True,False,True,False,True,False,False,7887.599999999999
0,58,50.3,2878.55,0,True,True,False,True,False,False,False,False,False,False,False,False,False,True,False,False,False,False,False,False,True,False,False,True,False,False,2917.3999999999996
0,72,90.45,6565.85,0,True,True,True,True,False,True,True,False,False,False,False,True,False,True,False,True,False,False,False,False,False,True,False,False,False,False,6512.400000000001
1,1,72.1,72.1,0,False,False,False,True,False,True,True,False,False,False,False,False,False,False,False,False,False,False,False,False,False,False,True,False,True,False,72.1
1,5,20.05,94.15,0,True,False,False,True,False,False,False,True,True,False,True,False,True,False,True,False,True,False,True,False,False,False,False,False,False,False,100.25
0,34,116.15,3946.9,0,False,False,True,True,False,True,True,False,False,True,False,True,False,True,False,True,False,True,False,True,False,True,True,True,False,False,3949.1000000000004
0,72,117.6,8308.9,0,False,True,True,True,False,True,True,False,False,True,False,True,False,True,False,True,False,True,False,True,False,True,True,False,False,False,8467.199999999999
1,51,94.0,4905.75,0,True,False,False,True,False,False,True,False,False,False,False,False,False,True,False,False,False,True,False,True,True,False,True,False,False,False,4794.0
0,4,56.5,235.1,1,False,True,True,True,False,False,False,False,False,False,False,True,False,False,False,True,False,False,False,False,False,False,False,False,False,True,226.0
0,4,85.65,338.9,1,True,False,False,True,False,True,True,False,False,False,False,False,False,False,False,False,False,False,False,True,False,False,True,False,True,False,342.6
1,24,93.55,2264.05,1,False,True,False,True,False,True,True,False,False,False,False,False,False,False,False,False,False,True,False,True,False,False,True,False,True,False,2245.2
1,31,50.4,1580.1,0,False,True,False,False,True,False,False,False,False,True,False,True,False,True,False,False,False,False,False,True,True,False,True,True,False,False,1562.3999999999999
0,1,54.35,54.35,1,True,False,False,True,False,True,False,False,False,False,False,False,False,True,False,False,False,False,False,False,False,False,False,False,True,False,54.35
1,1,45.1,45.1,1,True,False,False,True,False,False,False,False,False,False,False,False,False,False,False,False,False,False,False,False,False,False,False,False,True,False,45.1
0,34,67.65,2339.3,0,False,False,True,True,False,False,False,False,False,True,False,False,False,True,False,True,False,True,False,False,False,True,False,True,False,False,2300.1000000000004
1,22,74.4,1692.6,1,False,False,False,True,False,True,True,False,False,False,False,False,False,False,False,False,False,False,False,False,False,False,True,False,False,False,1636.8000000000002
1,4,20.05,91.45,0,False,False,False,True,False,False,False,True,True,False,True,False,True,False,True,False,True,False,True,False,False,False,False,False,False,True,80.2
0,72,100.9,7459.05,0,True,False,False,True,False,True,True,False,False,False,False,True,False,True,False,False,False,True,False,True,False,True,True,False,False,False,7264.8
0,8,20.25,158.35,0,True,True,False,True,False,False,False,True,True,False,True,False,True,False,True,False,True,False,True,False,False,False,False,False,False,True,162.0
0,1,24.45,24.45,1,True,False,False,False,True,False,False,False,False,False,False,False,False,False,False,False,False,False,False,False,False,False,True,False,False,True,24.45
0,1,79.7,79.7,1,False,False,False,True,False,False,True,False,False,False,False,False,False,False,False,False,False,False,False,True,False,False,True,False,True,False,79.7
0,1,25.7,25.7,0,False,False,False,True,False,True,False,True,True,False,True,False,True,False,True,False,True,False,True,False,False,False,True,False,True,False,25.7
0,9,90.8,809.75,1,False,False,False,True,False,False,True,False,False,False,False,False,False,False,False,False,False,True,False,True,False,False,True,False,False,False,817.1999999999999
1,33,100.6,3270.25,0,True,True,False,True,False,True,True,False,False,False,False,True,False,False,False,False,False,True,False,True,False,False,True,False,False,False,3319.7999999999997
0,53,105.25,5576.3,0,True,True,True,True,False,True,True,False,False,False,False,True,False,True,False,False,False,True,False,True,True,False,True,False,True,False,5578.25
0,57,86.9,4939.25,0,True,False,False,True,False,True,True,False,False,False,False,False,False,False,False,False,False,True,False,False,True,False,True,False,True,False,4953.3
0,60,79.2,4765.0,0,False,False,False,True,False,True,True,False,False,False,False,False,False,True,False,False,False,False,False,False,True,False,True,False,False,False,4752.0
0,72,64.7,4746.05,0,True,True,False,False,True,False,False,False,False,True,False,True,False,True,False,True,False,True,False,True,False,True,True,False,True,False,4658.400000000001
1,32,93.5,2970.8,0,True,True,False,True,False,True,True,False,False,False,False,True,False,True,False,False,False,False,False,True,False,False,True,False,True,False,2992.0
1,48,99.0,4744.35,0,True,False,False,True,False,True,True,False,False,False,False,True,False,False,False,False,False,True,False,True,True,False,True,False,True,False,4752.0
0,22,19.05,454.05,0,False,True,True,True,False,False,False,True,True,False,True,False,True,False,True,False,True,False,True,False,False,False,False,False,False,False,419.1
0,65,45.25,2933.95,0,False,False,True,False,True,False,False,False,False,False,False,True,False,False,False,True,False,True,False,False,False,True,False,False,False,True,2941.25
0,65,58.9,3857.1,0,False,True,False,True,False,False,False,False,False,True,False,False,False,True,False,True,False,False,False,False,False,True,False,True,False,False,3828.5
0,1,19.8,19.8,0,False,False,False,True,False,False,False,True,True,False,True,False,True,False,True,False,True,False,True,False,False,False,False,True,False,False,19.8
1,66,100.8,6690.75,0,False,True,False,True,False,True,True,False,False,False,False,True,False,False,False,False,False,True,False,True,False,False,True,False,True,False,6652.8
0,71,105.25,7291.75,0,True,True,False,True,False,False,True,False,False,False,False,True,False,True,False,True,False,True,False,True,False,True,True,False,True,False,7472.75
0,17,70.4,1214.05,1,True,True,False,True,False,False,True,False,False,False,False,False,False,False,False,False,False,False,False,False,False,False,True,False,False,False,1196.8000000000002
1,2,44.95,85.15,1,True,False,False,True,False,False,False,False,False,False,False,False,False,False,False,False,False,False,False,False,False,False,False,False,False,True,89.9
0,51,96.4,4911.05,0,True,True,False,True,False,True,True,False,False,True,False,True,False,False,False,False,False,False,False,True,True,False,True,True,False,False,4916.400000000001
0,20,70.55,1493.55,0,True,False,False,True,False,False,True,False,False,False,False,False,False,False,False,False,False,False,False,False,False,False,False,True,False,False,1411.0
0,71,109.6,7854.15,0,True,True,False,True,False,True,True,False,False,True,False,True,False,True,False,False,False,True,False,True,True,False,True,False,True,False,7781.599999999999
0,67,111.3,7482.1,1,True,True,True,True,False,True,True,False,False,True,False,True,False,True,False,False,False,True,False,True,True,False,True,False,True,False,7457.099999999999
1,1,75.3,75.3,1,False,False,False,True,False,False,True,False,False,False,False,False,False,True,False,False,False,False,False,False,False,False,True,False,False,False,75.3
0,16,75.4,1189.4,0,True,True,False,True,False,True,True,False,False,False,False,False,False,False,False,False,False,False,False,False,False,False,True,False,True,False,1206.4
1,55,88.8,4805.3,0,False,True,False,True,False,False,True,False,False,False,False,False,False,True,False,True,False,True,False,False,False,True,False,True,False,False,4884.0
0,7,75.7,554.05,0,False,True,True,True,False,False,False,False,False,True,False,True,False,True,False,True,False,True,False,False,False,False,True,False,True,False,529.9
0,43,63.95,2737.05,0,False,False,True,True,False,False,False,False,False,True,False,True,False,False,False,False,False,False,False,True,False,False,True,False,True,False,2749.85
0,1,55.0,55.0,1,False,False,False,True,False,False,False,False,False,False,False,False,False,False,False,False,False,True,False,False,False,False,True,True,False,False,55.0
0,4,25.15,99.95,0,False,True,False,False,True,False,False,False,False,False,False,False,False,False,False,False,False,False,False,False,False,False,True,False,True,False,100.6
1,72,114.5,8331.95,0,True,True,False,True,False,True,True,False,False,True,False,True,False,True,False,True,False,True,False,True,False,True,True,False,False,True,8244.0
1,49,103.0,5166.2,0,False,False,False,True,False,True,True,False,False,True,False,True,False,True,False,True,False,False,False,True,True,False,False,False,False,False,5047.0
0,53,94.25,4867.95,1,True,True,False,True,False,False,True,False,False,False,False,True,False,False,False,False,False,True,False,True,True,False,True,False,False,False,4995.25
0,60,50.05,2911.5,0,False,True,False,False,True,False,False,False,False,True,False,True,False,True,False,False,False,False,False,True,True,False,False,False,True,False,3003.0
1,68,96.55,6581.9,1,False,True,False,True,False,True,True,False,False,True,False,True,False,False,False,False,False,False,False,True,True,False,True,True,False,False,6565.4
1,57,79.75,4438.2,0,True,False,False,True,False,True,False,False,False,False,False,True,False,True,False,False,False,True,False,True,False,True,True,False,False,False,4545.75
0,7,81.1,576.65,1,False,True,False,True,False,False,True,False,False,False,False,False,False,False,False,False,False,True,False,False,False,False,True,False,True,False,567.6999999999999
0,1,19.1,19.1,0,False,False,False,True,False,False,False,True,True,False,True,False,True,False,True,False,True,False,True,False,False,False,False,False,False,True,19.1
0,7,69.45,477.05,0,False,True,True,True,False,False,False,False,False,True,False,True,False,True,False,False,False,True,False,False,True,False,False,False,True,False,486.15000000000003
0,68,24.15,1498.85,0,True,False,False,True,False,True,False,True,True,False,True,False,True,False,True,False,True,False,True,False,False,True,True,False,False,False,1642.1999999999998
0,19,100.0,1888.65,1,True,True,True,True,False,False,True,False,False,False,False,True,False,False,False,True,False,True,False,True,True,False,False,False,False,False,1900.0
0,2,79.55,151.75,0,False,False,False,True,False,True,True,False,False,False,False,True,False,False,False,False,False,False,False,False,False,False,False,False,True,False,159.1
0,67,105.65,6717.9,0,False,True,True,True,False,True,True,False,False,False,False,False,False,True,False,True,False,True,False,True,False,True,True,False,False,False,7078.55
0,67,60.05,3994.05,0,True,True,True,True,False,False,False,False,False,True,False,True,False,False,False,True,False,False,False,False,True,False,False,False,False,True,4023.35
0,35,69.0,2441.7,0,True,True,False,True,False,True,False,False,False,False,False,True,False,False,False,True,False,True,False,False,True,False,True,False,True,False,2415.0
0,67,106.6,7244.7,0,False,False,True,True,False,True,True,False,False,False,False,True,False,False,False,True,False,True,False,True,True,False,True,False,False,False,7142.2
0,11,90.15,987.95,1,False,False,False,True,False,True,True,False,False,False,False,False,False,False,False,True,False,True,False,False,False,False,False,False,True,False,991.6500000000001
1,56,85.65,4824.45,0,True,True,False,True,False,False,False,False,False,True,False,True,False,True,False,True,False,True,False,True,False,True,True,False,False,False,4796.400000000001
0,8,29.35,216.45,0,True,False,False,False,True,False,False,False,False,True,False,False,False,False,False,False,False,False,False,False,False,False,False,False,False,True,234.8
0,22,25.25,555.4,0,False,True,True,True,False,True,False,True,True,False,True,False,True,False,True,False,True,False,True,False,False,True,False,True,False,False,555.5
0,71,84.2,5956.85,0,True,True,False,True,False,True,False,False,False,False,False,True,False,True,False,True,False,True,False,True,False,True,False,True,False,False,5978.2
0,46,35.05,1620.25,0,False,True,True,False,True,False,False,False,False,True,False,True,False,False,False,False,False,False,False,False,False,False,False,False,False,False,1612.3
0,66,104.55,6779.05,0,False,False,False,True,False,True,True,False,False,True,False,True,False,True,False,True,False,True,False,False,True,False,True,False,False,False,6900.3
0,15,49.0,749.25,0,True,False,False,True,False,True,False,False,False,False,False,False,False,False,False,False,False,False,False,False,False,False,True,False,True,False,735.0
0,25,95.7,2338.35,0,True,True,False,True,False,False,True,False,False,False,False,False,False,False,False,True,False,True,False,True,False,False,True,True,False,False,2392.5
0,32,19.8,607.7,0,True,False,False,True,False,False,False,True,True,False,True,False,True,False,True,False,True,False,True,False,True,False,False,False,False,True,633.6
0,8,66.7,579.0,0,True,False,False,True,False,False,False,False,False,True,False,False,False,True,False,False,False,False,False,True,False,False,True,False,True,False,533.6
0,6,25.1,171.0,0,True,True,False,True,False,True,False,True,True,False,True,False,True,False,True,False,True,False,True,False,True,False,False,False,False,True,150.60000000000002
0,3,46.1,130.15,0,False,True,False,True,False,False,False,False,False,False,False,False,False,False,False,False,False,False,False,False,False,False,True,False,False,True,138.3
0,11,59.65,683.25,0,True,True,True,True,False,False,False,False,False,False,False,False,False,True,False,False,False,True,False,False,False,False,True,False,False,False,656.15
0,15,91.0,1430.05,0,True,False,True,True,False,True,True,False,False,False,False,True,False,False,False,False,False,True,False,False,False,False,True,False,True,False,1365.0
0,23,90.05,2169.8,1,False,False,False,True,False,True,True,False,False,True,False,False,False,False,False,False,False,True,False,False,False,False,True,False,False,False,2071.15
0,1,44.0,44.0,0,False,False,False,True,False,False,False,False,False,False,False,False,False,False,False,False,False,False,False,False,False,False,True,False,False,True,44.0
0,37,40.2,1525.35,0,True,True,True,False,True,False,False,False,False,True,False,False,False,True,False,True,False,False,False,False,True,False,True,False,True,False,1487.4
0,69,80.65,5542.55,0,True,True,True,True,False,False,False,False,False,True,False,True,False,False,False,True,False,True,False,True,False,True,False,False,False,False,5564.85
0,71,79.1,5564.85,0,True,True,False,True,False,False,False,False,False,False,False,True,False,True,False,True,False,True,False,True,False,True,True,True,False,False,5616.099999999999
0,8,54.65,482.25,0,False,True,True,True,False,False,False,False,False,True,False,True,False,False,False,False,False,False,False,False,False,False,False,False,False,True,437.2
0,6,63.4,348.8,0,False,False,False,False,True,False,False,False,False,True,False,True,False,True,False,True,False,True,False,True,False,True,True,False,False,True,380.4
0,58,84.3,4916.4,0,False,True,False,True,False,True,False,False,False,True,False,False,False,True,False,True,False,True,False,True,False,True,True,False,True,False,4889.4
0,39,89.55,3474.45,1,False,True,True,True,False,True,True,False,False,False,False,True,False,True,False,True,False,False,False,False,True,False,True,False,True,False,3492.45
1,23,90.0,2024.1,0,True,True,False,True,False,False,True,False,False,True,False,True,False,False,False,False,False,False,False,True,False,False,True,False,True,False,2070.0
0,66,19.95,1269.1,0,True,False,True,True,False,False,False,True,True,False,True,False,True,False,True,False,True,False,True,False,False,True,False,True,False,False,1316.7
0,51,83.25,4089.45,0,True,True,False,True,False,False,False,False,False,True,False,True,False,True,False,True,False,True,False,True,False,True,True,True,False,False,4245.75
0,7,79.7,586.05,1,False,False,False,True,False,False,True,False,False,False,False,False,False,False,False,False,False,True,False,False,False,False,True,False,True,False,557.9
0,15,19.65,332.65,0,True,True,True,True,False,False,False,True,True,False,True,False,True,False,True,False,True,False,True,False,True,False,False,False,False,True,294.75
0,51,80.0,4242.35,1,True,False,False,True,False,True,True,False,False,False,False,False,False,True,False,False,False,False,False,False,False,False,False,True,False,False,4080.0
0,4,19.0,73.45,0,True,False,False,True,False,False,False,True,True,False,True,False,True,False,True,False,True,False,True,False,False,False,False,False,False,True,76.0
0,18,50.3,913.3,0,False,False,False,True,False,True,False,False,False,False,False,False,False,False,False,False,False,False,False,False,False,False,True,False,True,False,905.4
0,46,93.7,4154.8,1,True,False,False,True,False,True,True,False,False,True,False,True,False,False,False,False,False,False,False,True,False,False,True,False,True,False,4310.2
1,3,105.9,334.65,1,True,True,False,True,False,True,True,False,False,False,False,True,False,True,False,False,False,True,False,True,False,False,True,False,True,False,317.70000000000005
0,63,25.25,1559.3,0,True,False,False,True,False,True,False,True,True,False,True,False,True,False,True,False,True,False,True,False,False,True,False,False,False,True,1590.75
0,52,96.25,4990.25,1,True,True,True,True,False,True,True,False,False,False,False,False,False,True,False,True,False,False,False,True,False,True,True,False,False,False,5005.0
0,17,69.0,1108.0,0,False,False,False,True,False,True,False,False,False,False,False,False,False,True,False,True,False,True,False,False,False,False,True,False,False,True,1173.0
0,43,85.1,3662.25,0,False,False,False,True,False,True,False,False,False,False,False,True,False,True,False,True,False,True,False,True,True,False,False,True,False,False,3659.2999999999997
0,69,19.95,1399.35,0,True,False,False,True,False,False,False,True,True,False,True,False,True,False,True,False,True,False,True,False,False,True,False,True,False,False,1376.55
0,70,79.7,5743.3,0,False,True,True,True,False,True,False,False,False,True,False,True,False,True,False,True,False,True,False,False,False,True,False,False,False,False,5579.0
0,4,23.9,97.5,0,False,False,False,True,False,True,False,True,True,False,True,False,True,False,True,False,True,False,True,False,True,False,False,False,True,False,95.6
0,60,20.95,1270.55,0,True,True,True,True,False,False,False,True,True,False,True,False,True,False,True,False,True,False,True,False,False,True,True,False,False,False,1257.0
0,20,24.45,482.8,1,False,True,False,False,True,False,False,False,False,False,False,False,False,False,False,False,False,False,False,False,False,False,True,False,True,False,489.0
0,69,95.75,6511.25,0,True,True,True,True,False,True,True,False,False,False,False,True,False,True,False,False,False,True,False,False,True,False,False,True,False,False,6606.75
0,48,105.25,4997.5,0,False,True,True,True,False,True,True,False,False,True,False,True,False,False,False,False,False,True,False,True,False,False,True,True,False,False,5052.0
0,1,30.55,30.55,0,False,False,False,False,True,False,False,False,False,False,False,False,False,False,False,True,False,False,False,False,False,False,False,False,False,True,30.55
0,8,51.05,415.05,1,True,True,True,True,False,False,False,False,False,False,False,False,False,True,False,False,False,False,False,False,False,False,True,False,True,False,408.4
1,1,45.85,45.85,0,True,False,False,True,False,False,False,False,False,False,False,False,False,False,False,False,False,False,False,False,False,False,True,False,False,True,45.85
0,1,19.55,19.55,0,False,False,False,True,False,False,False,True,True,False,True,False,True,False,True,False,True,False,True,False,False,False,False,True,False,False,19.55
0,22,19.6,422.5,0,True,False,False,True,False,False,False,True,True,False,True,False,True,False,True,False,True,False,True,False,True,False,False,False,False,True,431.20000000000005
1,16,39.0,679.85,1,True,False,False,False,True,False,False,False,False,False,False,True,False,False,False,False,False,True,False,False,False,False,True,False,False,True,624.0
0,72,118.2,8547.15,0,True,False,False,True,False,True,True,False,False,True,False,True,False,True,False,True,False,True,False,True,False,True,True,False,True,False,8510.4
0,11,61.25,729.95,0,True,False,False,True,False,False,False,False,False,False,False,True,False,False,False,False,False,True,False,False,True,False,True,False,True,False,673.75
0,4,90.65,367.95,0,True,False,False,True,False,True,True,False,False,True,False,False,False,False,False,False,False,True,False,False,False,False,False,False,True,False,362.6
0,8,20.0,141.6,0,False,False,False,True,False,False,False,True,True,False,True,False,True,False,True,False,True,False,True,False,False,True,False,False,False,True,160.0
1,54,82.45,4350.1,1,False,False,False,True,False,True,False,False,False,True,False,True,False,False,False,True,False,True,False,True,True,False,False,False,False,False,4452.3
0,69,81.5,5553.25,0,True,False,False,True,False,True,False,False,False,True,False,True,False,True,False,True,False,False,False,True,False,True,True,True,False,False,5623.5
1,46,80.4,3605.2,1,True,True,False,True,False,False,True,False,False,False,False,False,False,False,False,False,False,False,False,True,False,False,True,False,True,False,3698.4
0,67,50.55,3431.75,0,False,True,True,True,False,False,False,False,False,False,False,True,False,False,False,False,False,False,False,False,True,False,False,True,False,False,3386.85
0,71,90.35,6325.25,0,True,True,True,True,False,True,False,False,False,True,False,True,False,True,False,True,False,True,False,True,False,True,False,False,True,False,6414.849999999999
1,20,89.95,1648.45,0,True,False,False,True,False,False,True,False,False,False,False,False,False,False,False,False,False,True,False,True,False,False,False,False,True,False,1799.0
0,41,113.6,4594.95,1,False,True,False,True,False,True,True,False,False,True,False,True,False,True,False,True,False,True,False,True,False,False,True,False,False,False,4657.599999999999
1,3,41.15,132.2,1,True,False,False,False,True,False,False,False,False,False,False,False,False,True,False,False,False,False,False,True,False,False,True,False,True,False,123.44999999999999
0,15,50.75,688.2,0,True,False,False,False,True,False,False,False,False,False,False,False,False,True,False,False,False,True,False,True,True,False,False,False,True,False,761.25
0,22,79.35,1730.35,1,True,False,False,True,False,True,True,False,False,False,False,True,False,False,False,False,False,False,False,False,False,False,True,False,True,False,1745.6999999999998
0,18,80.65,1451.9,1,True,False,False,True,False,True,True,False,False,False,False,True,False,False,False,False,False,False,False,False,False,False,True,False,True,False,1451.7
0,9,98.3,923.5,1,False,False,False,True,False,True,True,False,False,False,False,False,False,True,False,False,False,True,False,True,False,False,False,True,False,False,884.6999999999999
0,26,75.5,2018.1,0,True,False,False,True,False,False,True,False,False,False,False,True,False,False,False,False,False,False,False,False,True,False,False,False,False,False,1963.0
1,71,105.75,7382.85,0,True,False,False,True,False,True,True,False,False,False,False,True,False,False,False,True,False,True,False,True,True,False,False,False,False,False,7508.25
0,16,19.05,326.65,0,False,False,False,True,False,False,False,True,True,False,True,False,True,False,True,False,True,False,True,False,True,False,False,False,False,True,304.8
1,72,89.1,6352.4,0,False,True,False,True,False,True,False,False,False,True,False,True,False,True,False,True,False,True,False,True,False,True,False,True,False,False,6415.2
0,42,25.05,949.85,0,True,False,False,True,False,True,False,True,True,False,True,False,True,False,True,False,True,False,True,False,True,False,False,False,True,False,1052.1000000000001
0,47,96.1,4391.45,0,True,True,True,True,False,False,True,False,False,True,False,True,False,True,False,False,False,False,False,True,True,False,True,False,True,False,4516.7
0,66,66.1,4428.45,0,True,True,False,True,False,True,False,False,False,True,False,True,False,True,False,False,False,False,False,False,False,True,True,True,False,False,4362.599999999999
0,5,49.2,216.9,1,True,False,False,True,False,False,False,False,False,False,False,False,False,False,False,True,False,False,False,False,False,False,True,False,True,False,246.0
0,4,29.65,118.5,1,True,False,False,False,True,False,False,False,False,False,False,False,False,True,False,False,False,False,False,False,False,False,True,False,True,False,118.6
0,42,19.05,761.85,0,False,True,True,True,False,False,False,True,True,False,True,False,True,False,True,False,True,False,True,False,True,False,True,False,True,False,800.1
0,69,60.8,4263.4,0,True,True,False,False,True,False,False,False,False,False,False,True,False,True,False,True,False,True,False,True,True,False,True,True,False,False,4195.2
0,60,116.6,7049.5,0,True,False,False,True,False,True,True,False,False,True,False,True,False,True,False,True,False,True,False,True,True,False,True,True,False,False,6996.0
0,12,19.35,219.35,0,False,False,False,True,False,False,False,True,True,False,True,False,True,False,True,False,True,False,True,False,True,False,True,False,False,False,232.20000000000002
0,3,45.35,141.5,1,True,False,False,True,False,False,False,False,False,False,False,False,False,False,False,False,False,False,False,False,False,False,True,False,True,False,136.05
0,54,105.4,5643.4,1,True,False,False,True,False,False,True,False,False,True,False,True,False,False,False,True,False,True,False,True,True,False,True,True,False,False,5691.6
0,6,20.2,98.35,0,True,False,True,True,False,False,False,True,True,False,True,False,True,False,True,False,True,False,True,False,False,False,True,False,False,True,121.19999999999999
0,2,20.05,42.7,0,True,False,False,True,False,False,False,True,True,False,True,False,True,False,True,False,True,False,True,False,False,False,False,False,False,True,40.1
1,57,93.75,5625.55,0,True,False,False,True,False,True,True,False,False,True,False,False,False,False,False,True,False,False,False,True,False,True,False,False,True,False,5343.75
0,63,20.6,1298.7,0,False,False,False,True,False,False,False,True,True,False,True,False,True,False,True,False,True,False,True,False,False,True,True,False,False,True,1297.8000000000002
0,41,94.3,3893.6,0,False,True,True,True,False,True,True,False,False,True,False,True,False,False,False,False,False,True,False,False,False,False,True,False,False,False,3866.2999999999997
0,25,99.3,2513.5,0,True,False,False,True,False,False,True,False,False,False,False,False,False,True,False,True,False,True,False,True,False,True,False,False,False,False,2482.5
0,65,84.85,5459.2,0,False,False,False,True,False,False,False,False,False,True,False,True,False,True,False,True,False,True,False,True,False,True,True,False,False,False,5515.25
0,54,20.1,1079.45,0,False,False,False,True,False,False,False,True,True,False,True,False,True,False,True,False,True,False,True,False,False,True,False,False,False,True,1085.4
0,61,94.15,5731.85,0,True,True,False,True,False,False,True,False,False,False,False,True,False,True,False,True,False,False,False,True,False,False,False,True,False,False,5743.150000000001
0,19,19.8,344.5,0,True,True,True,True,False,False,False,True,True,False,True,False,True,False,True,False,True,False,True,False,True,False,False,False,False,True,376.2
0,12,19.45,227.45,0,False,False,False,True,False,False,False,True,True,False,True,False,True,False,True,False,True,False,True,False,False,False,False,False,False,False,233.39999999999998
0,18,24.65,471.35,0,False,True,True,True,False,True,False,True,True,False,True,False,True,False,True,False,True,False,True,False,False,True,True,True,False,False,443.7
0,68,95.1,6683.4,0,True,True,True,True,False,False,True,False,False,True,False,True,False,False,False,True,False,False,False,True,False,True,False,False,False,False,6466.799999999999
0,10,100.25,1064.65,1,False,True,True,True,False,True,True,False,False,True,False,False,False,False,False,False,False,True,False,True,False,False,True,False,True,False,1002.5
1,20,94.55,1899.65,1,True,True,False,True,False,True,True,False,False,False,False,False,False,False,False,False,False,True,False,True,False,False,True,False,True,False,1891.0
0,42,99.45,4138.05,1,True,True,False,True,False,True,True,False,False,False,False,True,False,True,False,True,False,False,False,True,False,False,True,False,True,False,4176.900000000001
0,45,42.3,1840.75,0,True,False,False,False,True,False,False,False,False,True,False,False,False,True,False,True,False,False,False,False,True,False,False,False,False,False,1903.4999999999998
0,72,115.15,8349.45,0,True,True,False,True,False,True,True,False,False,True,False,True,False,True,False,True,False,True,False,True,False,True,False,False,False,False,8290.800000000001
1,35,110.8,3836.3,0,False,False,False,True,False,True,True,False,False,True,False,True,False,True,False,True,False,True,False,True,True,False,True,False,False,False,3878.0
0,72,89.7,6588.95,0,True,True,True,True,False,True,True,False,False,False,False,True,False,False,False,False,False,True,False,False,True,False,True,False,True,False,6458.400000000001
0,8,99.65,820.5,1,False,False,False,True,False,True,True,False,False,False,False,False,False,True,False,False,False,True,False,True,False,False,True,False,True,False,797.2
0,37,64.75,2345.2,1,False,False,False,True,False,False,False,False,False,False,False,False,False,False,False,False,False,True,False,True,False,False,True,False,True,False,2395.75
0,21,104.55,2239.4,0,False,False,False,True,False,False,True,False,False,False,False,True,False,True,False,True,False,True,False,True,True,False,True,False,False,True,2195.5499999999997
0,71,80.45,5662.25,0,False,True,False,True,False,True,False,False,False,False,False,False,False,True,False,True,False,True,False,True,False,True,True,False,False,False,5711.95
0,40,67.45,2731.0,0,True,False,False,True,False,False,False,False,False,True,False,False,False,True,False,False,False,False,False,True,False,False,False,False,True,False,2698.0
0,10,62.25,612.95,0,True,False,False,True,False,False,False,False,False,True,False,False,False,False,False,True,False,True,False,False,False,False,False,False,False,False,622.5
1,25,88.4,2191.15,0,False,True,False,True,False,False,True,False,False,False,False,True,False,True,False,False,False,False,False,True,False,False,False,False,False,False,2210.0
0,41,74.7,3187.65,0,False,True,True,True,False,False,False,False,False,True,False,False,False,False,False,True,False,True,False,True,True,False,True,True,False,False,3062.7000000000003
1,19,95.9,1777.9,1,True,False,False,True,False,False,True,False,False,False,False,False,False,True,False,False,False,True,False,True,False,False,True,True,False,False,1822.1000000000001
1,23,95.1,2326.05,0,False,True,False,True,False,False,True,False,False,True,False,False,False,False,False,False,False,True,False,True,False,False,True,False,True,False,2187.2999999999997
0,57,107.95,5969.85,0,True,True,False,True,False,True,True,False,False,False,False,False,False,True,False,True,False,True,False,True,False,True,False,False,True,False,6153.150000000001
0,2,84.05,134.05,0,False,True,False,True,False,True,True,False,False,False,False,False,False,False,False,False,False,True,False,False,False,False,True,False,True,False,168.1
0,70,79.6,5589.45,0,False,False,False,True,False,False,False,False,False,True,False,False,False,True,False,True,False,True,False,True,False,True,False,False,False,False,5572.0
0,1,88.35,88.35,1,True,False,False,True,False,False,True,False,False,False,False,False,False,False,False,False,False,True,False,True,False,False,True,False,True,False,88.35
0,70,109.5,7534.65,1,True,True,False,True,False,False,True,False,False,True,False,True,False,True,False,True,False,True,False,True,True,False,True,False,False,False,7665.0
0,72,97.0,7104.2,0,False,True,False,True,False,True,True,False,False,True,False,True,False,True,False,True,False,False,False,False,False,True,True,False,False,False,6984.0
1,25,105.95,2655.25,1,True,False,False,True,False,True,True,False,False,False,False,True,False,True,False,False,False,True,False,True,False,False,False,False,False,True,2648.75
0,23,104.05,2470.1,1,True,False,False,True,False,True,True,False,False,False,False,False,False,True,False,True,False,True,False,True,False,False,True,False,False,True,2393.15
0,65,19.55,1218.65,0,True,False,False,True,False,False,False,True,True,False,True,False,True,False,True,False,True,False,True,False,False,True,True,True,False,False,1270.75
0,25,20.8,460.2,0,True,False,True,True,False,False,False,True,True,False,True,False,True,False,True,False,True,False,True,False,False,False,False,False,False,True,520.0
1,15,83.05,1258.3,1,False,True,False,True,False,True,True,False,False,False,False,False,False,True,False,True,False,False,False,False,False,False,True,False,True,False,1245.75
1,41,53.95,2215.4,0,True,True,False,False,True,False,False,False,False,False,False,True,False,True,False,False,False,True,False,True,False,False,True,False,True,False,2211.9500000000003
0,1,54.65,54.65,0,False,False,False,True,False,False,False,False,False,False,False,False,False,False,False,False,False,True,False,False,False,False,True,False,True,False,54.65
0,48,70.95,3629.2,0,True,False,False,True,False,True,False,False,False,True,False,False,False,False,False,True,False,False,False,True,True,False,True,False,False,False,3405.6000000000004
0,4,61.45,229.55,1,True,True,True,True,False,False,False,False,False,False,False,False,False,False,False,True,False,False,False,True,False,False,False,True,False,False,245.8
0,17,19.65,351.55,0,True,False,False,True,False,False,False,True,True,False,True,False,True,False,True,False,True,False,True,False,True,False,True,False,False,False,334.04999999999995
1,42,104.75,4323.45,1,False,False,False,True,False,True,True,False,False,False,False,True,False,True,False,False,False,True,False,True,False,False,True,False,False,False,4399.5
0,49,39.2,1838.15,0,True,True,True,False,True,False,False,False,False,True,False,False,False,False,False,False,False,False,False,True,False,False,True,False,True,False,1920.8000000000002
0,21,19.6,390.4,0,True,False,False,True,False,False,False,True,True,False,True,False,True,False,True,False,True,False,True,False,False,True,False,False,False,True,411.6
0,60,110.6,6586.85,0,True,True,True,True,False,True,True,False,False,True,False,False,False,True,False,True,False,True,False,True,False,True,True,False,True,False,6636.0
0,58,24.45,1513.6,0,True,False,False,True,False,True,False,True,True,False,True,False,True,False,True,False,True,False,True,False,False,True,True,True,False,False,1418.1
0,31,20.45,638.55,0,True,False,False,True,False,False,False,True,True,False,True,False,True,False,True,False,True,False,True,False,False,True,False,False,False,True,633.9499999999999
0,61,101.15,6383.9,0,False,True,False,True,False,True,True,False,False,False,False,False,False,False,False,True,False,True,False,True,True,False,False,False,False,False,6170.150000000001
0,64,90.25,5629.15,0,True,True,True,True,False,True,True,False,False,False,False,False,False,True,False,False,False,False,False,True,True,False,False,True,False,False,5776.0
0,61,61.45,3751.15,0,False,True,True,False,True,False,False,False,False,False,False,True,False,True,False,True,False,True,False,True,False,True,True,False,False,False,3748.4500000000003
0,67,70.9,4677.1,0,True,True,False,True,False,True,False,False,False,True,False,True,False,True,False,True,False,False,False,False,False,True,False,True,False,False,4750.3
0,55,25.7,1443.65,0,True,True,False,True,False,True,False,True,True,False,True,False,True,False,True,False,True,False,True,False,False,True,False,False,False,False,1413.5
0,20,20.0,416.45,0,False,True,False,True,False,False,False,True,True,False,True,False,True,False,True,False,True,False,True,False,True,False,True,False,False,True,400.0
0,11,79.5,795.65,0,True,False,False,True,False,False,True,False,False,True,False,False,False,True,False,False,False,False,False,False,False,False,True,False,False,False,874.5
0,72,116.8,8456.75,0,False,True,True,True,False,True,True,False,False,True,False,True,False,True,False,True,False,True,False,True,False,True,True,True,False,False,8409.6
0,57,84.5,4845.4,0,False,True,True,True,False,True,False,False,False,True,False,False,False,True,False,True,False,True,False,True,False,True,True,False,True,False,4816.5
1,70,44.05,3011.65,0,True,False,False,False,True,False,False,False,False,False,False,True,False,True,False,False,False,True,False,False,True,False,True,True,False,False,3083.5
0,68,110.25,7279.35,0,False,False,False,True,False,True,True,False,False,True,False,True,False,False,False,True,False,True,False,True,False,True,False,True,False,False,7497.0
0,1,84.6,84.6,1,True,False,False,True,False,False,True,False,False,True,False,False,False,False,False,False,False,False,False,True,False,False,True,False,False,True,84.6
0,47,78.9,3650.35,0,True,True,False,True,False,True,True,False,False,False,False,True,False,False,False,False,False,False,False,False,True,False,True,False,True,False,3708.3
0,15,64.65,994.55,1,False,False,False,True,False,True,False,False,False,True,False,False,False,False,False,False,False,False,False,True,False,False,True,False,False,False,969.7500000000001
0,69,20.35,1442.65,0,False,True,True,True,False,False,False,True,True,False,True,False,True,False,True,False,True,False,True,False,True,False,True,True,False,False,1404.15
0,3,55.35,165.2,1,False,False,False,True,False,False,False,False,False,True,False,True,False,False,False,False,False,False,False,False,False,False,False,False,True,False,166.05
0,1,19.45,19.45,1,False,True,True,True,False,False,False,True,True,False,True,False,True,False,True,False,True,False,True,False,False,False,False,False,False,True,19.45
0,33,88.95,3027.65,0,True,False,False,True,False,False,True,False,False,True,False,False,False,False,False,True,False,True,False,False,False,True,True,False,True,False,2935.35
0,53,69.7,3686.05,0,True,True,True,True,False,True,False,False,False,True,False,True,False,False,False,False,False,False,False,True,False,True,False,False,False,False,3694.1000000000004
1,20,80.7,1614.2,0,False,False,False,True,False,False,True,False,False,False,False,False,False,False,False,False,False,True,False,False,False,False,False,False,False,False,1614.0
1,1,93.55,93.55,1,True,False,False,True,False,True,True,False,False,False,False,False,False,False,False,False,False,True,False,True,False,False,True,False,True,False,93.55
0,10,98.9,1064.95,0,True,False,False,True,False,False,True,False,False,True,False,False,False,True,False,False,False,True,False,True,True,False,True,False,True,False,989.0
0,32,19.9,601.55,0,False,False,False,True,False,False,False,True,True,False,True,False,True,False,True,False,True,False,True,False,False,False,False,False,False,False,636.8
1,56,101.05,5594.0,0,True,False,False,True,False,True,True,False,False,False,False,False,False,True,False,False,False,True,False,True,False,False,True,False,True,False,5658.8
0,71,19.1,1372.45,0,False,True,False,True,False,False,False,True,True,False,True,False,True,False,True,False,True,False,True,False,False,True,False,True,False,False,1356.1000000000001
1,13,70.15,916.75,1,False,True,False,True,False,False,True,False,False,False,False,False,False,False,False,False,False,False,False,False,False,False,True,False,True,False,911.95
0,2,20.1,39.8,0,False,False,False,True,False,False,False,True,True,False,True,False,True,False,True,False,True,False,True,False,False,False,False,False,False,True,40.2
0,17,95.65,1640.0,0,True,False,False,True,False,True,True,False,False,False,False,False,False,True,False,True,False,False,False,True,False,False,True,False,False,False,1626.0500000000002
0,2,55.1,113.35,1,True,False,False,True,False,False,False,False,False,True,False,False,False,True,False,False,False,False,False,False,False,False,True,False,False,True,110.2
0,72,101.35,7323.15,0,False,True,False,True,False,True,True,False,False,False,False,True,False,True,False,False,False,True,False,True,True,False,True,False,True,False,7297.2
0,26,54.55,1362.85,0,True,False,False,False,True,False,False,False,False,True,False,False,False,False,False,True,False,True,False,True,True,False,False,True,False,False,1418.3
0,5,25.9,135.0,1,True,True,True,True,False,True,False,True,True,False,True,False,True,False,True,False,True,False,True,False,False,False,True,False,False,False,129.5
0,3,100.95,329.95,1,True,False,False,True,False,True,True,False,False,False,False,False,False,True,False,False,False,True,False,True,False,False,True,False,True,False,302.85
0,26,80.7,2193.0,0,False,False,False,True,False,True,True,False,False,False,False,False,False,True,False,False,False,False,False,False,False,False,True,False,True,False,2098.2000000000003
0,59,65.5,3801.3,0,False,True,True,True,False,True,False,False,False,True,False,True,False,False,False,True,False,False,False,False,True,False,False,False,False,True,3864.5
0,27,49.85,1336.15,0,False,True,True,True,False,False,False,False,False,False,False,True,False,False,False,False,False,False,False,False,False,False,False,False,False,True,1345.95
0,57,103.05,5925.75,0,True,True,False,True,False,True,True,False,False,True,False,True,False,True,False,True,False,True,False,False,False,False,True,False,True,False,5873.849999999999
0,1,44.1,44.1,1,False,False,False,True,False,False,False,False,False,False,False,False,False,False,False,False,False,False,False,False,False,False,True,False,True,False,44.1
0,37,19.8,695.05,0,False,False,False,True,False,False,False,True,True,False,True,False,True,False,True,False,True,False,True,False,True,False,True,False,True,False,732.6
0,6,49.45,314.6,0,False,False,False,True,False,False,False,False,False,True,False,False,False,False,False,False,False,False,False,False,False,False,True,False,True,False,296.70000000000005
0,18,75.9,1373.05,0,True,False,False,True,False,False,True,False,False,False,False,False,False,False,False,True,False,False,False,False,False,False,True,False,False,False,1366.2
0,19,100.95,1875.55,1,True,True,True,True,False,True,True,False,False,False,False,False,False,False,False,True,False,True,False,True,True,False,True,False,True,False,1918.05
0,67,75.5,5229.45,0,False,True,True,True,False,True,False,False,False,True,False,False,False,False,False,False,False,True,False,True,False,True,True,False,True,False,5058.5
1,34,71.55,2427.35,0,True,True,False,True,False,False,True,False,False,False,False,False,False,False,False,False,False,False,False,False,False,False,False,True,False,False,2432.7
0,22,48.8,1054.6,1,False,False,False,True,False,False,False,False,False,True,False,False,False,False,False,False,False,False,False,False,False,False,True,True,False,False,1073.6
0,52,91.25,4738.3,0,True,False,False,True,False,False,True,False,False,True,False,False,False,True,False,False,False,True,False,False,True,False,False,False,True,False,4745.0
0,56,54.05,2959.8,0,True,True,False,False,True,False,False,False,False,False,False,False,False,True,False,True,False,True,False,True,True,False,True,False,False,False,3026.7999999999997
1,18,95.45,1752.55,1,True,False,False,True,False,True,True,False,False,False,False,False,False,False,False,False,False,True,False,True,False,False,True,False,True,False,1718.1000000000001
1,56,104.55,5794.65,1,True,True,True,True,False,True,True,False,False,True,False,False,False,True,False,False,False,True,False,True,True,False,True,False,False,False,5854.8
0,4,90.4,356.65,0,True,False,False,True,False,False,True,False,False,False,False,False,False,True,False,True,False,False,False,True,False,False,True,False,True,False,361.6
0,64,115.0,7396.15,0,False,True,False,True,False,True,True,False,False,True,False,True,False,True,False,True,False,True,False,True,True,False,True,False,True,False,7360.0
0,61,80.9,4932.5,0,True,True,False,True,False,True,False,False,False,False,False,True,False,True,False,False,False,True,False,True,False,True,False,False,False,False,4934.900000000001
1,71,99.4,7168.25,0,False,True,False,True,False,False,True,False,False,True,False,True,False,True,False,True,False,True,False,False,False,True,True,False,True,False,7057.400000000001
0,2,69.8,134.7,1,True,False,False,True,False,False,True,False,False,False,False,False,False,False,False,False,False,False,False,False,False,False,True,True,False,False,139.6
1,64,102.1,6688.1,0,True,False,False,True,False,True,True,False,False,False,False,False,False,True,False,True,False,True,False,True,True,False,False,False,True,False,6534.4
0,45,108.45,4964.7,0,True,False,False,True,False,True,True,False,False,True,False,False,False,True,False,True,False,True,False,True,False,False,True,True,False,False,4880.25
0,18,23.75,424.5,0,True,False,False,True,False,True,False,True,True,False,True,False,True,False,True,False,True,False,True,False,True,False,False,False,False,True,427.5
0,66,25.7,1714.55,0,True,True,True,True,False,True,False,True,True,False,True,False,True,False,True,False,True,False,True,False,True,False,True,True,False,False,1696.2
0,37,40.55,1390.85,0,True,False,False,False,True,False,False,False,False,True,False,True,False,False,False,True,False,False,False,False,False,True,True,False,False,True,1500.35
0,39,25.0,1004.35,0,True,False,True,True,False,True,False,True,True,False,True,False,True,False,True,False,True,False,True,False,False,True,False,False,False,True,975.0
0,25,84.8,2043.45,1,True,False,False,True,False,True,True,False,False,False,False,False,False,False,False,False,False,False,False,True,False,False,True,False,True,False,2120.0
0,22,87.0,1850.65,0,True,True,False,True,False,False,True,False,False,False,False,False,False,True,False,False,False,True,False,False,False,False,True,False,False,False,1914.0
0,10,19.6,189.45,0,True,True,False,True,False,False,False,True,True,False,True,False,True,False,True,False,True,False,True,False,True,False,False,False,False,False,196.0
0,20,20.35,393.15,0,False,True,False,True,False,False,False,True,True,False,True,False,True,False,True,False,True,False,True,False,True,False,False,False,False,True,407.0
1,8,64.4,581.7,0,True,True,False,True,False,False,False,False,False,False,False,False,False,True,False,True,False,False,False,True,False,False,True,True,False,False,515.2
0,49,52.15,2583.75,0,False,True,False,True,False,True,False,False,False,False,False,False,False,False,False,False,False,False,False,False,False,False,True,True,False,False,2555.35
1,65,105.85,6725.5,0,False,True,False,True,False,False,True,False,False,False,False,True,False,True,False,True,False,True,False,True,False,True,True,True,False,False,6880.25
1,1,45.2,45.2,0,True,False,False,True,False,False,False,False,False,False,False,False,False,False,False,False,False,False,False,False,False,False,False,False,True,False,45.2
0,5,94.45,498.1,1,True,True,False,True,False,False,True,False,False,False,False,False,False,True,False,False,False,True,False,True,False,False,True,False,True,False,472.25
1,72,96.6,6827.5,0,False,True,False,True,False,True,True,False,False,True,False,True,False,True,False,True,False,False,False,False,False,True,True,False,False,False,6955.2
0,72,110.15,7998.8,0,False,True,False,True,False,True,True,False,False,False,False,True,False,True,False,True,False,True,False,True,False,True,True,False,True,False,7930.8
0,53,100.3,5200.8,0,False,False,False,True,False,False,True,False,False,False,False,True,False,True,False,False,False,True,False,True,True,False,True,False,False,True,5315.9
0,21,75.3,1570.7,0,True,False,False,True,False,True,True,False,False,False,False,False,False,False,False,False,False,False,False,False,False,False,False,False,False,True,1581.3
1,70,107.9,7475.85,0,False,True,True,True,False,True,True,False,False,False,False,True,False,True,False,True,False,True,False,True,True,False,True,False,True,False,7553.0
0,33,103.7,3467.0,1,False,True,True,True,False,True,True,False,False,True,False,False,False,True,False,False,False,True,False,True,True,False,True,False,False,True,3422.1
0,23,75.6,1758.6,1,False,False,False,True,False,True,True,False,False,False,False,False,False,False,False,False,False,False,False,False,False,False,False,False,False,False,1738.8
0,45,54.65,2553.7,0,True,True,True,True,False,False,False,False,False,True,False,False,False,False,False,True,False,False,False,False,False,True,False,False,False,False,2459.25
0,35,19.65,708.8,0,False,True,True,True,False,False,False,True,True,False,True,False,True,False,True,False,True,False,True,False,True,False,False,False,False,True,687.75
0,16,20.25,327.45,1,True,False,False,True,False,False,False,True,True,False,True,False,True,False,True,False,True,False,True,False,False,False,False,False,False,False,324.0
0,49,106.65,5174.35,0,False,True,False,True,False,True,True,False,False,True,False,True,False,True,False,True,False,False,False,True,False,True,False,True,False,False,5225.85
0,1,19.3,19.3,1,True,False,False,True,False,False,False,True,True,False,True,False,True,False,True,False,True,False,True,False,False,False,True,False,False,True,19.3
0,61,80.8,4860.85,0,True,True,False,True,False,True,False,False,False,True,False,True,False,True,False,True,False,False,False,True,False,True,True,False,False,False,4928.8
1,68,19.5,1193.55,0,True,True,True,True,False,False,False,True,True,False,True,False,True,False,True,False,True,False,True,False,True,False,False,False,False,False,1326.0
0,1,19.75,19.75,0,True,False,False,True,False,False,False,True,True,False,True,False,True,False,True,False,True,False,True,False,False,False,True,False,False,True,19.75
0,60,53.6,3237.05,0,False,False,False,False,True,False,False,False,False,True,False,False,False,True,False,False,False,True,False,True,False,True,False,False,True,False,3216.0
0,53,25.55,1336.1,0,True,True,True,True,False,True,False,True,True,False,True,False,True,False,True,False,True,False,True,False,False,True,False,True,False,False,1354.15
1,28,103.3,2890.65,1,False,False,False,True,False,True,True,False,False,False,False,False,False,True,False,True,False,True,False,True,False,False,True,False,True,False,2892.4
0,2,69.65,145.15,1,False,False,False,True,False,False,True,False,False,False,False,False,False,False,False,False,False,False,False,False,False,False,False,False,True,False,139.3
1,1,70.2,70.2,0,False,False,False,True,False,False,True,False,False,False,False,False,False,False,False,False,False,False,False,False,False,False,True,False,True,False,70.2
0,16,72.65,1194.3,1,False,False,False,True,False,True,True,False,False,False,False,False,False,False,False,False,False,False,False,False,False,False,False,False,True,False,1162.4
0,72,20.1,1460.85,0,False,True,True,True,False,False,False,True,True,False,True,False,True,False,True,False,True,False,True,False,False,True,False,False,False,False,1447.2
0,6,55.15,322.9,0,False,False,False,True,False,False,False,False,False,True,False,True,False,False,False,False,False,False,False,False,False,False,False,False,False,True,330.9
0,3,107.95,318.6,0,True,False,False,True,False,False,True,False,False,False,False,True,False,True,False,True,False,True,False,True,False,False,True,False,True,False,323.85
0,49,90.4,4494.65,0,True,True,True,True,False,False,True,False,False,False,False,True,False,True,False,False,False,True,False,False,False,False,True,True,False,False,4429.6
0,1,50.45,50.45,1,False,False,False,True,False,False,False,False,False,False,False,False,False,True,False,False,False,False,False,False,False,False,True,False,False,True,50.45
0,50,94.4,4914.9,0,True,True,False,True,False,True,True,False,False,True,False,True,False,False,False,False,False,False,False,True,False,False,True,True,False,False,4720.0
1,12,29.3,355.9,0,False,True,True,False,True,False,False,False,False,False,False,False,False,False,False,True,False,False,False,False,False,False,True,False,False,True,351.6
1,32,80.3,2483.05,1,True,True,False,True,False,False,True,False,False,False,False,False,False,False,False,False,False,False,False,True,False,False,True,True,False,False,2569.6
0,68,103.25,7074.4,0,True,True,True,True,False,False,True,False,False,True,False,True,False,True,False,False,False,True,False,True,False,True,True,True,False,False,7021.0
0,1,20.8,20.8,0,True,False,False,True,False,False,False,True,True,False,True,False,True,False,True,False,True,False,True,False,False,False,False,False,False,True,20.8
0,40,36.0,1382.9,0,True,False,False,False,True,False,False,False,False,False,False,True,False,False,False,True,False,False,False,False,True,False,False,True,False,False,1440.0
0,5,51.35,262.3,0,True,False,False,True,False,False,False,False,False,False,False,True,False,False,False,False,False,False,False,False,False,False,True,False,True,False,256.75
0,72,78.85,5763.15,0,True,True,False,True,False,True,False,False,False,True,False,True,False,True,False,True,False,False,False,True,False,True,False,False,False,False,5677.2
0,1,85.45,85.45,1,False,False,False,True,False,False,True,False,False,False,False,False,False,True,False,False,False,True,False,False,False,False,True,False,True,False,85.45
0,58,109.1,6393.65,0,False,True,False,True,False,True,True,False,False,True,False,True,False,False,False,True,False,True,False,True,False,True,True,True,False,False,6327.799999999999
0,24,24.6,605.25,0,False,False,False,True,False,True,False,True,True,False,True,False,True,False,True,False,True,False,True,False,True,False,False,False,False,False,590.4000000000001
1,3,83.9,267.4,1,False,True,False,True,False,False,True,False,False,False,False,False,False,False,False,True,False,True,False,False,False,False,True,False,False,True,251.70000000000002
0,62,20.3,1296.15,0,False,True,True,True,False,False,False,True,True,False,True,False,True,False,True,False,True,False,True,False,False,True,False,False,False,False,1258.6000000000001
0,72,110.9,7922.75,0,True,True,True,True,False,True,True,False,False,False,False,True,False,True,False,True,False,True,False,True,False,True,False,True,False,False,7984.8
1,50,71.05,3444.85,1,False,True,False,True,False,False,True,False,False,False,False,False,False,False,False,False,False,False,False,False,False,False,True,False,True,False,3552.5
0,66,20.0,1374.2,0,True,True,True,True,False,False,False,True,True,False,True,False,True,False,True,False,True,False,True,False,False,True,False,True,False,False,1320.0
0,40,81.2,3292.3,0,True,True,True,True,False,True,True,False,False,False,False,False,False,True,False,False,False,False,False,False,False,False,True,False,True,False,3248.0
0,40,70.75,2921.75,0,True,True,False,True,False,True,False,False,False,False,False,True,False,False,False,True,False,True,False,False,True,False,False,True,False,False,2830.0
0,67,103.15,6895.5,0,True,True,True,True,False,False,True,False,False,False,False,True,False,True,False,True,False,True,False,True,False,True,False,False,False,False,6911.05
1,56,104.75,5841.35,0,False,False,False,True,False,True,True,False,False,False,False,True,False,True,False,False,False,True,False,True,False,False,False,False,True,False,5866.0
0,64,20.2,1277.75,0,False,True,True,True,False,False,False,True,True,False,True,False,True,False,True,False,True,False,True,False,False,True,False,False,False,True,1292.8
1,20,84.35,1745.2,0,True,False,False,True,False,True,True,False,False,False,False,False,False,False,False,False,False,True,False,False,False,False,True,False,True,False,1687.0
1,71,95.5,6707.15,0,True,True,False,True,False,False,True,False,False,False,False,True,False,True,False,True,False,False,False,True,False,True,True,True,False,False,6780.5
0,41,74.55,3023.55,0,True,True,True,True,False,True,False,False,False,True,False,True,False,True,False,False,False,True,False,False,False,False,True,True,False,False,3056.5499999999997
0,72,48.9,3527.0,0,True,True,True,False,True,False,False,False,False,True,False,False,False,True,False,True,False,True,False,False,False,True,False,False,False,True,3520.7999999999997
0,18,46.4,812.4,0,True,True,True,False,True,False,False,False,False,False,False,True,False,True,False,False,False,True,False,False,True,False,False,True,False,False,835.1999999999999
1,71,71.0,5012.1,0,True,True,False,True,False,False,False,False,False,True,False,True,False,False,False,True,False,True,False,False,True,False,True,False,False,False,5041.0
0,46,65.65,3047.15,0,True,True,False,True,False,False,False,False,False,True,False,True,False,True,False,True,False,False,False,False,False,True,False,False,False,True,3019.9
0,46,20.25,890.35,0,False,True,True,True,False,False,False,True,True,False,True,False,True,False,True,False,True,False,True,False,False,True,False,False,False,False,931.5
0,57,54.65,3134.7,0,True,False,False,True,False,False,False,False,False,False,False,True,False,False,False,True,False,False,False,False,True,False,True,False,False,True,3115.0499999999997
0,68,80.65,5330.2,0,False,False,False,True,False,True,False,False,False,False,False,True,False,True,False,False,False,True,False,True,False,True,True,False,True,False,5484.200000000001
0,1,25.15,25.15,0,False,False,False,False,True,False,False,False,False,False,False,False,False,False,False,False,False,False,False,False,False,False,True,False,False,True,25.15
0,38,20.4,743.5,0,True,True,False,True,False,False,False,True,True,False,True,False,True,False,True,False,True,False,True,False,False,True,False,False,False,False,775.1999999999999
1,32,79.3,2570.0,0,False,True,False,True,False,True,True,False,False,False,False,False,False,True,False,False,False,False,False,False,False,False,False,False,False,True,2537.6
0,2,45.0,89.75,0,False,True,False,True,False,False,False,False,False,False,False,False,False,False,False,False,False,False,False,False,False,False,True,False,True,False,90.0
0,10,70.15,735.5,0,True,False,False,True,False,False,True,False,False,False,False,False,False,False,False,False,False,False,False,False,False,False,False,False,False,True,701.5
0,72,19.4,1496.45,0,False,True,False,True,False,False,False,True,True,False,True,False,True,False,True,False,True,False,True,False,False,True,False,False,False,False,1396.8
0,65,110.8,7245.9,0,False,True,True,True,False,True,True,False,False,False,False,True,False,True,False,True,False,True,False,True,False,True,True,True,False,False,7202.0
0,21,84.1,1737.45,0,True,False,False,True,False,True,True,False,False,False,False,False,False,False,False,False,False,False,False,True,False,False,True,False,True,False,1766.1
0,67,19.65,1335.2,0,False,True,False,True,False,False,False,True,True,False,True,False,True,False,True,False,True,False,True,False,False,True,False,False,False,True,1316.55
0,12,75.85,854.45,0,False,False,False,True,False,True,False,False,False,False,False,False,False,False,False,True,False,True,False,True,True,False,True,False,False,True,910.1999999999999
1,25,102.8,2660.2,1,False,False,False,True,False,True,True,False,False,True,False,True,False,False,False,False,False,True,False,True,False,False,True,False,False,True,2570.0
1,8,85.2,695.75,0,False,False,False,True,False,True,True,False,False,False,False,False,False,False,False,False,False,False,False,True,False,False,False,False,True,False,681.6
0,1,19.45,19.45,0,True,False,False,True,False,False,False,True,True,False,True,False,True,False,True,False,True,False,True,False,False,False,False,False,True,False,19.45
0,65,79.4,5071.9,0,False,True,True,True,False,True,False,False,False,False,False,True,False,False,False,True,False,True,False,True,False,True,True,False,False,False,5161.0
1,2,54.85,104.2,1,False,False,False,True,False,False,False,False,False,True,False,True,False,False,False,False,False,False,False,False,False,False,False,False,False,True,109.7
0,62,48.7,3008.55,0,False,True,True,False,True,False,False,False,False,True,False,True,False,False,False,True,False,True,False,False,False,True,False,False,False,False,3019.4
0,36,84.9,3067.2,1,True,False,False,True,False,True,True,False,False,False,False,False,False,False,False,False,False,False,False,True,False,False,True,False,True,False,3056.4
0,38,19.3,755.5,0,False,False,False,True,False,False,False,True,True,False,True,False,True,False,True,False,True,False,True,False,True,False,False,False,False,True,733.4
0,57,59.6,3509.4,0,True,True,True,True,False,False,False,False,False,True,False,True,False,False,False,True,False,False,False,False,True,False,False,False,False,True,3397.2000000000003
0,32,20.35,707.5,0,True,False,False,True,False,False,False,True,True,False,True,False,True,False,True,False,True,False,True,False,True,False,False,True,False,False,651.2
0,44,90.4,4063.0,0,True,False,False,True,False,True,True,False,False,False,False,False,False,True,False,False,False,False,False,True,False,False,True,False,False,True,3977.6000000000004
0,2,54.4,114.1,1,True,False,False,True,False,True,False,False,False,False,False,True,False,False,False,False,False,False,False,False,False,False,True,False,False,True,108.8
0,41,114.5,4527.45,1,False,False,False,True,False,True,True,False,False,True,False,True,False,True,False,True,False,True,False,True,False,False,True,False,False,False,4694.5
0,14,90.9,1259.0,1,False,True,True,True,False,True,True,False,False,False,False,True,False,False,False,False,False,False,False,True,False,False,True,False,False,False,1272.6000000000001
0,56,85.6,4902.8,0,False,True,False,True,False,True,True,False,False,False,False,False,False,False,False,False,False,True,False,False,False,False,True,False,False,False,4793.599999999999
1,7,84.55,646.85,1,False,True,False,True,False,True,True,False,False,False,False,False,False,False,False,False,False,False,False,True,False,False,True,False,True,False,591.85
0,11,20.45,237.3,0,True,False,False,True,False,False,False,True,True,False,True,False,True,False,True,False,True,False,True,False,False,False,True,True,False,False,224.95
0,13,20.2,273.25,0,False,False,False,True,False,False,False,True,True,False,True,False,True,False,True,False,True,False,True,False,True,False,False,False,False,True,262.59999999999997
0,71,105.15,7555.0,0,False,True,False,True,False,True,True,False,False,False,False,True,False,True,False,False,False,True,False,True,False,True,True,False,False,False,7465.650000000001
0,22,24.85,493.4,0,True,False,False,True,False,True,False,True,True,False,True,False,True,False,True,False,True,False,True,False,False,False,True,True,False,False,546.7
0,42,99.0,4298.45,0,True,False,False,True,False,True,True,False,False,True,False,True,False,True,False,False,False,False,False,True,True,False,True,False,True,False,4158.0
0,15,19.65,270.6,0,False,False,True,True,False,False,False,True,True,False,True,False,True,False,True,False,True,False,True,False,True,False,False,False,False,True,294.75
0,69,92.15,6480.9,0,True,True,True,True,False,False,True,False,False,False,False,True,False,False,False,True,False,True,False,False,False,True,True,False,False,True,6358.35
0,23,75.3,1702.9,0,False,True,True,True,False,False,True,False,False,False,False,False,False,True,False,False,False,False,False,False,False,False,True,True,False,False,1731.8999999999999
0,19,73.85,1424.5,1,True,False,False,True,False,False,True,False,False,False,False,True,False,False,False,False,False,False,False,False,False,False,True,True,False,False,1403.1499999999999
0,63,50.65,3221.25,0,False,True,True,True,False,False,False,False,False,True,False,False,False,False,False,False,False,False,False,False,False,True,True,False,False,False,3190.95
0,68,72.95,4953.25,0,True,True,True,True,False,False,False,False,False,False,False,False,False,True,False,True,False,True,False,True,False,True,True,False,False,False,4960.6
0,1,80.55,80.55,1,True,True,False,True,False,False,True,False,False,False,False,False,False,False,False,False,False,True,False,False,False,False,True,False,True,False,80.55
0,18,39.05,669.85,1,False,True,False,False,True,False,False,False,False,False,False,False,False,True,False,False,False,True,False,False,False,False,True,False,True,False,702.9
0,71,58.25,4145.9,0,False,True,False,False,True,False,False,False,False,False,False,True,False,True,False,True,False,True,False,True,False,True,False,False,False,False,4135.75
0,15,20.35,335.95,0,False,True,True,True,False,False,False,True,True,False,True,False,True,False,True,False,True,False,True,False,True,False,False,True,False,False,305.25
0,8,19.7,130.25,0,True,True,True,True,False,False,False,True,True,False,True,False,True,False,True,False,True,False,True,False,False,True,False,False,False,True,157.6
1,21,96.8,2030.3,1,True,False,False,True,False,False,True,False,False,False,False,False,False,True,False,False,False,True,False,True,False,False,True,False,False,False,2032.8
0,6,89.75,552.65,0,False,False,False,True,False,True,True,False,False,False,False,True,False,False,False,False,False,True,False,False,False,False,True,False,True,False,538.5
1,69,29.8,2134.3,0,True,True,False,False,True,False,False,False,False,False,False,False,False,True,False,False,False,False,False,False,True,False,True,True,False,False,2056.2000000000003
0,68,56.4,3948.45,0,True,True,True,False,True,False,False,False,False,True,False,True,False,True,False,True,False,False,False,True,False,True,True,False,False,True,3835.2
0,1,20.3,20.3,0,False,True,False,True,False,False,False,True,True,False,True,False,True,False,True,False,True,False,True,False,False,False,True,False,False,False,20.3
0,62,19.95,1244.8,0,True,True,True,True,False,False,False,True,True,False,True,False,True,False,True,False,True,False,True,False,True,False,False,False,False,False,1236.8999999999999
0,38,78.95,2862.55,0,True,True,True,True,False,True,False,False,False,False,False,True,False,True,False,False,False,True,False,True,True,False,False,True,False,False,3000.1
0,5,85.3,424.15,1,True,False,False,True,False,True,True,False,False,False,False,True,False,True,False,False,False,False,False,False,False,False,True,False,True,False,426.5
1,3,94.6,279.55,1,True,True,False,True,False,True,True,False,False,False,False,False,False,False,False,False,False,True,False,True,False,False,True,False,True,False,283.79999999999995
0,45,115.65,5125.5,0,False,False,False,True,False,True,True,False,False,True,False,True,False,True,False,True,False,True,False,True,False,False,True,False,True,False,5204.25
0,1,20.95,20.95,1,False,False,False,True,False,False,False,True,True,False,True,False,True,False,True,False,True,False,True,False,False,False,False,False,False,True,20.95
1,9,75.5,637.4,0,False,False,False,True,False,False,True,False,False,False,False,False,False,True,False,False,False,False,False,False,False,False,False,True,False,False,679.5
0,20,69.8,1540.35,0,False,True,False,True,False,False,True,False,False,False,False,False,False,False,False,False,False,False,False,False,False,False,True,False,False,False,1396.0
1,54,79.5,4370.25,1,False,False,False,True,False,True,True,False,False,False,False,True,False,False,False,False,False,False,False,False,False,False,True,False,True,False,4293.0
0,20,19.7,419.4,0,True,False,False,True,False,False,False,True,True,False,True,False,True,False,True,False,True,False,True,False,False,True,True,False,False,True,394.0
0,48,108.1,5067.45,0,True,False,False,True,False,True,True,False,False,False,False,True,False,True,False,False,False,True,False,True,False,True,True,False,False,False,5188.799999999999
1,54,24.95,1364.75,0,True,True,False,False,True,False,False,False,False,False,False,False,False,False,False,False,False,False,False,False,False,False,True,False,False,False,1347.3
0,1,50.1,50.1,0,False,False,False,True,False,True,False,False,False,False,False,False,False,False,False,False,False,False,False,False,False,False,True,False,True,False,50.1
0,1,43.8,43.8,0,False,False,False,True,False,False,False,False,False,False,False,False,False,False,False,False,False,False,False,False,False,False,False,False,True,False,43.8
0,1,19.55,19.55,0,True,False,False,True,False,False,False,True,True,False,True,False,True,False,True,False,True,False,True,False,False,False,False,False,False,True,19.55
0,48,19.95,1004.5,0,True,False,False,True,False,False,False,True,True,False,True,False,True,False,True,False,True,False,True,False,True,False,False,False,False,False,957.5999999999999
0,1,19.55,19.55,0,False,False,False,True,False,False,False,True,True,False,True,False,True,False,True,False,True,False,True,False,False,False,True,False,False,True,19.55
0,37,72.1,2658.4,0,False,True,False,True,False,True,False,False,False,False,False,True,False,False,False,True,False,False,False,True,True,False,False,False,False,True,2667.7
0,1,19.1,19.1,0,True,False,False,True,False,False,False,True,True,False,True,False,True,False,True,False,True,False,True,False,False,False,False,False,False,True,19.1
0,39,25.2,987.95,0,True,True,True,True,False,True,False,True,True,False,True,False,True,False,True,False,True,False,True,False,False,True,False,False,False,True,982.8
0,4,55.5,227.35,0,False,False,False,True,False,False,False,False,False,False,False,False,False,False,False,False,False,True,False,False,False,False,False,True,False,False,222.0
0,33,24.15,800.3,0,False,True,True,True,False,True,False,True,True,False,True,False,True,False,True,False,True,False,True,False,True,False,False,True,False,False,796.9499999999999
0,18,19.25,331.35,0,True,False,False,True,False,False,False,True,True,False,True,False,True,False,True,False,True,False,True,False,False,False,False,False,False,True,346.5
0,4,50.05,179.35,1,True,True,False,True,False,False,False,False,False,False,False,False,False,False,False,True,False,False,False,False,False,False,False,False,False,True,200.2
0,56,21.2,1238.65,0,True,False,True,True,False,False,False,True,True,False,True,False,True,False,True,False,True,False,True,False,True,False,True,False,False,True,1187.2
0,17,70.0,1144.5,1,False,False,False,True,False,False,True,False,False,False,False,False,False,False,False,False,False,False,False,False,False,False,True,False,True,False,1190.0
0,50,90.1,4549.45,0,True,False,False,True,False,False,True,False,False,True,False,True,False,True,False,True,False,False,False,False,True,False,True,True,False,False,4505.0
0,72,20.3,1401.15,0,True,True,True,True,False,False,False,True,True,False,True,False,True,False,True,False,True,False,True,False,False,True,False,False,False,False,1461.6000000000001
0,10,75.05,786.3,0,True,False,False,True,False,True,True,False,False,False,False,False,False,False,False,False,False,False,False,False,False,False,False,False,True,False,750.5
0,25,20.1,486.05,0,False,True,True,True,False,False,False,True,True,False,True,False,True,False,True,False,True,False,True,False,False,True,False,False,False,True,502.50000000000006
0,71,25.05,1873.7,0,False,True,False,True,False,True,False,True,True,False,True,False,True,False,True,False,True,False,True,False,False,True,False,True,False,False,1778.55
0,20,25.55,507.4,0,False,True,True,True,False,True,False,True,True,False,True,False,True,False,True,False,True,False,True,False,False,False,True,False,False,False,511.0
0,14,86.1,1235.55,1,True,True,False,True,False,True,True,False,False,False,False,False,False,False,False,False,False,True,False,False,False,False,True,False,True,False,1205.3999999999999
0,62,56.15,3487.95,0,True,False,True,True,False,False,False,False,False,True,False,True,False,False,False,False,False,False,False,False,True,False,False,False,False,False,3481.2999999999997
0,8,25.5,215.2,1,True,False,True,False,True,False,False,False,False,False,False,False,False,False,False,False,False,False,False,False,False,False,False,False,False,True,204.0
1,54,90.05,4931.8,0,True,False,False,True,False,True,True,False,False,False,False,True,False,False,False,False,False,False,False,True,False,False,True,False,True,False,4862.7
0,61,118.6,7365.7,0,False,False,False,True,False,True,True,False,False,True,False,True,False,True,False,True,False,True,False,True,True,False,True,False,True,False,7234.599999999999
0,67,59.55,4103.9,0,False,True,True,False,True,False,False,False,False,False,False,True,False,True,False,True,False,True,False,True,False,True,True,False,True,False,3989.85
1,49,81.35,4060.9,0,True,False,False,True,False,True,False,False,False,True,False,True,False,True,False,True,False,False,False,True,False,True,False,True,False,False,3986.1499999999996
0,66,91.7,6075.9,0,True,True,False,True,False,True,False,False,False,True,False,True,False,True,False,True,False,True,False,True,False,True,False,False,False,False,6052.2
0,47,104.1,5135.15,0,True,True,False,True,False,True,True,False,False,False,False,True,False,True,False,False,False,True,False,True,False,False,True,False,True,False,4892.7
0,21,36.0,780.15,0,True,False,False,False,True,False,False,False,False,False,False,True,False,False,False,True,False,False,False,False,False,False,True,False,False,True,756.0
0,51,99.0,5038.15,0,True,False,False,True,False,False,True,False,False,False,False,True,False,True,False,False,False,True,False,True,False,False,True,False,True,False,5049.0
1,22,81.7,1820.9,0,False,False,False,True,False,False,True,False,False,True,False,True,False,False,False,False,False,False,False,False,False,False,False,False,True,False,1797.4
0,3,20.7,57.5,0,True,False,False,True,False,False,False,True,True,False,True,False,True,False,True,False,True,False,True,False,False,False,False,False,False,True,62.099999999999994
0,64,110.5,7069.25,0,False,False,False,True,False,True,True,False,False,False,False,True,False,True,False,True,False,True,False,True,False,True,True,True,False,False,7072.0
0,67,53.4,3579.15,0,False,False,False,False,True,False,False,False,False,False,False,False,False,True,False,True,False,True,False,True,False,False,True,True,False,False,3577.7999999999997
0,72,25.4,1797.1,0,True,True,False,True,False,True,False,True,True,False,True,False,True,False,True,False,True,False,True,False,False,True,False,False,False,True,1828.8
0,37,61.45,2302.35,0,True,False,True,True,False,False,False,False,False,True,False,True,False,False,False,True,False,False,False,False,False,True,False,True,False,False,2273.65
1,37,19.6,727.8,0,False,True,False,True,False,False,False,True,True,False,True,False,True,False,True,False,True,False,True,False,True,False,False,False,False,True,725.2
1,41,98.4,4187.75,1,True,False,False,True,False,True,True,False,False,False,False,False,False,True,False,False,False,True,False,True,False,False,True,False,True,False,4034.4
0,65,104.25,6812.95,0,True,True,False,True,False,True,True,False,False,True,False,False,False,True,False,False,False,True,False,True,False,False,True,False,True,False,6776.25
0,47,19.9,942.95,0,True,True,False,True,False,False,False,True,True,False,True,False,True,False,True,False,True,False,True,False,True,False,False,False,False,False,935.3
0,26,74.95,1834.95,1,False,False,False,True,False,True,True,False,False,False,False,False,False,False,False,False,False,False,False,False,False,False,True,False,False,False,1948.7
0,9,85.35,758.6,1,True,False,False,True,False,True,True,False,False,False,False,False,False,False,False,False,False,True,False,False,False,False,True,False,True,False,768.15
0,60,80.6,4946.7,0,False,True,True,True,False,False,False,False,False,False,False,True,False,True,False,True,False,True,False,True,False,True,True,False,False,False,4836.0
1,1,86.05,86.05,1,True,True,False,True,False,True,True,False,False,False,False,False,False,False,False,False,False,True,False,False,False,False,True,False,True,False,86.05
0,62,43.6,2748.7,0,False,False,False,False,True,False,False,False,False,False,False,True,False,True,False,False,False,False,False,True,False,True,True,True,False,False,2703.2000000000003
0,6,69.25,418.4,1,False,False,False,True,False,False,True,False,False,False,False,False,False,False,False,False,False,False,False,False,False,False,True,False,False,True,415.5
0,53,98.6,5311.85,0,False,False,False,True,False,True,True,False,False,True,False,True,False,True,False,False,False,True,False,False,True,False,False,False,False,True,5225.799999999999
0,32,75.5,2324.7,0,False,True,False,True,False,False,True,False,False,True,False,False,False,False,False,False,False,False,False,False,False,False,True,False,False,False,2416.0
0,67,118.35,7804.15,1,True,False,False,True,False,True,True,False,False,True,False,True,False,True,False,True,False,True,False,True,True,False,True,False,False,False,7929.45
0,15,25.4,399.6,1,False,False,False,True,False,True,False,True,True,False,True,False,True,False,True,False,True,False,True,False,False,False,True,True,False,False,381.0
0,49,30.2,1453.1,0,True,False,False,False,True,False,False,False,False,False,False,False,False,True,False,False,False,False,False,False,False,False,True,False,False,False,1479.8
0,22,55.15,1206.05,1,False,True,True,True,False,False,False,False,False,False,False,True,False,False,False,True,False,False,False,False,False,False,False,False,True,False,1213.3
0,64,105.25,6823.4,0,True,True,False,True,False,True,True,False,False,False,False,True,False,False,False,True,False,True,False,True,False,True,True,False,True,False,6736.0
0,21,82.35,1852.85,1,True,False,False,True,False,True,True,False,False,False,False,True,False,False,False,False,False,False,False,False,False,False,True,False,True,False,1729.35
1,12,98.1,1060.2,1,False,True,False,True,False,True,True,False,False,False,False,True,False,True,False,False,False,True,False,False,False,False,True,False,True,False,1177.1999999999998
0,43,94.1,4107.3,0,False,True,False,True,False,True,True,False,False,True,False,True,False,False,False,False,False,False,False,True,False,False,True,False,True,False,4046.2999999999997
0,66,20.35,1359.5,0,True,True,True,True,False,False,False,True,True,False,True,False,True,False,True,False,True,False,True,False,True,False,True,False,True,False,1343.1000000000001
0,44,96.1,4364.1,1,False,True,False,True,False,True,True,False,False,False,False,False,False,False,False,False,False,True,False,True,False,False,True,False,True,False,4228.4
1,17,20.65,330.6,0,False,False,False,True,False,False,False,True,True,False,True,False,True,False,True,False,True,False,True,False,True,False,False,False,False,True,351.04999999999995
0,1,50.1,50.1,1,False,False,False,True,False,True,False,False,False,False,False,False,False,False,False,False,False,False,False,False,False,False,True,False,False,True,50.1
1,51,97.8,4913.3,1,True,False,False,True,False,True,True,False,False,False,False,False,False,True,False,False,False,True,False,True,False,False,True,False,True,False,4987.8
0,9,20.25,178.5,1,True,False,False,True,False,False,False,True,True,False,True,False,True,False,True,False,True,False,True,False,False,False,False,False,False,True,182.25
0,64,100.05,6254.2,1,False,False,False,True,False,True,True,False,False,False,False,False,False,True,False,False,False,True,False,True,True,False,True,True,False,False,6403.2
0,8,75.0,658.1,0,True,True,False,True,False,False,True,False,False,True,False,False,False,False,False,False,False,False,False,False,False,False,True,False,False,True,600.0
0,57,74.3,4018.35,0,True,True,True,True,False,True,True,False,False,False,False,False,False,False,False,False,False,False,False,False,False,False,True,False,True,False,4235.099999999999
0,59,68.7,4070.95,0,False,False,False,True,False,True,False,False,False,True,False,False,False,False,False,True,False,False,False,True,True,False,False,False,False,False,4053.3
0,64,66.15,4392.5,0,True,True,False,True,False,True,False,False,False,True,False,False,False,False,False,False,False,True,False,False,True,False,True,True,False,False,4233.6
0,1,19.4,19.4,0,False,True,True,True,False,False,False,True,True,False,True,False,True,False,True,False,True,False,True,False,False,False,True,False,False,True,19.4
0,72,85.9,6110.75,0,False,True,True,True,False,True,False,False,False,True,False,False,False,True,False,True,False,True,False,True,False,True,True,True,False,False,6184.8
0,1,80.5,80.5,1,True,False,False,True,False,False,True,False,False,False,False,False,False,False,False,False,False,False,False,True,False,False,False,False,True,False,80.5
1,51,25.0,1260.7,0,True,False,False,True,False,True,False,True,True,False,True,False,True,False,True,False,True,False,True,False,True,False,False,False,False,False,1275.0
0,42,84.3,3588.4,1,False,True,False,True,False,True,True,False,False,False,False,False,False,True,False,True,False,False,False,False,False,False,True,False,True,False,3540.6
0,1,20.3,20.3,0,False,False,False,True,False,False,False,True,True,False,True,False,True,False,True,False,True,False,True,False,False,False,False,True,False,False,20.3
0,56,103.2,5744.35,0,False,True,False,True,False,True,True,False,False,False,False,False,False,True,False,True,False,True,False,True,False,True,False,False,False,False,5779.2
0,39,106.4,4040.65,0,True,False,False,True,False,True,True,False,False,True,False,True,False,False,False,False,False,True,False,True,False,False,True,False,True,False,4149.6
0,25,40.65,970.55,0,True,False,True,False,True,False,False,False,False,True,False,False,False,False,False,False,False,True,False,False,True,False,True,True,False,False,1016.25
1,71,72.9,5139.65,0,True,True,True,True,False,True,False,False,False,False,False,True,False,True,False,True,False,False,False,True,True,False,True,False,False,False,5175.900000000001
0,10,46.0,492.1,0,True,False,False,True,False,False,False,False,False,False,False,False,False,False,False,False,False,False,False,False,False,False,False,False,False,True,460.0
0,40,84.9,3369.05,0,True,False,False,True,False,True,True,False,False,False,False,False,False,False,False,False,False,True,False,False,False,False,True,False,True,False,3396.0
0,68,24.0,1664.3,0,True,True,True,True,False,True,False,True,True,False,True,False,True,False,True,False,True,False,True,False,False,True,True,False,False,False,1632.0
0,61,20.4,1226.45,0,True,True,True,True,False,False,False,True,True,False,True,False,True,False,True,False,True,False,True,False,True,False,False,False,False,True,1244.3999999999999
0,69,86.9,6194.1,0,True,True,True,True,False,True,False,False,False,True,False,False,False,True,False,True,False,True,False,True,False,True,False,False,False,False,5996.1
0,30,85.35,2530.4,1,False,False,False,True,False,False,False,False,False,True,False,True,False,True,False,True,False,True,False,True,True,False,False,False,False,False,2560.5
0,1,46.2,46.2,1,True,False,False,True,False,False,False,False,False,False,False,False,False,False,False,False,False,False,False,False,False,False,False,True,False,False,46.2
0,22,19.25,412.55,0,False,False,False,True,False,False,False,True,True,False,True,False,True,False,True,False,True,False,True,False,True,False,True,False,False,True,423.5
0,38,94.9,3616.25,0,True,True,True,True,False,True,True,False,False,False,False,False,False,True,False,True,False,True,False,False,False,True,True,False,False,False,3606.2000000000003
0,3,75.25,242.0,1,False,False,False,True,False,True,True,False,False,False,False,False,False,False,False,False,False,False,False,False,False,False,False,False,True,False,225.75
0,1,35.45,35.45,1,True,False,False,False,True,False,False,False,False,False,False,False,False,False,False,False,False,False,False,True,False,False,True,False,True,False,35.45
0,41,89.55,3729.75,0,True,False,False,True,False,False,True,False,False,False,False,True,False,False,False,True,False,True,False,False,True,False,True,False,True,False,3671.5499999999997
0,7,50.3,355.1,0,False,True,False,True,False,False,False,False,False,True,False,False,False,False,False,False,False,False,False,False,False,False,True,False,False,False,352.09999999999997
0,68,103.75,7039.45,0,False,True,True,True,False,True,True,False,False,False,False,True,False,False,False,True,False,True,False,True,False,True,True,True,False,False,7055.0
0,5,63.95,318.1,0,True,False,False,True,False,False,False,False,False,False,False,False,False,True,False,True,False,True,False,False,False,False,True,True,False,False,319.75
0,41,102.6,4213.35,1,True,True,True,True,False,True,True,False,False,False,False,False,False,True,False,True,False,True,False,True,True,False,True,False,True,False,4206.599999999999
0,35,25.75,882.55,0,False,True,True,True,False,True,False,True,True,False,True,False,True,False,True,False,True,False,True,False,False,False,True,False,True,False,901.25
0,19,86.0,1532.45,1,True,False,False,True,False,True,True,False,False,False,False,False,False,False,False,False,False,False,False,True,False,False,True,False,False,False,1634.0
0,69,79.45,5502.55,0,True,False,True,True,False,True,False,False,False,True,False,True,False,True,False,True,False,True,False,False,False,True,True,True,False,False,5482.05
0,45,73.85,3371.0,0,True,True,True,True,False,True,False,False,False,True,False,True,False,False,False,True,False,True,False,False,False,True,False,True,False,False,3323.2499999999995
0,67,67.85,4627.65,0,True,True,True,True,False,False,False,False,False,True,False,False,False,True,False,True,False,False,False,True,False,True,False,False,False,True,4545.95
0,61,79.4,4820.55,0,False,True,True,True,False,True,False,False,False,True,False,True,False,True,False,True,False,False,False,True,True,False,True,False,True,False,4843.400000000001
0,24,84.85,2048.8,0,True,False,False,True,False,True,True,False,False,False,False,True,False,True,False,False,False,False,False,False,False,False,True,False,False,False,2036.3999999999999
0,22,69.25,1554.0,1,False,True,False,True,False,False,True,False,False,False,False,False,False,False,False,False,False,False,False,False,False,False,True,False,True,False,1523.5
0,63,81.2,4965.1,0,False,True,False,True,False,True,True,False,False,False,False,False,False,False,False,True,False,False,False,False,True,False,True,True,False,False,5115.6
0,1,35.75,35.75,1,False,False,False,False,True,False,False,False,False,False,False,False,False,False,False,False,False,True,False,False,False,False,True,False,True,False,35.75
0,24,104.15,2494.65,0,False,False,False,True,False,True,True,False,False,False,False,True,False,True,False,False,False,True,False,True,False,False,True,False,True,False,2499.6000000000004
0,39,95.55,3692.85,1,False,False,False,True,False,False,True,False,False,True,False,False,False,True,False,True,False,True,False,False,True,False,True,False,True,False,3726.45
0,63,91.35,5764.7,0,True,True,True,True,False,True,True,False,False,False,False,True,False,False,False,False,False,False,False,True,True,False,True,False,True,False,5755.049999999999
0,1,50.75,50.75,0,True,False,False,True,False,True,False,False,False,False,False,False,False,False,False,False,False,False,False,False,False,False,False,False,False,True,50.75
0,26,29.8,786.5,0,False,False,True,False,True,False,False,False,False,False,False,False,False,True,False,False,False,False,False,False,False,False,True,False,False,True,774.8000000000001
0,41,51.35,2075.1,0,True,False,False,False,True,False,False,False,False,False,False,False,False,True,False,False,False,True,False,True,True,False,True,False,True,False,2105.35
0,22,20.3,467.15,0,True,False,False,True,False,False,False,True,True,False,True,False,True,False,True,False,True,False,True,False,True,False,False,True,False,False,446.6
0,35,89.7,3165.6,0,True,True,True,True,False,False,True,False,False,False,False,True,False,False,False,True,False,True,False,False,True,False,True,False,True,False,3139.5
0,37,19.8,677.05,0,True,True,True,True,False,False,False,True,True,False,True,False,True,False,True,False,True,False,True,False,True,False,False,True,False,False,732.6
0,55,103.65,5676.65,0,False,True,False,True,False,True,True,False,False,False,False,True,False,True,False,False,False,True,False,True,False,False,True,True,False,False,5700.75
0,38,66.15,2522.4,0,False,False,False,True,False,True,False,False,False,True,False,True,False,True,False,False,False,False,False,False,False,False,True,False,False,False,2513.7000000000003
0,32,35.15,1051.05,0,False,True,True,False,True,False,False,False,False,True,False,True,False,False,False,False,False,False,False,False,False,False,True,False,True,False,1124.8
0,14,86.0,1164.05,0,False,False,True,True,False,True,True,False,False,True,False,False,False,False,False,True,False,False,False,False,False,False,True,False,False,True,1204.0
0,62,104.05,6590.5,0,True,False,True,True,False,True,True,False,False,False,False,False,False,True,False,True,False,True,False,True,False,True,True,False,True,False,6451.099999999999
0,14,86.3,1180.95,1,False,False,False,True,False,False,True,False,False,False,False,True,False,False,False,False,False,False,False,True,False,False,True,False,True,False,1208.2
0,29,89.2,2698.35,1,True,True,True,True,False,True,True,False,False,False,False,False,False,True,False,False,False,False,False,True,False,False,True,False,True,False,2586.8
0,54,89.8,4667.0,0,True,False,False,True,False,False,True,False,False,True,False,False,False,True,False,False,False,True,False,False,False,False,False,False,False,True,4849.2
0,71,95.15,6770.85,0,False,True,True,True,False,True,True,False,False,True,False,True,False,True,False,True,False,False,False,False,True,False,True,True,False,False,6755.650000000001
0,47,94.8,4535.85,0,True,False,False,True,False,True,True,False,False,True,False,True,False,False,False,False,False,True,False,False,True,False,False,False,False,False,4455.599999999999
1,2,95.1,180.25,1,True,False,False,True,False,False,True,False,False,False,False,True,False,True,False,True,False,False,False,True,False,False,True,True,False,False,190.2
0,45,50.9,2333.85,0,False,True,True,False,True,False,False,False,False,True,False,False,False,False,False,False,False,True,False,True,False,False,True,False,False,False,2290.5
0,70,76.1,5264.25,0,True,True,False,True,False,True,False,False,False,False,False,True,False,True,False,True,False,True,False,False,False,True,False,True,False,False,5327.0
0,4,20.35,76.35,1,False,True,True,True,False,False,False,True,True,False,True,False,True,False,True,False,True,False,True,False,False,False,False,False,False,True,81.4
0,33,82.1,2603.1,0,True,True,True,True,False,False,False,False,False,False,False,True,False,True,False,True,False,True,False,True,False,True,False,True,False,False,2709.2999999999997
1,20,94.3,1818.3,0,True,True,True,True,False,False,True,False,False,True,False,False,False,True,False,True,False,False,False,True,True,False,False,True,False,False,1886.0
0,56,24.45,1431.65,0,True,True,True,True,False,True,False,True,True,False,True,False,True,False,True,False,True,False,True,False,True,False,True,False,False,True,1369.2
0,12,99.7,1238.45,1,False,False,False,True,False,True,True,False,False,True,False,True,False,True,False,False,False,False,False,True,False,False,True,False,False,False,1196.4
0,1,19.55,19.55,0,True,False,True,True,False,False,False,True,True,False,True,False,True,False,True,False,True,False,True,False,False,False,False,False,False,True,19.55
1,38,57.15,2250.65,1,False,False,False,True,False,False,False,False,False,True,False,True,False,False,False,False,False,False,False,False,False,False,True,True,False,False,2171.7
0,12,58.35,740.55,0,False,True,True,True,False,False,False,False,False,False,False,False,False,True,False,False,False,True,False,False,False,False,True,True,False,False,700.2
0,1,20.2,20.2,1,True,False,False,True,False,False,False,True,True,False,True,False,True,False,True,False,True,False,True,False,False,False,True,False,False,False,20.2
0,28,18.25,534.7,0,True,False,False,True,False,False,False,True,True,False,True,False,True,False,True,False,True,False,True,False,True,False,False,True,False,False,511.0
0,43,50.2,2169.4,0,False,True,True,True,False,False,False,False,False,False,False,True,False,False,False,False,False,False,False,False,False,False,False,False,False,True,2158.6
0,61,106.6,6428.4,1,False,False,False,True,False,True,True,False,False,False,False,False,False,True,False,True,False,True,False,True,False,True,True,False,True,False,6502.599999999999
0,16,55.3,875.35,0,True,False,False,True,False,True,False,False,False,False,False,True,False,False,False,False,False,False,False,False,False,False,False,False,True,False,884.8
0,10,70.1,659.65,1,True,True,False,True,False,False,True,False,False,False,False,False,False,False,False,False,False,False,False,False,False,False,True,False,True,False,701.0
0,63,80.3,4896.35,0,True,True,True,True,False,False,True,False,False,False,False,True,False,True,False,False,False,False,False,False,False,False,True,True,False,False,5058.9
0,62,23.75,1446.8,0,True,True,False,True,False,True,False,True,True,False,True,False,True,False,True,False,True,False,True,False,True,False,True,True,False,False,1472.5
0,46,40.4,1842.7,0,True,True,False,False,True,False,False,False,False,True,False,False,False,True,False,True,False,False,False,False,False,True,False,True,False,False,1858.3999999999999
0,1,20.4,20.4,0,True,True,True,True,False,False,False,True,True,False,True,False,True,False,True,False,True,False,True,False,True,False,False,False,False,True,20.4
0,9,55.3,501.2,0,False,True,True,True,False,True,False,False,False,False,False,True,False,False,False,False,False,False,False,False,False,False,True,False,False,True,497.7
0,2,95.85,197.7,1,True,False,False,True,False,False,True,False,False,False,False,False,False,True,False,False,False,True,False,True,False,False,True,False,True,False,191.7
0,35,69.15,2490.15,0,True,True,True,True,False,True,False,False,False,True,False,True,False,True,False,True,False,False,False,False,False,True,True,True,False,False,2420.25
0,69,81.95,5601.4,0,True,True,True,True,False,True,False,False,False,False,False,True,False,True,False,True,False,True,False,True,False,True,True,False,False,False,5654.55
0,33,80.1,2603.3,0,True,False,False,True,False,True,True,False,False,True,False,False,False,False,False,False,False,False,False,False,True,False,False,False,False,False,2643.2999999999997
0,46,21.1,937.1,0,False,False,False,True,False,False,False,True,True,False,True,False,True,False,True,False,True,False,True,False,False,True,True,False,True,False,970.6
1,1,69.6,69.6,1,False,False,False,True,False,False,True,False,False,False,False,False,False,False,False,False,False,False,False,False,False,False,True,False,True,False,69.6
0,1,75.55,75.55,0,False,False,False,True,False,False,True,False,False,False,False,False,False,True,False,False,False,False,False,False,False,False,False,False,True,False,75.55
0,65,26.0,1654.85,0,False,True,True,True,False,True,False,True,True,False,True,False,True,False,True,False,True,False,True,False,False,True,False,True,False,False,1690.0
0,15,58.95,955.15,0,False,False,False,True,False,False,False,False,False,True,False,False,False,True,False,True,False,False,False,False,False,False,False,False,True,False,884.25
0,7,69.15,488.65,0,True,False,False,True,False,False,True,False,False,False,False,False,False,False,False,False,False,False,False,False,False,False,False,False,False,False,484.05000000000007
0,19,78.25,1490.95,1,True,False,False,True,False,False,True,False,False,False,False,True,False,True,False,False,False,False,False,False,False,False,True,False,True,False,1486.75
0,25,75.5,1901.05,0,True,True,True,True,False,False,True,False,False,False,False,True,False,False,False,False,False,False,False,False,False,False,True,False,True,False,1887.5
0,38,69.5,2625.25,0,True,False,False,True,False,False,True,False,False,False,False,False,False,False,False,False,False,False,False,False,False,False,True,True,False,False,2641.0
0,53,18.7,1005.7,0,False,False,False,True,False,False,False,True,True,False,True,False,True,False,True,False,True,False,True,False,False,True,False,False,False,True,991.0999999999999
0,1,45.3,45.3,1,True,False,False,True,False,False,False,False,False,False,False,False,False,False,False,False,False,False,False,False,False,False,False,False,True,False,45.3
0,1,69.1,69.1,1,False,True,True,True,False,False,True,False,False,False,False,False,False,False,False,False,False,False,False,False,False,False,True,False,False,True,69.1
0,52,20.85,1071.6,0,True,True,True,True,False,False,False,True,True,False,True,False,True,False,True,False,True,False,True,False,True,False,True,True,False,False,1084.2
0,43,78.8,3460.3,0,False,True,False,True,False,False,False,False,False,True,False,False,False,True,False,True,False,True,False,True,False,True,True,False,True,False,3388.4
0,23,54.15,1312.45,0,True,False,True,True,False,False,False,False,False,False,False,True,False,False,False,True,False,False,False,False,False,False,False,False,True,False,1245.45
0,2,80.55,184.1,1,False,False,False,True,False,False,True,False,False,False,False,False,False,False,False,False,False,False,False,True,False,False,False,False,True,False,161.1
0,34,50.2,1815.3,0,False,True,False,True,False,False,False,False,False,False,False,False,False,False,False,True,False,False,False,False,False,False,False,False,False,False,1706.8000000000002
0,6,44.6,260.8,1,True,True,True,True,False,False,False,False,False,False,False,False,False,False,False,False,False,False,False,False,False,False,True,False,False,False,267.6
0,26,51.55,1295.4,0,True,False,False,True,False,True,False,False,False,False,False,False,False,False,False,False,False,False,False,False,True,False,True,True,False,False,1340.3
0,2,44.9,111.05,0,True,False,False,True,False,False,False,False,False,False,False,False,False,False,False,False,False,False,False,False,False,False,False,False,False,False,89.8
0,11,19.7,216.2,0,False,False,True,True,False,False,False,True,True,False,True,False,True,False,True,False,True,False,True,False,False,False,False,True,False,False,216.7
0,1,49.65,49.65,1,True,False,False,True,False,False,False,False,False,False,False,False,False,True,False,False,False,False,False,False,False,False,True,False,False,True,49.65
0,53,97.75,5043.2,0,True,True,False,True,False,True,True,False,False,False,False,True,False,False,False,True,False,False,False,True,True,False,False,False,False,False,5180.75
0,1,19.75,19.75,0,True,False,False,True,False,False,False,True,True,False,True,False,True,False,True,False,True,False,True,False,False,False,True,True,False,False,19.75
0,14,76.45,1117.55,0,True,False,False,True,False,False,True,False,False,False,False,False,False,True,False,False,False,False,False,False,False,False,False,False,True,False,1070.3
1,22,25.6,548.8,0,False,True,False,True,False,True,False,True,True,False,True,False,True,False,True,False,True,False,True,False,True,False,False,False,False,False,563.2
0,64,84.3,5289.05,0,True,False,False,True,False,True,True,False,False,True,False,True,False,False,False,False,False,False,False,False,True,False,True,True,False,False,5395.2
0,62,72.0,4284.2,0,False,True,False,True,False,False,False,False,False,True,False,True,False,True,False,False,False,True,False,False,False,True,True,True,False,False,4464.0
0,36,65.4,2498.4,1,True,False,False,True,False,False,False,False,False,False,False,True,False,False,False,True,False,False,False,True,True,False,True,False,False,True,2354.4
0,4,81.0,340.85,1,True,False,False,True,False,False,True,False,False,False,False,False,False,False,False,False,False,True,False,False,False,False,True,False,True,False,324.0
0,38,85.4,3297.0,0,True,True,True,True,False,True,False,False,False,True,False,False,False,True,False,True,False,True,False,True,False,True,True,False,False,False,3245.2000000000003
0,32,85.65,2664.3,0,True,False,False,True,False,True,True,False,False,False,False,False,False,False,False,False,False,False,False,True,False,False,True,False,False,False,2740.8
0,61,51.35,3244.4,0,False,True,True,False,True,False,False,False,False,False,False,True,False,True,False,True,False,True,False,False,False,True,False,True,False,False,3132.35
0,70,26.05,1856.4,0,False,False,False,True,False,True,False,True,True,False,True,False,True,False,True,False,True,False,True,False,True,False,False,True,False,False,1823.5
1,31,89.45,2807.65,0,True,True,False,True,False,True,True,False,False,True,False,False,False,False,False,False,False,True,False,False,False,False,False,False,True,False,2772.9500000000003
0,9,18.95,185.6,1,True,False,False,True,False,False,False,True,True,False,True,False,True,False,True,False,True,False,True,False,False,False,True,False,False,True,170.54999999999998
0,66,90.05,5965.95,0,False,False,False,True,False,True,False,False,False,True,False,True,False,True,False,True,False,True,False,True,False,True,True,True,False,False,5943.3
0,10,19.9,199.45,0,False,False,False,True,False,False,False,True,True,False,True,False,True,False,True,False,True,False,True,False,False,False,True,False,False,True,199.0
0,30,64.5,1985.15,0,False,True,True,True,False,False,False,False,False,False,False,False,False,True,False,True,False,True,False,False,True,False,True,False,True,False,1935.0
0,5,90.35,434.5,0,True,True,True,True,False,False,True,False,False,True,False,False,False,True,False,False,False,False,False,True,False,False,True,False,False,True,451.75
0,54,24.05,1230.9,0,True,True,True,True,False,True,False,True,True,False,True,False,True,False,True,False,True,False,True,False,False,True,True,False,False,False,1298.7
0,59,41.05,2452.7,1,True,True,False,False,True,False,False,False,False,False,False,True,False,False,False,False,False,False,False,True,False,False,True,False,False,False,2421.95
0,40,25.25,1006.9,0,True,True,True,True,False,True,False,True,True,False,True,False,True,False,True,False,True,False,True,False,False,True,False,True,False,False,1010.0
0,35,108.95,4025.5,0,True,False,False,True,False,True,True,False,False,True,False,False,False,True,False,True,False,True,False,True,False,True,True,False,True,False,3813.25
0,12,61.65,713.75,1,False,False,False,True,False,True,False,False,False,True,False,False,False,True,False,True,False,False,False,False,False,False,True,False,False,True,739.8
0,42,95.25,3959.35,1,True,True,False,True,False,True,True,False,False,False,False,True,False,True,False,False,False,True,False,False,False,False,True,False,False,False,4000.5
0,72,108.05,7806.6,0,False,False,False,True,False,True,True,False,False,False,False,True,False,True,False,True,False,True,False,True,False,True,True,True,False,False,7779.599999999999
0,63,39.35,2395.05,0,True,True,True,False,True,False,False,False,False,False,False,True,False,True,False,True,False,False,False,False,False,True,False,False,False,False,2479.05
0,4,19.95,59.25,0,True,False,False,True,False,False,False,True,True,False,True,False,True,False,True,False,True,False,True,False,False,False,True,False,False,True,79.8
1,68,53.0,3656.25,0,False,True,True,False,True,False,False,False,False,False,False,True,False,True,False,False,False,True,False,True,False,True,True,False,True,False,3604.0
0,32,64.85,2010.95,0,True,False,False,True,False,False,False,False,False,False,False,False,False,False,False,False,False,True,False,True,True,False,True,False,False,False,2075.2
0,5,80.15,385.0,1,True,True,True,True,False,True,True,False,False,False,False,True,False,False,False,False,False,False,False,False,False,False,True,False,True,False,400.75
0,72,109.15,7789.6,0,False,True,False,True,False,True,True,False,False,False,False,True,False,True,False,True,False,True,False,True,True,False,False,True,False,False,7858.8
0,1,76.2,76.2,1,True,True,False,True,False,False,True,False,False,False,False,False,False,True,False,False,False,False,False,False,False,False,False,False,True,False,76.2
1,1,55.8,55.8,1,False,False,False,True,False,False,False,False,False,True,False,False,False,True,False,False,False,False,False,False,False,False,True,False,True,False,55.8
0,71,90.55,6239.05,0,False,True,True,True,False,True,False,False,False,True,False,True,False,True,False,True,False,True,False,True,False,True,True,True,False,False,6429.05
0,46,19.25,864.2,0,False,True,True,True,False,False,False,True,True,False,True,False,True,False,True,False,True,False,True,False,False,True,True,False,False,True,885.5
0,13,23.9,300.8,1,False,False,False,False,True,False,False,False,False,False,False,False,False,False,False,False,False,False,False,False,False,False,True,False,True,False,310.7
0,41,81.3,3190.65,0,False,False,False,True,False,True,True,False,False,True,False,False,False,False,False,False,False,False,False,False,False,False,True,True,False,False,3333.2999999999997
1,30,74.85,2181.75,0,True,True,False,True,False,True,False,False,False,False,False,False,False,True,False,False,False,True,False,True,False,True,False,False,True,False,2245.5
0,1,69.2,69.2,1,False,False,False,True,False,False,True,False,False,False,False,False,False,False,False,False,False,False,False,False,False,False,True,False,True,False,69.2
0,22,49.45,1031.4,0,False,False,True,False,True,False,False,False,False,False,False,False,False,True,False,False,False,True,False,True,True,False,True,True,False,False,1087.9
0,1,20.05,20.05,0,True,False,True,True,False,False,False,True,True,False,True,False,True,False,True,False,True,False,True,False,False,False,False,False,False,True,20.05
0,10,78.15,765.15,0,False,True,False,True,False,True,True,False,False,True,False,False,False,False,False,False,False,False,False,False,False,False,True,True,False,False,781.5
0,19,44.85,893.55,1,False,False,False,False,True,False,False,False,False,False,False,False,False,False,False,False,False,True,False,True,True,False,True,True,False,False,852.15
0,27,56.2,1567.55,0,True,False,True,True,False,False,False,False,False,True,False,True,False,False,False,False,False,False,False,False,True,False,False,False,False,True,1517.4
0,14,69.65,921.4,0,False,False,False,True,False,False,False,False,False,False,False,False,False,False,False,True,False,True,False,True,False,False,True,False,True,False,975.1000000000001
0,59,113.75,6561.25,0,True,True,False,True,False,True,True,False,False,True,False,True,False,True,False,True,False,True,False,True,False,True,False,False,True,False,6711.25
0,2,75.7,189.2,1,True,False,False,True,False,False,True,False,False,True,False,False,False,False,False,False,False,False,False,False,False,False,True,False,True,False,151.4
0,12,21.05,262.05,0,True,True,True,True,False,False,False,True,True,False,True,False,True,False,True,False,True,False,True,False,False,True,False,False,False,False,252.60000000000002
0,4,45.9,199.75,0,True,False,False,True,False,False,False,False,False,False,False,False,False,False,False,False,False,False,False,False,False,False,True,False,True,False,183.6
1,65,110.35,7246.15,0,True,False,False,True,False,True,True,False,False,True,False,False,False,True,False,True,False,True,False,True,False,True,True,False,True,False,7172.75
0,2,97.1,184.15,0,True,True,True,True,False,False,True,False,False,True,False,False,False,False,False,False,False,True,False,True,False,False,False,False,True,False,194.2
1,71,105.9,7521.95,0,False,False,False,True,False,True,True,False,False,False,False,True,False,True,False,False,False,True,False,True,True,False,True,False,True,False,7518.900000000001
1,30,91.7,2758.15,1,False,False,False,True,False,True,True,False,False,True,False,True,False,True,False,False,False,False,False,False,False,False,False,True,False,False,2751.0
0,29,74.95,2149.05,0,False,True,False,True,False,True,True,False,False,False,False,False,False,False,False,False,False,False,False,False,False,False,True,False,True,False,2173.55
0,5,99.15,465.05,1,False,True,True,True,False,False,True,False,False,False,False,True,False,False,False,True,False,True,False,True,False,False,True,False,False,True,495.75
0,17,92.6,1579.7,0,False,True,False,True,False,True,True,False,False,False,False,False,False,False,False,False,False,True,False,True,False,False,False,False,True,False,1574.1999999999998
0,61,24.2,1445.2,0,False,True,True,True,False,True,False,True,True,False,True,False,True,False,True,False,True,False,True,False,False,True,True,False,False,True,1476.2
0,16,89.45,1430.25,1,False,True,True,True,False,False,True,False,False,False,False,True,False,True,False,False,False,True,False,False,False,False,True,True,False,False,1431.2
0,47,20.05,951.55,0,True,True,True,True,False,False,False,True,True,False,True,False,True,False,True,False,True,False,True,False,True,False,False,False,False,True,942.35
0,37,79.25,2911.8,0,True,True,False,True,False,True,False,False,False,True,False,False,False,True,False,False,False,True,False,True,True,False,False,False,False,True,2932.25
0,8,25.25,186.3,0,True,False,False,False,True,False,False,False,False,False,False,False,False,False,False,False,False,False,False,False,False,False,True,True,False,False,202.0
0,64,54.6,3423.5,0,False,True,True,False,True,False,False,False,False,False,False,True,False,False,False,True,False,True,False,True,False,True,True,False,True,False,3494.4
0,40,24.8,1024.7,0,False,True,True,True,False,True,False,True,True,False,True,False,True,False,True,False,True,False,True,False,False,True,True,False,False,True,992.0
0,10,20.55,187.35,0,False,False,False,True,False,False,False,True,True,False,True,False,True,False,True,False,True,False,True,False,False,False,True,False,False,True,205.5
0,9,75.75,655.9,1,False,True,False,True,False,False,True,False,False,False,False,False,False,True,False,False,False,False,False,False,False,False,True,False,False,False,681.75
1,53,94.0,4871.45,0,False,True,False,True,False,False,True,False,False,False,False,True,False,True,False,True,False,True,False,False,True,False,True,False,True,False,4982.0
0,1,20.7,20.7,0,False,False,False,True,False,False,False,True,True,False,True,False,True,False,True,False,True,False,True,False,False,False,False,False,True,False,20.7
0,13,19.95,253.8,0,True,False,False,True,False,False,False,True,True,False,True,False,True,False,True,False,True,False,True,False,True,False,True,False,True,False,259.34999999999997
0,34,55.0,1885.15,0,False,False,False,True,False,False,False,False,False,True,False,True,False,False,False,False,False,False,False,False,True,False,False,False,False,True,1870.0
0,21,24.7,467.15,0,True,False,True,True,False,True,False,True,True,False,True,False,True,False,True,False,True,False,True,False,False,False,False,False,False,True,518.6999999999999
0,0,20.25,1397.475,0,True,False,True,True,False,False,False,True,True,False,True,False,True,False,True,False,True,False,True,False,False,True,False,False,False,True,0.0
0,25,76.15,1992.95,0,False,False,False,True,False,False,False,False,False,True,False,False,False,False,False,True,False,True,False,True,False,False,True,True,False,False,1903.7500000000002
0,1,69.95,69.95,0,True,True,True,True,False,False,True,False,False,False,False,False,False,False,False,False,False,False,False,False,False,False,True,True,False,False,69.95
1,2,75.45,158.4,1,False,False,False,True,False,True,True,False,False,False,False,False,False,False,False,False,False,False,False,False,False,False,True,False,False,True,150.9
0,47,21.3,1041.8,0,False,True,True,True,False,False,False,True,True,False,True,False,True,False,True,False,True,False,True,False,False,True,True,False,False,False,1001.1
0,72,94.45,6921.7,0,False,True,False,True,False,True,True,False,False,True,False,True,False,False,False,False,False,False,False,True,False,True,True,True,False,False,6800.400000000001
1,31,99.95,3186.65,1,False,False,False,True,False,True,True,False,False,False,False,True,False,False,False,False,False,True,False,True,False,False,True,False,True,False,3098.4500000000003
0,0,20.0,1397.475,0,False,True,True,True,False,False,False,True,True,False,True,False,True,False,True,False,True,False,True,False,False,True,False,False,False,True,0.0
0,47,19.65,973.1,0,True,True,False,True,False,False,False,True,True,False,True,False,True,False,True,False,True,False,True,False,False,True,False,False,False,True,923.55
0,72,24.8,1874.3,0,True,True,False,True,False,True,False,True,True,False,True,False,True,False,True,False,True,False,True,False,False,True,False,True,False,False,1785.6000000000001
0,1,20.55,20.55,0,True,False,False,True,False,False,False,True,True,False,True,False,True,False,True,False,True,False,True,False,False,False,False,True,False,False,20.55
0,9,34.7,296.1,1,True,False,False,False,True,False,False,False,False,False,False,False,False,False,False,False,False,True,False,False,False,False,True,True,False,False,312.3
0,4,30.5,118.4,0,True,False,False,False,True,False,False,False,False,False,False,False,False,False,False,True,False,False,False,False,False,False,False,False,True,False,122.0
1,19,87.3,1637.3,0,True,False,False,True,False,False,True,False,False,True,False,False,False,False,False,False,False,False,False,True,False,False,True,False,True,False,1658.7
0,43,75.2,3198.6,1,True,False,False,True,False,False,True,False,False,True,False,False,False,False,False,False,False,False,False,False,False,False,True,False,True,False,3233.6
0,43,75.2,3254.35,0,False,True,True,True,False,False,False,False,False,True,False,False,False,True,False,False,False,True,False,True,False,True,False,False,False,False,3233.6
0,18,45.65,747.2,0,True,False,True,True,False,False,False,False,False,False,False,False,False,False,False,False,False,False,False,False,False,False,True,True,False,False,821.6999999999999
1,39,99.75,4036.0,0,False,False,False,True,False,True,True,False,False,False,False,False,False,True,False,False,False,True,False,True,False,False,True,False,True,False,3890.25
1,11,111.4,1183.05,0,True,False,False,True,False,True,True,False,False,False,False,True,False,True,False,True,False,True,False,True,False,False,True,False,True,False,1225.4
0,1,35.9,35.9,1,True,False,False,False,True,False,False,False,False,False,False,False,False,False,False,False,False,False,False,True,False,False,False,False,True,False,35.9
0,1,68.95,68.95,1,False,True,False,True,False,False,True,False,False,False,False,False,False,False,False,False,False,False,False,False,False,False,True,False,True,False,68.95
0,43,34.0,1505.35,0,False,True,False,False,True,False,False,False,False,True,False,False,False,False,False,True,False,False,False,False,False,False,False,False,False,False,1462.0
0,12,26.4,314.95,0,True,True,True,True,False,True,False,True,True,False,True,False,True,False,True,False,True,False,True,False,True,False,False,False,False,True,316.79999999999995
0,52,85.15,4461.85,0,True,False,True,True,False,True,False,False,False,True,False,True,False,False,False,True,False,True,False,True,False,True,True,False,False,True,4427.8
0,71,83.2,6126.1,0,True,True,False,True,False,True,False,False,False,True,False,False,False,True,False,True,False,True,False,True,False,True,False,False,True,False,5907.2
0,71,109.25,7707.7,0,False,True,False,True,False,True,True,False,False,False,False,True,False,True,False,True,False,True,False,True,False,True,False,False,True,False,7756.75
0,30,94.3,2679.7,0,True,False,False,True,False,True,True,False,False,True,False,True,False,False,False,False,False,False,False,True,False,False,True,True,False,False,2829.0
0,39,24.2,914.6,0,False,True,True,True,False,True,False,True,True,False,True,False,True,False,True,False,True,False,True,False,True,False,True,False,False,True,943.8
0,3,55.1,154.65,1,False,False,True,True,False,False,False,False,False,True,False,False,False,False,False,True,False,False,False,False,False,False,True,False,False,True,165.3
0,3,21.2,52.05,0,True,False,False,True,False,False,False,True,True,False,True,False,True,False,True,False,True,False,True,False,True,False,False,False,False,True,63.599999999999994
0,68,75.8,5293.95,1,True,True,True,True,False,True,False,False,False,False,False,True,False,True,False,True,False,False,False,True,True,False,True,False,False,False,5154.4
0,41,19.3,772.4,0,False,True,True,True,False,False,False,True,True,False,True,False,True,False,True,False,True,False,True,False,False,True,False,False,False,False,791.3000000000001
0,8,87.05,762.1,1,False,False,False,True,False,True,True,False,False,False,False,False,False,False,False,False,False,True,False,False,False,False,True,False,True,False,696.4
0,72,24.15,1776.45,0,False,True,False,True,False,True,False,True,True,False,True,False,True,False,True,False,True,False,True,False,False,True,True,True,False,False,1738.8
0,10,79.95,857.2,1,True,True,False,True,False,False,True,False,False,False,False,False,False,False,False,False,False,True,False,False,False,False,True,False,True,False,799.5
0,12,53.65,696.35,1,True,True,True,True,False,False,False,False,False,False,False,False,False,False,False,False,False,False,False,True,True,False,False,True,False,False,643.8
0,72,109.55,8165.1,0,False,True,False,True,False,True,True,False,False,True,False,True,False,True,False,False,False,True,False,True,False,True,True,False,True,False,7887.599999999999
1,17,85.35,1463.45,1,False,True,False,True,False,True,True,False,False,True,False,False,False,True,False,False,False,False,False,False,False,False,True,False,False,False,1450.9499999999998
0,68,78.45,5333.35,0,False,True,True,True,False,True,False,False,False,True,False,True,False,True,False,True,False,False,False,True,True,False,True,False,True,False,5334.6
0,57,104.5,5921.35,1,False,True,False,True,False,True,True,False,False,False,False,True,False,True,False,False,False,True,False,True,False,False,True,True,False,False,5956.5
1,37,106.75,4056.75,1,False,False,False,True,False,True,True,False,False,True,False,True,False,False,False,False,False,True,False,True,False,False,True,False,False,False,3949.75
0,1,48.95,48.95,1,True,False,True,True,False,False,False,False,False,False,False,False,False,True,False,False,False,False,False,False,False,False,False,False,True,False,48.95
0,53,106.95,5785.5,1,False,False,False,True,False,True,True,False,False,True,False,False,False,True,False,False,False,True,False,True,True,False,True,True,False,False,5668.35
0,34,79.95,2727.3,0,False,False,False,True,False,False,False,False,False,True,False,False,False,True,False,True,False,True,False,True,True,False,True,False,False,False,2718.3
0,49,59.75,2934.3,1,False,False,False,True,False,True,False,False,False,True,False,True,False,False,False,False,False,False,False,False,False,False,True,True,False,False,2927.75
0,70,86.45,5950.2,0,False,True,False,True,False,False,False,False,False,True,False,True,False,True,False,True,False,True,False,True,False,True,False,True,False,False,6051.5
1,67,64.55,4250.1,0,True,False,False,True,False,True,False,False,False,True,False,True,False,False,False,True,False,False,False,False,False,True,True,False,False,False,4324.849999999999
0,51,24.95,1288.0,0,False,False,False,True,False,True,False,True,True,False,True,False,True,False,True,False,True,False,True,False,False,True,False,False,False,False,1272.45
0,3,69.95,220.45,0,False,False,False,True,False,False,False,False,False,False,False,False,False,True,False,False,False,True,False,True,True,False,True,False,True,False,209.85000000000002
0,1,70.7,70.7,0,False,False,False,True,False,False,True,False,False,False,False,False,False,False,False,False,False,False,False,False,False,False,True,False,False,True,70.7
0,56,75.85,4261.2,0,True,True,True,True,False,True,False,False,False,True,False,True,False,False,False,True,False,False,False,True,False,True,True,True,False,False,4247.599999999999
0,12,112.95,1384.75,1,True,False,False,True,False,True,True,False,False,False,False,True,False,True,False,True,False,True,False,True,False,False,True,False,False,True,1355.4
0,27,100.75,2793.55,0,True,True,True,True,False,True,True,False,False,True,False,True,False,False,False,True,False,True,False,False,False,False,False,False,True,False,2720.25
0,58,105.2,6225.4,0,False,True,True,True,False,True,True,False,False,False,False,True,False,True,False,False,False,True,False,True,True,False,True,True,False,False,6101.6
0,6,20.2,123.65,0,False,False,False,True,False,False,False,True,True,False,True,False,True,False,True,False,True,False,True,False,False,False,False,False,False,True,121.19999999999999
0,64,24.05,1559.15,0,False,True,True,True,False,True,False,True,True,False,True,False,True,False,True,False,True,False,True,False,False,True,True,False,False,True,1539.2
0,16,79.95,1267.95,0,False,True,True,True,False,True,True,False,False,False,False,True,False,False,False,False,False,False,False,False,False,False,True,True,False,False,1279.2
0,44,94.4,4295.35,0,False,True,True,True,False,True,True,False,False,False,False,True,False,True,False,False,False,False,False,True,True,False,False,False,True,False,4153.6
0,16,20.15,341.35,0,True,True,True,True,False,False,False,True,True,False,True,False,True,False,True,False,True,False,True,False,False,False,False,False,True,False,322.4
0,18,20.1,370.5,0,False,True,False,True,False,False,False,True,True,False,True,False,True,False,True,False,True,False,True,False,False,True,False,False,False,True,361.8
0,44,19.5,835.5,0,True,False,False,True,False,False,False,True,True,False,True,False,True,False,True,False,True,False,True,False,True,False,False,True,False,False,858.0
1,30,101.5,2917.65,0,True,True,False,True,False,True,True,False,False,False,False,False,False,False,False,True,False,True,False,True,False,False,True,False,True,False,3045.0
0,25,79.0,1902.0,0,True,False,False,True,False,False,False,False,False,True,False,True,False,False,False,True,False,True,False,True,False,False,True,False,False,True,1975.0
0,14,71.0,914.0,1,False,False,False,True,False,False,True,False,False,False,False,False,False,False,False,False,False,False,False,False,False,False,True,True,False,False,994.0
0,4,50.85,239.55,1,False,True,True,True,False,True,False,False,False,False,False,False,False,False,False,False,False,False,False,False,False,False,False,False,False,True,203.4
0,42,99.0,4135.0,0,False,True,False,True,False,False,True,False,False,False,False,False,False,True,False,True,False,True,False,True,False,True,True,True,False,False,4158.0
0,7,20.45,150.75,0,False,True,True,True,False,False,False,True,True,False,True,False,True,False,True,False,True,False,True,False,False,False,False,False,False,True,143.15
0,19,84.75,1651.95,0,True,False,False,True,False,True,True,False,False,True,False,False,False,True,False,False,False,False,False,False,False,False,True,False,True,False,1610.25
1,7,45.75,344.2,0,True,False,True,True,False,False,False,False,False,False,False,False,False,False,False,False,False,False,False,False,False,False,True,False,False,True,320.25
0,10,65.9,660.05,0,False,True,True,True,False,False,False,False,False,False,False,True,False,True,False,False,False,False,False,True,True,False,True,False,False,True,659.0
0,15,101.75,1669.4,0,False,True,False,True,False,False,True,False,False,True,False,False,False,True,False,False,False,True,False,True,False,False,False,False,True,False,1526.25
0,12,106.7,1253.9,1,True,False,False,True,False,True,True,False,False,False,False,True,False,True,False,False,False,True,False,True,False,False,True,False,True,False,1280.4
0,12,19.0,233.55,1,False,True,True,True,False,False,False,True,True,False,True,False,True,False,True,False,True,False,True,False,False,False,False,False,False,True,228.0
0,8,19.2,156.85,0,False,False,False,True,False,False,False,True,True,False,True,False,True,False,True,False,True,False,True,False,False,False,False,False,False,True,153.6
0,10,19.8,196.75,0,False,True,True,True,False,False,False,True,True,False,True,False,True,False,True,False,True,False,True,False,False,False,True,False,False,False,198.0
1,55,74.0,4052.4,0,True,True,False,True,False,True,True,False,False,False,False,False,False,False,False,False,False,False,False,False,False,False,True,False,True,False,4070.0
0,69,82.45,5555.3,0,False,False,False,True,False,False,False,False,False,True,False,False,False,True,False,True,False,True,False,True,False,True,True,True,False,False,5689.05
0,16,20.1,318.6,0,False,False,False,True,False,False,False,True,True,False,True,False,True,False,True,False,True,False,True,False,True,False,False,False,False,False,321.6
0,51,30.05,1529.45,0,True,True,False,False,True,False,False,False,False,False,False,True,False,False,False,False,False,False,False,False,False,False,True,True,False,False,1532.55
0,71,90.1,6310.9,0,False,True,False,True,False,True,False,False,False,True,False,True,False,True,False,True,False,True,False,True,False,True,False,False,True,False,6397.099999999999
0,54,70.15,3715.65,1,False,True,False,True,False,True,False,False,False,False,False,False,False,False,False,False,False,True,False,True,True,False,True,True,False,False,3788.1000000000004
0,1,49.3,49.3,0,True,False,False,True,False,False,False,False,False,False,False,False,False,False,False,True,False,False,False,False,False,False,True,False,True,False,49.3
0,26,54.75,1406.9,0,False,False,False,True,False,False,False,False,False,False,False,True,False,True,False,False,False,False,False,False,False,False,True,True,False,False,1423.5
0,8,20.15,156.25,1,False,True,False,True,False,False,False,True,True,False,True,False,True,False,True,False,True,False,True,False,False,False,False,False,False,False,161.2
0,12,20.3,246.7,0,False,False,False,True,False,False,False,True,True,False,True,False,True,False,True,False,True,False,True,False,False,False,False,False,False,True,243.60000000000002
1,5,74.35,334.8,1,False,True,False,True,False,True,True,False,False,False,False,False,False,False,False,False,False,False,False,False,False,False,True,False,True,False,371.75
0,69,54.95,3772.5,0,False,True,True,False,True,False,False,False,False,False,False,True,False,True,False,False,False,True,False,True,False,True,True,True,False,False,3791.55
1,46,98.85,4564.9,0,True,True,False,True,False,True,True,False,False,False,False,False,False,True,False,False,False,True,False,True,False,False,True,False,True,False,4547.099999999999
0,46,96.05,4399.5,1,False,False,False,True,False,True,True,False,False,False,False,False,False,False,False,False,False,True,False,True,False,False,False,False,False,False,4418.3
0,9,95.9,827.45,0,True,False,False,True,False,False,True,False,False,False,False,False,False,False,False,True,False,True,False,True,False,False,True,False,False,False,863.1
0,53,111.8,5809.75,0,False,True,False,True,False,True,True,False,False,False,False,True,False,True,False,True,False,True,False,True,True,False,True,False,False,False,5925.4
0,41,40.35,1677.85,0,False,False,False,False,True,False,False,False,False,False,False,True,False,False,False,False,False,False,False,True,False,False,True,False,True,False,1654.3500000000001
0,41,20.0,810.3,0,False,False,False,True,False,False,False,True,True,False,True,False,True,False,True,False,True,False,True,False,False,True,False,False,False,True,820.0
0,68,44.95,3085.35,0,False,False,False,False,True,False,False,False,False,False,False,True,False,False,False,True,False,False,False,True,False,False,False,False,True,False,3056.6000000000004
0,36,31.05,1126.35,0,False,False,False,False,True,False,False,False,False,True,False,False,False,False,False,False,False,False,False,False,False,True,False,False,False,False,1117.8
0,47,65.0,2879.9,0,False,False,False,True,False,True,False,False,False,True,False,False,False,True,False,True,False,False,False,False,False,True,True,False,False,True,3055.0
0,4,49.4,184.4,1,True,False,True,True,False,False,False,False,False,True,False,False,False,False,False,False,False,False,False,False,False,False,True,False,True,False,197.6
0,61,81.0,4976.15,0,True,True,True,True,False,True,False,False,False,False,False,False,False,True,False,True,False,True,False,True,False,True,True,False,False,False,4941.0
1,36,84.1,3021.6,1,True,True,False,True,False,True,True,False,False,False,False,False,False,False,False,False,False,False,False,True,False,False,True,False,True,False,3027.6
0,1,20.5,20.5,0,False,False,False,True,False,False,False,True,True,False,True,False,True,False,True,False,True,False,True,False,False,False,False,False,False,True,20.5
1,14,78.95,1101.85,1,False,False,False,True,False,True,True,False,False,False,False,True,False,False,False,False,False,False,False,False,False,False,True,False,True,False,1105.3
0,50,108.55,5610.7,1,False,True,False,True,False,True,True,False,False,True,False,True,False,False,False,True,False,True,False,True,True,False,False,False,True,False,5427.5
0,27,85.2,2151.6,0,True,True,True,True,False,True,True,False,False,False,False,True,False,False,False,True,False,False,False,False,False,False,True,True,False,False,2300.4
0,23,20.45,481.1,0,True,False,False,True,False,False,False,True,True,False,True,False,True,False,True,False,True,False,True,False,True,False,False,False,False,True,470.34999999999997
0,3,75.0,209.1,1,True,False,False,True,False,True,True,False,False,False,False,False,False,False,False,False,False,False,False,False,False,False,False,False,False,True,225.0
0,36,104.8,3886.45,0,False,False,False,True,False,True,True,False,False,False,False,True,False,True,False,False,False,True,False,True,True,False,True,False,False,False,3772.7999999999997
0,24,75.4,1747.85,1,False,True,False,True,False,True,True,False,False,False,False,False,False,False,False,False,False,False,False,False,False,False,True,True,False,False,1809.6000000000001
0,65,105.5,6985.65,1,False,True,True,True,False,True,True,False,False,False,False,True,False,True,False,False,False,True,False,True,False,False,True,False,True,False,6857.5
0,31,50.05,1523.4,0,True,False,False,False,True,False,False,False,False,False,False,False,False,True,False,False,False,True,False,True,True,False,True,False,True,False,1551.55
0,63,80.3,4995.35,0,False,False,False,True,False,True,False,False,False,True,False,True,False,True,False,True,False,False,False,True,False,True,True,True,False,False,5058.9
0,67,60.5,3870.0,0,False,False,False,True,False,False,False,False,False,True,False,True,False,False,False,True,False,False,False,False,True,False,False,True,False,False,4053.5
0,58,24.35,1423.85,0,False,False,False,True,False,True,False,True,True,False,True,False,True,False,True,False,True,False,True,False,False,True,False,True,False,False,1412.3000000000002
0,15,105.1,1582.75,1,False,False,False,True,False,False,True,False,False,True,False,False,False,True,False,True,False,True,False,True,False,False,False,False,True,False,1576.5
0,16,80.55,1248.9,0,True,False,False,True,False,True,True,False,False,False,False,True,False,False,False,False,False,False,False,False,False,False,True,False,False,True,1288.8
0,1,45.6,45.6,1,True,False,False,True,False,False,False,False,False,False,False,False,False,False,False,False,False,False,False,False,False,False,True,False,True,False,45.6
0,8,65.5,573.15,0,False,False,False,True,False,True,False,False,False,True,False,True,False,True,False,False,False,False,False,False,False,False,True,False,False,False,524.0
0,2,70.7,151.65,1,False,False,False,True,False,False,True,False,False,False,False,False,False,False,False,False,False,False,False,False,False,False,True,False,True,False,141.4
0,71,89.9,6342.7,0,False,True,True,True,False,True,False,False,False,True,False,True,False,True,False,True,False,True,False,True,False,True,False,False,False,False,6382.900000000001
0,4,19.95,68.2,0,True,False,False,True,False,False,False,True,True,False,True,False,True,False,True,False,True,False,True,False,True,False,False,False,False,True,79.8
0,68,82.85,5776.45,0,True,True,True,True,False,False,False,False,False,True,False,True,False,False,False,True,False,True,False,True,False,True,False,False,False,False,5633.799999999999
0,15,56.15,931.9,0,False,False,False,True,False,False,False,False,False,False,False,False,False,False,False,False,False,True,False,False,True,False,False,False,False,True,842.25
0,13,52.1,670.65,0,True,False,True,True,False,False,False,False,False,True,False,False,False,False,False,False,False,False,False,False,False,False,True,True,False,False,677.3000000000001
0,42,20.35,869.9,0,False,True,False,True,False,False,False,True,True,False,True,False,True,False,True,False,True,False,True,False,False,False,False,True,False,False,854.7
0,4,44.8,169.65,0,True,True,True,True,False,False,False,False,False,False,False,False,False,False,False,False,False,False,False,False,False,False,False,False,True,False,179.2
0,50,109.65,5405.8,0,False,True,False,True,False,True,True,False,False,True,False,True,False,False,False,True,False,True,False,True,False,False,True,False,False,False,5482.5
0,4,57.2,223.75,0,False,False,True,False,True,False,False,False,False,True,False,True,False,True,False,False,False,True,False,True,False,False,True,False,False,True,228.8
0,2,51.55,106.2,0,False,False,True,True,False,False,False,False,False,False,False,True,False,False,False,False,False,False,False,False,False,False,False,False,False,True,103.1
0,46,19.4,967.85,0,False,True,True,True,False,False,False,True,True,False,True,False,True,False,True,False,True,False,True,False,False,True,False,False,False,True,892.4
0,58,104.65,6219.6,1,True,False,False,True,False,True,True,False,False,False,False,False,False,True,False,True,False,True,False,True,True,False,True,False,True,False,6069.700000000001
0,17,44.45,792.15,0,True,True,True,False,True,False,False,False,False,True,False,False,False,True,False,False,False,True,False,False,True,False,False,True,False,False,755.6500000000001
0,21,19.6,397.0,0,True,False,True,True,False,False,False,True,True,False,True,False,True,False,True,False,True,False,True,False,False,True,False,False,False,True,411.6
0,2,95.15,196.9,1,False,False,False,True,False,True,True,False,False,False,False,False,False,False,False,False,False,True,False,True,False,False,True,False,True,False,190.3
0,68,85.0,5607.75,0,False,True,True,True,False,False,False,False,False,True,False,True,False,True,False,True,False,True,False,True,False,True,True,True,False,False,5780.0
1,28,110.85,3204.4,0,False,True,False,True,False,True,True,False,False,False,False,True,False,True,False,True,False,True,False,True,False,False,True,False,True,False,3103.7999999999997
0,40,26.2,1077.5,0,False,True,True,True,False,True,False,True,True,False,True,False,True,False,True,False,True,False,True,False,False,False,True,False,True,False,1048.0
0,8,20.2,140.95,0,False,False,False,True,False,False,False,True,True,False,True,False,True,False,True,False,True,False,True,False,True,False,True,False,False,False,161.6
0,35,75.2,2576.2,1,True,True,False,True,False,True,True,False,False,False,False,False,False,False,False,False,False,False,False,False,False,False,True,False,True,False,2632.0
0,5,64.35,352.65,0,False,False,False,True,False,False,False,False,False,True,False,False,False,False,False,True,False,True,False,False,False,False,True,False,True,False,321.75
0,14,19.95,268.4,0,True,False,True,True,False,False,False,True,True,False,True,False,True,False,True,False,True,False,True,False,False,False,False,False,False,True,279.3
0,6,50.05,288.35,0,True,False,False,True,False,False,False,False,False,False,False,False,False,False,False,True,False,False,False,False,False,False,False,False,False,True,300.29999999999995
0,67,65.55,4361.55,0,True,False,False,True,False,False,False,False,False,True,False,False,False,True,False,False,False,False,False,True,False,True,False,False,False,False,4391.849999999999
1,63,84.0,5329.55,0,True,True,False,True,False,False,False,False,False,True,False,True,False,True,False,True,False,True,False,True,True,False,True,False,False,False,5292.0
0,8,84.9,764.95,1,False,True,False,True,False,True,True,False,False,False,False,False,False,False,False,False,False,False,False,True,False,False,True,False,True,False,679.2
0,5,53.8,283.95,0,False,False,False,True,False,True,False,False,False,True,False,False,False,False,False,False,False,False,False,False,False,False,True,False,True,False,269.0
0,6,82.85,460.25,1,True,True,False,True,False,True,True,False,False,False,False,False,False,False,False,False,False,True,False,False,False,False,True,False,True,False,497.09999999999997
0,49,93.85,4733.1,0,True,True,False,True,False,True,True,False,False,True,False,True,False,False,False,False,False,True,False,False,False,False,True,False,False,False,4598.65
0,61,19.1,1143.8,0,False,True,True,True,False,False,False,True,True,False,True,False,True,False,True,False,True,False,True,False,True,False,False,True,False,False,1165.1000000000001
0,1,70.1,70.1,1,False,False,False,True,False,False,True,False,False,False,False,False,False,False,False,False,False,False,False,False,False,False,True,False,True,False,70.1
0,10,20.0,198.6,0,True,False,False,True,False,False,False,True,True,False,True,False,True,False,True,False,True,False,True,False,False,False,True,True,False,False,200.0
0,72,117.15,8529.5,0,False,True,False,True,False,True,True,False,False,True,False,True,False,True,False,True,False,True,False,True,False,True,True,True,False,False,8434.800000000001
0,53,77.4,4155.95,0,True,True,False,True,False,True,False,False,False,True,False,False,False,True,False,True,False,True,False,False,True,False,False,False,False,False,4102.200000000001
0,9,70.05,657.5,0,True,False,False,True,False,False,True,False,False,False,False,False,False,False,False,False,False,False,False,False,False,False,False,False,False,True,630.4499999999999
0,1,20.25,20.25,1,False,False,False,True,False,False,False,True,True,False,True,False,True,False,True,False,True,False,True,False,False,False,True,False,False,True,20.25
0,4,20.2,55.7,0,True,False,False,True,False,False,False,True,True,False,True,False,True,False,True,False,True,False,True,False,False,False,True,False,True,False,80.8
0,22,20.55,469.85,0,False,False,True,True,False,False,False,True,True,False,True,False,True,False,True,False,True,False,True,False,False,False,True,False,True,False,452.1
0,34,100.05,3480.0,1,True,True,False,True,False,True,True,False,False,False,False,False,False,True,False,False,False,True,False,True,False,False,True,False,True,False,3401.7
0,5,89.35,461.7,1,False,False,False,True,False,False,True,False,False,False,False,True,False,False,False,True,False,False,False,True,False,False,True,False,True,False,446.75
0,5,19.85,108.05,1,False,False,False,True,False,False,False,True,True,False,True,False,True,False,True,False,True,False,True,False,False,False,False,True,False,False,99.25
0,56,24.3,1261.7,0,False,True,False,True,False,True,False,True,True,False,True,False,True,False,True,False,True,False,True,False,True,False,False,False,True,False,1360.8
1,11,79.15,827.7,0,True,False,False,True,False,False,True,False,False,False,False,False,False,False,False,False,False,False,False,True,False,False,True,True,False,False,870.6500000000001
0,33,58.45,1955.4,0,False,True,True,True,False,False,False,False,False,True,False,True,False,True,False,False,False,False,False,False,True,False,True,False,False,True,1928.8500000000001
0,58,86.1,4890.5,0,True,True,False,True,False,True,False,False,False,True,False,True,False,True,False,False,False,True,False,True,False,True,True,False,True,False,4993.799999999999
1,34,75.55,2425.4,0,True,True,False,True,False,True,True,False,False,False,False,False,False,False,False,False,False,False,False,False,False,False,True,False,True,False,2568.7
0,65,26.5,1698.55,0,False,False,False,True,False,True,False,True,True,False,True,False,True,False,True,False,True,False,True,False,False,True,False,False,False,False,1722.5
1,2,44.15,92.65,1,True,False,False,True,False,False,False,False,False,False,False,False,False,False,False,False,False,False,False,False,False,False,True,False,True,False,88.3
1,17,81.5,1329.2,1,True,True,False,True,False,False,True,False,False,False,False,False,False,False,False,False,False,False,False,True,False,False,False,False,False,False,1385.5
0,63,40.6,2588.95,0,True,False,True,False,True,False,False,False,False,True,False,True,False,False,False,True,False,False,False,False,True,False,True,False,False,False,2557.8
0,72,24.9,1859.2,0,False,True,True,True,False,True,False,True,True,False,True,False,True,False,True,False,True,False,True,False,False,True,False,False,False,True,1792.8
0,43,92.55,4039.0,0,False,True,True,True,False,True,True,False,False,False,False,False,False,True,False,False,False,False,False,True,False,False,True,False,False,False,3979.65
0,72,113.4,8164.1,0,True,False,False,True,False,True,True,False,False,True,False,True,False,True,False,True,False,True,False,True,False,True,False,False,False,False,8164.8
0,6,19.7,113.5,0,False,True,True,True,False,False,False,True,True,False,True,False,True,False,True,False,True,False,True,False,False,False,False,False,False,True,118.19999999999999
0,1,25.0,25.0,0,True,False,False,True,False,True,False,True,True,False,True,False,True,False,True,False,True,False,True,False,False,False,True,False,False,True,25.0
0,26,60.05,1616.15,1,False,True,True,True,False,True,False,False,False,False,False,True,False,False,False,True,False,False,False,False,False,False,True,False,True,False,1561.3
0,72,95.1,6843.15,0,False,True,True,True,False,True,True,False,False,True,False,True,False,False,False,False,False,True,False,False,False,True,True,False,True,False,6847.2
1,56,111.95,6418.9,1,False,False,False,True,False,True,True,False,False,False,False,True,False,True,False,True,False,True,False,True,True,False,True,False,True,False,6269.2
0,1,20.25,20.25,1,True,False,False,True,False,False,False,True,True,False,True,False,True,False,True,False,True,False,True,False,False,False,False,False,False,True,20.25
0,17,102.55,1742.5,0,True,True,False,True,False,True,True,False,False,False,False,True,False,True,False,False,False,True,False,True,False,False,True,False,True,False,1743.35
0,1,55.3,55.3,0,False,True,False,True,False,False,False,False,False,False,False,False,False,False,False,False,False,True,False,False,False,False,True,False,False,True,55.3
0,68,86.5,5882.75,0,True,False,True,True,False,True,False,False,False,True,False,True,False,False,False,True,False,True,False,True,False,True,True,False,False,False,5882.0
0,61,25.0,1498.35,0,False,False,True,True,False,True,False,True,True,False,True,False,True,False,True,False,True,False,True,False,False,True,True,True,False,False,1525.0
0,11,40.4,422.6,0,False,False,False,False,True,False,False,False,False,False,False,True,False,True,False,True,False,False,False,False,True,False,True,True,False,False,444.4
0,15,48.8,720.1,0,False,False,False,True,False,True,False,False,False,False,False,False,False,False,False,False,False,False,False,False,False,False,True,False,False,True,732.0
0,1,19.2,19.2,0,True,False,False,True,False,False,False,True,True,False,True,False,True,False,True,False,True,False,True,False,False,False,False,False,False,True,19.2
0,34,85.35,2896.6,0,False,False,False,True,False,True,True,False,False,False,False,False,False,False,False,False,False,True,False,False,False,False,False,False,True,False,2901.8999999999996
0,72,23.55,1723.95,0,True,True,False,True,False,True,False,True,True,False,True,False,True,False,True,False,True,False,True,False,False,True,True,False,False,False,1695.6000000000001
0,26,61.55,1581.95,0,True,False,False,True,False,True,False,False,False,True,False,True,False,False,False,False,False,False,False,False,True,False,False,False,True,False,1600.3
0,66,95.3,6273.4,0,True,True,False,True,False,True,True,False,False,False,False,True,False,True,False,False,False,False,False,True,True,False,False,False,True,False,6289.8
0,1,49.95,49.95,0,False,False,False,True,False,False,False,False,False,False,False,True,False,False,False,False,False,False,False,False,False,False,False,False,True,False,49.95
0,64,85.0,5484.4,0,False,True,False,True,False,True,False,False,False,True,False,False,False,True,False,True,False,True,False,True,False,True,True,True,False,False,5440.0
0,3,60.65,196.9,0,True,False,False,True,False,False,False,False,False,False,False,False,False,False,False,True,False,False,False,True,False,False,False,False,False,True,181.95
0,20,19.5,413.0,0,False,False,False,True,False,False,False,True,True,False,True,False,True,False,True,False,True,False,True,False,False,False,True,False,False,False,390.0
0,48,103.25,5037.55,1,False,True,True,True,False,True,True,False,False,True,False,True,False,False,False,False,False,True,False,True,True,False,True,True,False,False,4956.0
0,43,71.9,3173.35,0,True,True,True,True,False,True,False,False,False,True,False,False,False,False,False,True,False,False,False,True,True,False,True,True,False,False,3091.7000000000003
1,14,19.65,228.65,0,True,True,False,True,False,False,False,True,True,False,True,False,True,False,True,False,True,False,True,False,True,False,False,False,False,True,275.09999999999997
0,57,19.75,1272.05,0,False,True,True,True,False,False,False,True,True,False,True,False,True,False,True,False,True,False,True,False,False,True,False,False,False,False,1125.75
0,72,66.5,4811.6,0,True,True,True,True,False,True,False,False,False,True,False,False,False,True,False,True,False,False,False,False,False,True,True,True,False,False,4788.0
0,72,25.75,1864.2,0,True,True,False,True,False,True,False,True,True,False,True,False,True,False,True,False,True,False,True,False,False,True,False,True,False,False,1854.0
0,38,81.0,3084.9,0,True,True,True,True,False,False,False,False,False,True,False,False,False,True,False,True,False,True,False,True,False,True,False,True,False,False,3078.0
0,2,49.6,114.7,1,False,False,False,True,False,False,False,False,False,False,False,True,False,False,False,False,False,False,False,False,False,False,True,False,False,True,99.2
1,4,95.45,396.1,1,False,False,False,True,False,True,True,False,False,False,False,False,False,False,False,False,False,True,False,True,False,False,True,False,True,False,381.8
0,26,69.5,1800.05,0,False,False,False,True,False,True,False,False,False,True,False,True,False,False,False,False,False,True,False,False,False,False,True,False,False,False,1807.0
0,3,29.9,92.25,0,True,True,False,False,True,False,False,False,False,False,False,False,False,False,False,True,False,False,False,False,False,False,True,False,True,False,89.69999999999999
0,26,20.05,505.9,0,True,True,True,True,False,False,False,True,True,False,True,False,True,False,True,False,True,False,True,False,True,False,True,False,False,False,521.3000000000001
0,15,38.8,603.0,0,False,False,False,False,True,False,False,False,False,False,False,True,False,False,False,False,False,False,False,True,False,True,True,False,False,True,582.0
0,22,100.05,2090.25,0,True,True,True,True,False,False,True,False,False,False,False,True,False,True,False,False,False,True,False,True,True,False,True,False,False,True,2201.1
0,13,25.0,332.5,0,False,True,True,True,False,True,False,True,True,False,True,False,True,False,True,False,True,False,True,False,False,True,True,False,False,False,325.0
1,6,44.4,263.05,0,False,False,False,False,True,False,False,False,False,False,False,False,False,False,False,False,False,True,False,True,False,False,True,False,True,False,266.4
1,20,54.0,1055.9,0,True,False,False,True,False,False,False,False,False,True,False,False,False,False,False,True,False,False,False,False,True,False,False,False,False,True,1080.0
0,72,19.9,1529.65,0,True,False,True,True,False,False,False,True,True,False,True,False,True,False,True,False,True,False,True,False,False,True,False,True,False,False,1432.8
1,34,99.85,3343.15,0,True,False,False,True,False,False,True,False,False,False,False,True,False,True,False,False,False,True,False,True,True,False,True,False,True,False,3394.8999999999996
0,1,45.3,45.3,1,True,False,False,True,False,False,False,False,False,False,False,False,False,False,False,False,False,False,False,False,False,False,False,False,True,False,45.3
0,52,20.65,1022.95,0,False,False,False,True,False,False,False,True,True,False,True,False,True,False,True,False,True,False,True,False,True,False,False,False,False,True,1073.8
0,69,24.95,1718.35,0,False,True,False,True,False,True,False,True,True,False,True,False,True,False,True,False,True,False,True,False,False,True,True,True,False,False,1721.55
0,39,20.15,826.0,0,False,False,False,True,False,False,False,True,True,False,True,False,True,False,True,False,True,False,True,False,False,True,False,False,False,True,785.8499999999999
0,65,74.8,4820.15,1,True,True,True,True,False,False,False,False,False,True,False,False,False,False,False,True,False,True,False,True,False,True,True,False,False,False,4862.0
0,68,25.25,1728.2,0,True,True,False,True,False,True,False,True,True,False,True,False,True,False,True,False,True,False,True,False,False,True,False,False,False,False,1717.0
0,25,84.6,2088.05,0,False,False,False,True,False,True,True,False,False,False,False,False,False,False,False,False,False,True,False,False,False,False,True,False,False,True,2115.0
0,6,84.4,556.35,1,True,False,False,True,False,False,True,False,False,False,False,True,False,False,False,False,False,False,False,True,False,False,True,False,True,False,506.40000000000003
1,64,70.2,4481.0,1,False,False,False,True,False,False,False,False,False,True,False,True,False,False,False,True,False,True,False,False,False,True,True,True,False,False,4492.8
0,7,69.95,529.5,1,True,True,True,True,False,False,True,False,False,False,False,False,False,False,False,False,False,False,False,False,False,False,True,False,False,False,489.65000000000003
0,32,86.1,2723.75,0,False,True,True,True,False,False,True,False,False,False,False,True,False,False,False,False,False,True,False,False,False,False,True,False,True,False,2755.2
0,41,20.15,802.35,0,True,False,False,True,False,False,False,True,True,False,True,False,True,False,True,False,True,False,True,False,False,True,False,False,False,True,826.15
0,2,44.65,74.9,1,True,False,False,True,False,False,False,False,False,False,False,False,False,False,False,False,False,False,False,False,False,False,False,False,False,True,89.3
0,24,50.6,1288.75,0,True,False,False,False,True,False,False,False,False,True,False,False,False,False,False,False,False,True,False,True,True,False,True,False,False,True,1214.4
0,1,19.4,19.4,0,False,False,False,True,False,False,False,True,True,False,True,False,True,False,True,False,True,False,True,False,False,False,False,True,False,False,19.4
0,54,44.1,2369.7,0,False,False,False,False,True,False,False,False,False,True,False,False,False,False,False,True,False,False,False,True,True,False,False,False,False,False,2381.4
0,39,59.85,2341.5,0,False,True,True,True,False,False,False,False,False,False,False,False,False,True,False,False,False,True,False,False,False,False,True,False,False,True,2334.15
0,14,80.45,1072.0,1,False,False,False,True,False,True,True,False,False,False,False,False,False,True,False,False,False,False,False,False,False,False,True,False,True,False,1126.3
0,7,69.7,516.15,0,True,True,True,True,False,False,False,False,False,True,False,False,False,False,False,False,False,True,False,True,False,False,False,True,False,False,487.90000000000003
0,25,19.5,516.3,0,True,False,False,True,False,False,False,True,True,False,True,False,True,False,True,False,True,False,True,False,True,False,True,False,False,False,487.5
0,44,92.95,4122.9,0,True,True,True,True,False,False,True,False,False,False,False,False,False,True,False,False,False,True,False,True,False,False,True,False,False,False,4089.8
0,61,99.9,6241.35,0,True,True,True,True,False,True,True,False,False,False,False,False,False,True,False,False,False,True,False,True,True,False,True,False,True,False,6093.900000000001
0,72,114.45,8375.05,0,True,True,False,True,False,True,True,False,False,True,False,True,False,True,False,True,False,True,False,True,False,True,False,True,False,False,8240.4
0,43,99.3,4209.95,0,False,True,True,True,False,True,True,False,False,False,False,False,False,True,False,False,False,True,False,True,False,False,True,False,False,False,4269.9
0,58,107.75,6332.75,0,False,False,False,True,False,True,True,False,False,True,False,True,False,True,False,False,False,True,False,True,True,False,True,False,True,False,6249.5
0,71,66.8,4689.15,0,False,True,False,False,True,False,False,False,False,True,False,True,False,True,False,True,False,True,False,True,True,False,False,False,False,False,4742.8
0,22,95.1,2162.6,0,True,False,False,True,False,True,True,False,False,False,False,False,False,False,False,False,False,True,False,True,False,False,True,False,True,False,2092.2
1,34,85.2,2874.45,0,True,True,False,True,False,False,True,False,False,False,False,False,False,True,False,False,False,True,False,False,False,False,True,True,False,False,2896.8
1,52,72.95,3829.75,0,True,False,False,True,False,True,True,False,False,False,False,False,False,False,False,False,False,False,False,False,False,False,True,False,False,False,3793.4
1,64,43.85,2751.0,0,False,False,False,False,True,False,False,False,False,False,False,True,False,False,False,True,False,True,False,False,False,False,True,False,True,False,2806.4
0,44,85.25,3704.15,0,True,False,False,True,False,True,False,False,False,False,False,True,False,True,False,True,False,True,False,True,True,False,True,False,False,False,3751.0
0,13,44.8,559.2,0,True,True,True,True,False,False,False,False,False,False,False,False,False,False,False,False,False,False,False,False,False,False,False,False,False,False,582.4
0,24,90.55,2282.55,1,True,False,False,True,False,True,True,False,False,False,False,True,False,False,False,False,False,True,False,False,False,False,True,True,False,False,2173.2
0,70,114.75,7842.3,0,True,True,True,True,False,True,True,False,False,True,False,True,False,True,False,True,False,True,False,True,False,True,False,True,False,False,8032.5
0,70,76.95,5289.8,0,True,True,False,True,False,True,False,False,False,True,False,False,False,False,False,True,False,True,False,True,False,True,True,True,False,False,5386.5
1,1,85.0,85.0,1,False,False,False,True,False,False,True,False,False,False,False,False,False,True,False,False,False,False,False,True,False,False,True,False,True,False,85.0
0,72,21.0,1493.75,0,True,True,True,True,False,False,False,True,True,False,True,False,True,False,True,False,True,False,True,False,False,True,False,False,False,False,1512.0
0,11,76.5,837.95,1,False,False,False,True,False,True,True,False,False,False,False,False,False,False,False,False,False,False,False,False,False,False,True,False,True,False,841.5
0,12,59.8,727.8,1,True,False,False,True,False,False,False,False,False,False,False,False,False,False,False,True,False,True,False,False,True,False,True,False,True,False,717.5999999999999
0,72,110.6,7962.2,0,True,True,False,True,False,True,True,False,False,False,False,True,False,True,False,True,False,True,False,True,False,True,True,True,False,False,7963.2
1,8,101.35,780.5,1,False,False,False,True,False,True,True,False,False,False,False,False,False,True,False,False,False,True,False,True,False,False,False,False,True,False,810.8
0,15,85.3,1219.85,0,True,False,False,True,False,False,True,False,False,False,False,False,False,True,False,False,False,True,False,False,False,False,False,False,True,False,1279.5
0,13,56.0,764.55,0,False,False,True,True,False,False,False,False,False,True,False,True,False,False,False,False,False,False,False,False,False,False,True,False,True,False,728.0
0,68,79.6,5515.8,0,False,True,False,True,False,False,False,False,False,True,False,True,False,False,False,True,False,True,False,True,False,True,True,False,False,False,5412.799999999999
0,17,80.05,1345.65,0,False,False,False,True,False,True,True,False,False,False,False,False,False,True,False,False,False,False,False,False,False,False,False,False,False,False,1360.85
0,71,25.45,1813.35,0,False,True,True,True,False,True,False,True,True,False,True,False,True,False,True,False,True,False,True,False,False,True,False,False,False,False,1806.95
0,6,69.1,435.0,0,True,False,False,True,False,False,True,False,False,False,False,False,False,False,False,False,False,False,False,False,False,False,True,False,True,False,414.59999999999997
0,24,19.7,452.55,0,False,True,True,True,False,False,False,True,True,False,True,False,True,False,True,False,True,False,True,False,False,True,False,False,False,True,472.79999999999995
0,6,91.1,455.3,1,False,False,False,True,False,False,True,False,False,False,False,False,False,False,False,False,False,True,False,True,False,False,True,False,True,False,546.5999999999999
0,47,19.3,890.5,0,False,True,True,True,False,False,False,True,True,False,True,False,True,False,True,False,True,False,True,False,False,True,False,False,False,False,907.1
0,4,75.65,302.35,0,False,False,False,True,False,True,True,False,False,False,False,False,False,False,False,False,False,False,False,False,False,False,True,False,True,False,302.6
1,13,93.8,1261.0,0,True,True,False,True,False,True,True,False,False,True,False,True,False,False,False,False,False,False,False,True,False,False,False,True,False,False,1219.3999999999999
0,3,74.55,233.65,0,False,False,False,True,False,False,True,False,False,True,False,False,False,False,False,False,False,False,False,False,False,False,True,False,True,False,223.64999999999998
0,12,53.75,648.65,0,True,False,False,True,False,False,False,False,False,False,False,True,False,False,False,True,False,False,False,False,False,False,True,False,False,True,645.0
0,17,79.85,1387.35,0,False,False,False,True,False,False,False,False,False,True,False,True,False,False,False,True,False,True,False,True,True,False,False,True,False,False,1357.4499999999998
0,19,58.2,1045.25,0,False,False,False,True,False,False,False,False,False,False,False,True,False,False,False,False,False,True,False,False,True,False,False,False,True,False,1105.8
0,52,21.0,1107.2,0,True,False,False,True,False,False,False,True,True,False,True,False,True,False,True,False,True,False,True,False,False,True,False,False,False,False,1092.0
0,29,89.65,2623.65,0,True,False,False,True,False,False,True,False,False,False,False,True,False,False,False,True,False,True,False,False,False,False,False,False,False,True,2599.8500000000004
0,3,45.45,141.7,0,True,False,False,True,False,False,False,False,False,False,False,False,False,False,False,False,False,False,False,False,False,False,False,False,False,True,136.35000000000002
1,3,36.45,93.7,1,True,True,False,False,True,False,False,False,False,False,False,False,False,False,False,False,False,True,False,False,False,False,True,False,False,True,109.35000000000001
0,32,83.7,2633.3,0,True,False,True,True,False,True,False,False,False,False,False,True,False,True,False,True,False,True,False,True,True,False,False,True,False,False,2678.4
0,1,80.85,80.85,1,True,False,False,True,False,False,True,False,False,False,False,False,False,False,False,False,False,False,False,True,False,False,True,False,False,True,80.85
0,55,104.15,5743.05,1,True,True,False,True,False,True,True,False,False,False,False,False,False,True,False,True,False,True,False,True,True,False,True,False,True,False,5728.25
0,20,98.55,2031.95,0,True,False,False,True,False,True,True,False,False,False,False,False,False,False,False,True,False,True,False,True,False,False,True,False,False,True,1971.0
0,22,19.95,433.5,0,True,True,True,True,False,False,False,True,True,False,True,False,True,False,True,False,True,False,True,False,True,False,False,False,False,True,438.9
1,60,80.95,4859.1,0,True,True,True,True,False,True,True,False,False,True,False,False,False,False,False,False,False,False,False,False,False,False,True,False,True,False,4857.0
1,27,88.3,2467.75,1,False,False,False,True,False,True,True,False,False,False,False,False,False,True,False,False,False,False,False,True,False,False,False,True,False,False,2384.1
0,1,74.35,74.35,1,True,False,False,True,False,False,True,False,False,False,False,True,False,False,False,False,False,False,False,False,False,False,True,False,True,False,74.35
0,4,93.5,362.2,1,False,False,False,True,False,True,True,False,False,False,False,True,False,False,False,True,False,False,False,True,False,False,True,False,True,False,374.0
0,3,85.3,264.8,1,True,False,False,True,False,True,True,False,False,False,False,False,False,False,False,False,False,False,False,True,False,False,True,False,True,False,255.89999999999998
1,12,29.35,381.2,0,True,False,False,False,True,False,False,False,False,False,False,True,False,False,False,False,False,False,False,False,False,False,True,True,False,False,352.20000000000005
0,17,51.5,900.5,1,True,False,False,True,False,False,False,False,False,False,False,False,False,False,False,True,False,False,False,False,False,False,False,False,False,True,875.5
0,48,20.2,1027.25,0,False,True,True,True,False,False,False,True,True,False,True,False,True,False,True,False,True,False,True,False,False,True,False,False,False,False,969.5999999999999
0,12,78.3,909.25,1,False,False,True,True,False,True,True,False,False,True,False,False,False,False,False,False,False,False,False,False,False,False,True,False,True,False,939.5999999999999
0,45,24.65,1138.8,0,False,True,True,True,False,True,False,True,True,False,True,False,True,False,True,False,True,False,True,False,False,True,True,False,False,False,1109.25
0,1,51.2,51.2,0,False,False,True,True,False,False,False,False,False,True,False,False,False,False,False,False,False,False,False,False,False,False,False,False,False,True,51.2
0,72,85.25,6083.1,0,True,True,False,True,False,True,False,False,False,True,False,True,False,True,False,False,False,True,False,True,False,True,True,False,True,False,6138.0
0,28,100.2,2688.45,0,True,False,False,True,False,True,True,False,False,False,False,True,False,False,False,False,False,True,False,True,True,False,False,False,True,False,2805.6
0,51,81.0,4085.75,0,True,False,False,True,False,True,True,False,False,False,False,True,False,False,False,False,False,False,False,False,False,False,False,False,False,False,4131.0
0,1,49.9,49.9,0,False,False,True,True,False,False,False,False,False,True,False,False,False,False,False,False,False,False,False,False,False,False,False,False,False,True,49.9
0,8,65.5,564.35,0,False,True,False,True,False,False,False,False,False,True,False,False,False,False,False,True,False,False,False,True,False,True,False,False,False,True,524.0
0,43,106.0,4532.3,0,False,False,True,True,False,False,True,False,False,True,False,True,False,False,False,True,False,True,False,True,True,False,True,True,False,False,4558.0
0,22,84.3,1855.65,1,False,False,False,True,False,False,True,False,False,False,False,True,False,False,False,False,False,False,False,True,False,False,True,False,False,True,1854.6
0,18,20.45,357.0,0,False,True,True,True,False,False,False,True,True,False,True,False,True,False,True,False,True,False,True,False,False,False,False,False,False,True,368.09999999999997
1,54,65.25,3529.95,0,True,False,False,True,False,False,False,False,False,False,False,False,False,True,False,True,False,False,False,True,True,False,False,False,False,False,3523.5
0,13,80.85,1008.7,1,True,False,False,True,False,False,True,False,False,False,False,False,False,False,False,False,False,False,False,True,False,False,True,False,True,False,1051.05
0,69,85.4,5869.4,0,False,True,False,True,False,True,True,False,False,False,False,True,False,True,False,False,False,False,False,False,False,False,True,False,False,False,5892.6
0,66,56.75,3708.4,0,True,True,True,False,True,False,False,False,False,False,False,True,False,True,False,False,False,True,False,True,False,True,True,True,False,False,3745.5
0,53,19.05,990.45,0,False,True,False,True,False,False,False,True,True,False,True,False,True,False,True,False,True,False,True,False,True,False,False,True,False,False,1009.6500000000001
0,3,19.1,53.05,0,True,False,False,True,False,False,False,True,True,False,True,False,True,False,True,False,True,False,True,False,False,False,True,False,False,True,57.300000000000004
0,20,19.7,406.95,0,False,False,False,True,False,False,False,True,True,False,True,False,True,False,True,False,True,False,True,False,False,True,False,False,False,True,394.0
0,1,18.85,18.85,1,True,False,False,True,False,False,False,True,True,False,True,False,True,False,True,False,True,False,True,False,False,False,True,False,False,True,18.85
0,38,62.3,2354.8,1,True,False,False,True,False,False,False,False,False,False,False,False,False,True,False,True,False,False,False,True,True,False,True,False,False,True,2367.4
0,13,20.3,275.4,0,False,False,False,True,False,False,False,True,True,False,True,False,True,False,True,False,True,False,True,False,False,False,True,False,False,True,263.90000000000003
1,57,89.85,4925.35,0,True,True,False,True,False,True,True,False,False,False,False,True,False,False,False,False,False,False,False,True,False,False,True,False,True,False,5121.45
0,67,19.8,1311.3,0,True,False,False,True,False,False,False,True,True,False,True,False,True,False,True,False,True,False,True,False,False,True,True,False,False,True,1326.6000000000001
1,11,55.6,580.8,0,False,False,False,True,False,True,False,False,False,True,False,False,False,False,False,False,False,False,False,False,False,False,True,False,True,False,611.6
0,14,50.1,709.5,0,False,False,False,True,False,False,False,False,False,True,False,False,False,False,False,False,False,False,False,False,False,False,False,False,False,False,701.4
0,21,80.35,1747.2,0,True,False,True,True,False,True,True,False,False,True,False,False,False,False,False,False,False,False,False,False,False,False,False,False,True,False,1687.35
0,1,19.7,19.7,1,True,False,False,True,False,False,False,True,True,False,True,False,True,False,True,False,True,False,True,False,False,False,False,False,False,True,19.7
0,59,25.0,1510.5,0,True,False,False,True,False,True,False,True,True,False,True,False,True,False,True,False,True,False,True,False,False,True,False,False,False,True,1475.0
0,43,101.4,4528.0,1,True,False,False,True,False,True,True,False,False,False,False,True,False,False,False,False,False,True,False,True,False,False,True,False,True,False,4360.2
0,7,38.55,280.0,0,True,True,True,False,True,False,False,False,False,True,False,True,False,True,False,False,False,False,False,False,False,True,False,False,False,True,269.84999999999997
0,56,81.25,4620.4,0,False,True,True,True,False,True,False,False,False,True,False,True,False,True,False,True,False,True,False,False,False,True,False,True,False,False,4550.0
0,13,73.35,931.55,0,True,False,False,True,False,False,False,False,False,False,False,True,False,False,False,True,False,True,False,True,False,False,False,False,False,True,953.55
0,3,29.65,90.05,0,False,False,True,False,True,False,False,False,False,False,False,True,False,False,False,False,False,False,False,False,False,False,False,False,False,True,88.94999999999999
0,8,76.15,645.8,0,True,True,True,True,False,True,False,False,False,True,False,True,False,False,False,True,False,False,False,True,False,True,True,True,False,False,609.2
0,1,70.15,70.15,1,False,False,False,True,False,False,True,False,False,False,False,False,False,False,False,False,False,False,False,False,False,False,True,False,False,True,70.15
0,5,34.25,163.55,0,False,True,True,False,True,False,False,False,False,False,False,True,False,False,False,True,False,False,False,False,False,False,False,False,True,False,171.25
0,19,24.1,439.2,0,True,False,True,True,False,True,False,True,True,False,True,False,True,False,True,False,True,False,True,False,False,False,True,True,False,False,457.90000000000003
0,0,52.55,1397.475,0,False,True,True,False,True,False,False,False,False,True,False,False,False,True,False,True,False,True,False,False,False,True,True,False,False,False,0.0
0,71,19.7,1415.85,0,False,True,True,True,False,False,False,True,True,False,True,False,True,False,True,False,True,False,True,False,False,True,False,True,False,False,1398.7
0,9,45.4,418.8,1,True,False,False,False,True,False,False,False,False,False,False,False,False,False,False,False,False,True,False,True,False,False,True,False,True,False,408.59999999999997
0,1,73.5,73.5,1,False,False,False,True,False,False,True,False,False,False,False,False,False,True,False,False,False,False,False,False,False,False,False,False,False,False,73.5
0,24,24.7,571.75,0,False,True,True,True,False,True,False,True,True,False,True,False,True,False,True,False,True,False,True,False,False,True,False,False,False,True,592.8
0,3,19.6,61.35,0,True,False,False,True,False,False,False,True,True,False,True,False,True,False,True,False,True,False,True,False,True,False,False,False,False,True,58.800000000000004
0,39,103.45,3994.45,1,False,False,False,True,False,True,True,False,False,False,False,True,False,True,False,False,False,True,False,True,False,False,True,False,True,False,4034.55
0,69,93.3,6398.05,0,False,True,True,True,False,True,True,False,False,False,False,True,False,False,False,True,False,False,False,True,False,True,True,False,False,False,6437.7
0,33,60.9,2033.85,0,False,False,False,True,False,True,False,False,False,True,False,True,False,False,False,False,False,False,False,False,False,False,True,False,False,True,2009.7
0,24,51.15,1275.7,0,True,False,False,True,False,False,False,False,False,True,False,False,False,False,False,False,False,False,False,False,False,False,True,False,True,False,1227.6
0,16,20.0,275.7,0,True,False,False,True,False,False,False,True,True,False,True,False,True,False,True,False,True,False,True,False,False,False,False,False,False,True,320.0
0,39,19.75,757.95,0,False,True,True,True,False,False,False,True,True,False,True,False,True,False,True,False,True,False,True,False,False,True,False,False,False,True,770.25
0,37,20.35,697.65,0,True,True,False,True,False,False,False,True,True,False,True,False,True,False,True,False,True,False,True,False,False,False,False,False,False,False,752.95
0,71,91.05,6293.75,0,False,True,True,True,False,True,False,False,False,True,False,True,False,True,False,True,False,True,False,True,False,True,False,False,False,True,6464.55
1,29,90.1,2656.7,0,True,True,False,True,False,False,True,False,False,True,False,False,False,True,False,False,False,False,False,True,True,False,False,False,False,False,2612.8999999999996
0,68,91.7,6424.7,0,False,True,False,True,False,True,False,False,False,True,False,True,False,True,False,True,False,True,False,True,False,True,True,False,True,False,6235.6
0,52,101.25,5301.1,0,False,True,True,True,False,True,True,False,False,False,False,False,False,True,False,False,False,True,False,True,True,False,False,False,False,False,5265.0
0,3,60.25,170.5,0,False,False,False,True,False,True,False,False,False,False,False,False,False,False,False,False,False,True,False,False,False,False,True,False,True,False,180.75
0,1,81.7,81.7,1,True,False,False,True,False,True,True,False,False,True,False,False,False,False,False,False,False,False,False,False,False,False,True,False,True,False,81.7
0,72,114.55,8306.05,0,True,True,True,True,False,True,True,False,False,True,False,True,False,True,False,True,False,True,False,True,False,True,False,False,False,False,8247.6
0,26,83.95,2254.2,1,True,False,False,True,False,True,True,False,False,False,False,False,False,False,False,False,False,False,False,True,False,False,True,False,True,False,2182.7000000000003
0,3,80.5,232.35,0,False,False,False,True,False,False,True,False,False,False,False,False,False,False,False,False,False,True,False,False,False,False,True,False,True,False,241.5
0,3,20.5,76.95,0,True,False,False,True,False,False,False,True,True,False,True,False,True,False,True,False,True,False,True,False,False,False,True,False,True,False,61.5
0,59,111.35,6519.75,0,True,False,False,True,False,True,True,False,False,False,False,True,False,True,False,True,False,True,False,True,False,False,True,False,True,False,6569.65
1,33,105.35,3465.05,0,False,False,True,True,False,True,True,False,False,False,False,True,False,True,False,False,False,True,False,True,False,False,True,False,False,False,3476.5499999999997
1,26,85.7,2067.0,0,False,True,False,True,False,False,True,False,False,False,False,False,False,True,False,False,False,True,False,False,False,False,True,True,False,False,2228.2000000000003
0,30,100.4,2936.25,0,True,False,False,True,False,True,True,False,False,True,False,False,False,False,False,False,False,True,False,True,False,False,True,False,False,False,3012.0
0,22,78.85,1600.25,0,True,False,False,True,False,True,True,False,False,False,False,True,False,False,False,False,False,False,False,False,False,False,True,False,False,True,1734.6999999999998
0,72,89.75,6595.9,0,False,True,True,True,False,True,False,False,False,True,False,True,False,True,False,True,False,True,False,True,False,True,False,True,False,False,6462.0
0,7,25.05,152.95,0,True,False,False,True,False,True,False,True,True,False,True,False,True,False,True,False,True,False,True,False,False,False,True,False,False,False,175.35
1,66,110.6,7210.85,0,False,True,True,True,False,True,True,False,False,True,False,True,False,False,False,True,False,True,False,True,True,False,True,True,False,False,7299.599999999999
0,71,105.55,7405.5,0,True,True,True,True,False,True,True,False,False,True,False,False,False,True,False,False,False,True,False,True,False,True,False,False,True,False,7494.05
0,8,75.25,576.7,0,False,False,False,True,False,True,True,False,False,False,False,False,False,False,False,False,False,False,False,False,False,False,True,False,True,False,602.0
0,15,103.45,1539.8,0,True,True,False,True,False,True,True,False,False,False,False,False,False,True,False,True,False,True,False,True,False,False,True,False,True,False,1551.75
0,70,106.15,7475.1,0,True,True,True,True,False,False,True,False,False,False,False,True,False,True,False,True,False,True,False,True,True,False,True,False,True,False,7430.5
0,55,85.1,4657.95,0,False,True,True,True,False,True,False,False,False,True,False,False,False,True,False,True,False,True,False,True,False,True,True,False,False,False,4680.5
0,1,19.05,19.05,0,True,False,False,True,False,False,False,True,True,False,True,False,True,False,True,False,True,False,True,False,False,False,False,False,False,True,19.05
0,63,102.4,6444.05,0,True,True,False,True,False,True,True,False,False,False,False,True,False,True,False,False,False,True,False,True,False,False,True,False,True,False,6451.200000000001
0,10,20.0,185.4,0,True,False,False,True,False,False,False,True,True,False,True,False,True,False,True,False,True,False,True,False,False,False,False,False,True,False,200.0
1,3,73.85,196.4,0,False,False,False,True,False,False,True,False,False,False,False,False,False,True,False,False,False,False,False,False,False,False,False,False,True,False,221.54999999999998
0,54,20.0,1149.65,0,True,False,False,True,False,False,False,True,True,False,True,False,True,False,True,False,True,False,True,False,False,True,False,False,False,True,1080.0
0,72,67.2,4671.7,0,True,False,True,False,True,False,False,False,False,True,False,True,False,True,False,True,False,True,False,True,False,True,False,True,False,False,4838.400000000001
1,28,25.7,734.6,0,False,True,False,True,False,True,False,True,True,False,True,False,True,False,True,False,True,False,True,False,False,False,False,False,False,True,719.6
1,65,85.75,5688.45,0,True,True,True,True,False,True,True,False,False,True,False,True,False,False,False,False,False,False,False,False,False,False,True,False,True,False,5573.75
0,70,20.35,1458.1,0,True,True,True,True,False,False,False,True,True,False,True,False,True,False,True,False,True,False,True,False,False,True,False,True,False,False,1424.5
0,55,50.55,2832.75,0,False,False,False,True,False,False,False,False,False,True,False,False,False,False,False,False,False,False,False,False,False,False,True,True,False,False,2780.25
0,68,20.5,1424.9,0,False,False,False,True,False,False,False,True,True,False,True,False,True,False,True,False,True,False,True,False,False,True,False,True,False,False,1394.0
0,45,19.2,903.7,0,True,True,True,True,False,False,False,True,True,False,True,False,True,False,True,False,True,False,True,False,False,True,False,False,True,False,864.0
0,9,74.85,708.2,0,False,False,False,True,False,False,True,False,False,True,False,False,False,False,False,False,False,False,False,False,False,False,True,False,True,False,673.65
0,72,115.5,8312.75,0,False,True,False,True,False,True,True,False,False,True,False,True,False,True,False,True,False,True,False,True,False,True,True,False,False,False,8316.0
0,64,99.15,6171.2,0,True,False,True,True,False,False,True,False,False,False,False,True,False,False,False,True,False,True,False,True,False,False,True,True,False,False,6345.6
0,72,83.7,6096.9,0,False,True,True,True,False,False,False,False,False,True,False,True,False,True,False,True,False,True,False,True,False,True,True,False,False,False,6026.400000000001
1,47,84.95,4018.05,0,True,True,True,True,False,False,True,False,False,False,False,True,False,False,False,False,False,True,False,False,True,False,True,False,False,False,3992.65
0,1,20.5,20.5,1,True,False,False,True,False,False,False,True,True,False,True,False,True,False,True,False,True,False,True,False,False,False,False,False,False,True,20.5
0,19,20.6,414.95,0,True,True,True,True,False,False,False,True,True,False,True,False,True,False,True,False,True,False,True,False,False,False,False,False,False,True,391.40000000000003
0,6,49.15,270.8,1,False,True,False,True,False,False,False,False,False,False,False,False,False,False,False,True,False,False,False,False,False,False,True,False,True,False,294.9
0,48,24.35,1133.7,0,False,False,False,True,False,True,False,True,True,False,True,False,True,False,True,False,True,False,True,False,True,False,False,False,False,False,1168.8000000000002
0,1,19.5,19.5,0,False,False,False,True,False,False,False,True,True,False,True,False,True,False,True,False,True,False,True,False,False,False,True,False,False,True,19.5
0,63,74.5,4674.55,0,True,True,True,True,False,False,False,False,False,True,False,True,False,True,False,True,False,True,False,False,False,True,False,True,False,False,4693.5
0,8,75.0,632.95,1,True,True,False,True,False,False,True,False,False,True,False,False,False,False,False,False,False,False,False,False,False,False,False,False,True,False,600.0
0,65,104.3,6725.3,0,False,True,True,True,False,True,True,False,False,True,False,False,False,True,False,False,False,True,False,True,False,True,True,True,False,False,6779.5
0,43,20.0,817.95,0,False,True,True,True,False,False,False,True,True,False,True,False,True,False,True,False,True,False,True,False,True,False,False,False,False,True,860.0
0,38,54.5,2076.05,0,False,True,True,True,False,False,False,False,False,True,False,True,False,False,False,False,False,False,False,False,False,False,False,False,True,False,2071.0
0,1,45.15,45.15,1,False,False,False,True,False,False,False,False,False,False,False,False,False,False,False,False,False,False,False,False,False,False,False,False,True,False,45.15
0,2,20.3,40.25,0,True,True,True,True,False,False,False,True,True,False,True,False,True,False,True,False,True,False,True,False,False,False,False,False,False,True,40.6
0,4,80.35,307.4,1,True,True,False,True,False,False,True,False,False,False,False,False,False,False,False,False,False,True,False,False,False,False,True,False,True,False,321.4
1,69,109.95,7634.25,0,True,True,False,True,False,True,True,False,False,False,False,True,False,True,False,True,False,True,False,True,False,True,True,False,True,False,7586.55
0,3,74.45,221.1,0,True,False,False,True,False,False,True,False,False,False,False,True,False,False,False,False,False,False,False,False,False,False,False,True,False,False,223.35000000000002
0,70,110.2,7689.8,0,False,True,True,True,False,True,True,False,False,False,False,True,False,True,False,True,False,True,False,True,False,True,True,False,True,False,7714.0
0,4,49.35,219.65,1,True,False,True,True,False,False,False,False,False,True,False,False,False,False,False,False,False,False,False,False,False,False,False,False,True,False,197.4
0,46,103.15,4594.65,0,False,True,False,True,False,True,True,False,False,False,False,True,False,False,False,True,False,True,False,True,True,False,True,False,True,False,4744.900000000001
0,2,44.6,97.1,1,False,True,False,False,True,False,False,False,False,False,False,False,False,False,False,False,False,True,False,True,False,False,False,False,True,False,89.2
0,65,69.55,4459.15,0,True,True,True,True,False,True,False,False,False,True,False,True,False,False,False,False,False,False,False,True,False,True,True,False,False,True,4520.75
0,19,96.8,1743.05,0,False,True,False,True,False,False,True,False,False,False,False,False,False,True,False,False,False,True,False,True,False,False,True,False,True,False,1839.2
0,21,61.65,1393.6,0,True,False,False,True,False,False,False,False,False,False,False,False,False,True,False,False,False,False,False,True,False,False,False,False,False,True,1294.6499999999999
0,48,78.9,3771.5,0,True,False,False,True,False,False,False,False,False,False,False,True,False,True,False,True,False,True,False,True,False,True,False,True,False,False,3787.2000000000003
1,17,89.15,1496.9,1,False,False,False,True,False,False,True,False,False,False,False,True,False,True,False,False,False,True,False,False,False,False,True,False,True,False,1515.5500000000002
1,64,20.05,1198.05,0,True,False,False,True,False,False,False,True,True,False,True,False,True,False,True,False,True,False,True,False,False,True,True,False,False,False,1283.2
0,66,92.15,6056.9,0,False,False,False,True,False,True,True,False,False,False,False,False,False,True,False,False,False,True,False,False,True,False,True,False,False,False,6081.900000000001
0,70,78.35,5445.95,0,True,True,True,True,False,True,False,False,False,True,False,True,False,True,False,True,False,False,False,True,True,False,False,False,False,False,5484.5
0,29,80.1,2211.8,0,True,True,True,True,False,True,False,False,False,False,False,True,False,True,False,False,False,True,False,True,False,False,False,True,False,False,2322.8999999999996
0,1,62.8,62.8,0,True,False,False,True,False,False,False,False,False,False,False,False,False,False,False,False,False,True,False,True,False,False,True,False,False,True,62.8
0,47,19.65,921.55,0,False,True,False,True,False,False,False,True,True,False,True,False,True,False,True,False,True,False,True,False,False,True,False,False,False,False,923.55
0,71,20.9,1493.2,0,False,True,False,True,False,False,False,True,True,False,True,False,True,False,True,False,True,False,True,False,False,True,True,False,False,False,1483.8999999999999
0,42,20.7,828.85,0,True,True,True,True,False,False,False,True,True,False,True,False,True,False,True,False,True,False,True,False,False,True,False,False,False,True,869.4
1,62,79.95,4819.75,0,False,True,False,True,False,False,False,False,False,True,False,False,False,True,False,True,False,True,False,True,False,True,True,True,False,False,4956.900000000001
0,56,45.05,2560.1,0,False,False,False,False,True,False,False,False,False,True,False,True,False,True,False,True,False,False,False,False,False,True,False,False,False,False,2522.7999999999997
0,70,115.55,8127.6,1,False,False,False,True,False,True,True,False,False,True,False,True,False,True,False,True,False,True,False,True,True,False,False,True,False,False,8088.5
0,43,24.25,1077.95,0,True,True,True,True,False,True,False,True,True,False,True,False,True,False,True,False,True,False,True,False,False,True,False,False,False,True,1042.75
1,44,88.4,3912.9,1,True,True,False,True,False,True,True,False,False,False,False,True,False,False,False,False,False,False,False,True,True,False,False,False,False,True,3889.6000000000004
0,27,45.85,1246.4,0,True,True,True,False,True,False,False,False,False,False,False,True,False,True,False,False,False,False,False,True,True,False,True,True,False,False,1237.95
0,31,103.45,3066.45,1,True,False,False,True,False,True,True,False,False,False,False,True,False,True,False,False,False,True,False,True,True,False,True,False,True,False,3206.9500000000003
0,13,19.75,265.75,0,True,False,False,True,False,False,False,True,True,False,True,False,True,False,True,False,True,False,True,False,False,True,False,False,False,True,256.75
0,26,90.8,2361.8,1,False,True,True,True,False,False,True,False,False,False,False,False,False,False,False,False,False,True,False,True,False,False,True,False,True,False,2360.7999999999997
0,59,18.4,1057.85,0,False,True,False,True,False,False,False,True,True,False,True,False,True,False,True,False,True,False,True,False,False,True,False,False,False,False,1085.6
0,51,94.65,4812.75,1,True,True,False,True,False,True,True,False,False,False,False,False,False,False,False,False,False,True,False,True,False,False,True,False,True,False,4827.150000000001
0,1,84.65,84.65,1,True,False,False,True,False,True,True,False,False,False,False,False,False,False,False,False,False,True,False,False,False,False,True,False,False,True,84.65
0,48,107.4,5121.3,1,False,False,False,True,False,True,True,False,False,False,False,True,False,True,False,False,False,True,False,True,False,False,True,False,False,False,5155.200000000001
0,70,80.7,5617.95,0,False,True,True,True,False,True,False,False,False,True,False,True,False,True,False,True,False,True,False,False,False,True,False,False,True,False,5649.0
0,16,20.1,296.15,0,False,False,False,True,False,False,False,True,True,False,True,False,True,False,True,False,True,False,True,False,True,False,False,False,False,True,321.6
1,67,102.9,6989.7,0,True,True,False,True,False,True,True,False,False,False,False,True,False,False,False,True,False,True,False,True,False,True,False,False,False,False,6894.3
0,28,30.1,810.85,0,True,False,False,False,True,False,False,False,False,False,False,False,False,False,False,True,False,False,False,False,False,False,True,True,False,False,842.8000000000001
0,4,65.6,250.1,0,True,True,False,True,False,True,False,False,False,False,False,False,False,True,False,False,False,True,False,False,False,False,False,False,True,False,262.4
0,72,19.3,1414.8,0,True,False,False,True,False,False,False,True,True,False,True,False,True,False,True,False,True,False,True,False,False,True,False,False,False,False,1389.6000000000001
0,25,38.1,970.4,0,True,True,False,False,True,False,False,False,False,False,False,False,False,True,False,False,False,True,False,False,True,False,True,True,False,False,952.5
0,48,96.9,4473.45,0,True,True,False,True,False,True,True,False,False,True,False,True,False,True,False,False,False,True,False,False,False,True,True,False,False,False,4651.200000000001
0,72,106.3,7565.35,0,True,True,False,True,False,True,True,False,False,False,False,True,False,True,False,False,False,True,False,True,False,True,True,False,False,False,7653.599999999999
0,2,85.7,169.8,1,False,False,False,True,False,True,True,False,False,False,False,False,False,False,False,False,False,False,False,True,False,False,True,False,True,False,171.4
0,56,86.4,4922.4,0,True,False,False,True,False,True,True,False,False,True,False,True,False,False,False,False,False,False,False,False,False,False,True,False,True,False,4838.400000000001
0,69,19.1,1268.85,0,True,False,False,True,False,False,False,True,True,False,True,False,True,False,True,False,True,False,True,False,False,True,True,False,False,True,1317.9
0,9,44.95,431.0,1,True,False,False,True,False,False,False,False,False,False,False,False,False,False,False,False,False,False,False,False,False,False,False,False,False,True,404.55
0,37,80.05,3019.1,0,False,False,False,True,False,False,True,False,False,False,False,True,False,True,False,False,False,False,False,False,True,False,False,False,True,False,2961.85
0,51,56.4,2928.5,0,False,False,False,False,True,False,False,False,False,False,False,True,False,True,False,False,False,True,False,True,True,False,True,True,False,False,2876.4
0,70,25.15,1790.15,0,True,True,True,True,False,True,False,True,True,False,True,False,True,False,True,False,True,False,True,False,False,True,False,True,False,False,1760.5
0,38,103.65,3988.5,0,False,False,False,True,False,True,True,False,False,False,False,False,False,True,False,True,False,True,False,True,False,False,True,False,True,False,3938.7000000000003
0,23,90.6,1943.2,1,True,False,False,True,False,True,True,False,False,False,False,False,False,False,False,True,False,True,False,False,False,False,True,False,True,False,2083.7999999999997
0,44,20.0,860.85,0,True,True,True,True,False,False,False,True,True,False,True,False,True,False,True,False,True,False,True,False,True,False,False,False,False,False,880.0
0,5,20.45,106.9,0,True,False,True,True,False,False,False,True,True,False,True,False,True,False,True,False,True,False,True,False,False,True,False,False,False,True,102.25
1,67,105.4,7035.6,0,False,True,False,True,False,True,True,False,False,True,False,True,False,True,False,True,False,False,False,True,True,False,True,True,False,False,7061.8
0,72,20.7,1482.3,0,False,True,True,True,False,False,False,True,True,False,True,False,True,False,True,False,True,False,True,False,False,True,True,False,False,True,1490.3999999999999
0,7,94.05,633.45,0,False,False,False,True,False,False,True,False,False,False,False,True,False,False,False,False,False,True,False,True,True,False,True,False,False,True,658.35
0,54,79.95,4362.05,0,True,True,True,True,False,False,True,False,False,False,False,True,False,False,False,True,False,False,False,False,False,True,True,False,False,False,4317.3
0,41,80.55,3263.9,0,False,False,False,True,False,True,False,False,False,False,False,True,False,True,False,False,False,True,False,True,True,False,True,False,True,False,3302.5499999999997
0,63,108.75,6871.7,0,False,True,False,True,False,True,True,False,False,False,False,True,False,True,False,True,False,True,False,True,False,False,True,False,True,False,6851.25
0,1,70.4,70.4,1,True,False,False,True,False,False,True,False,False,False,False,False,False,False,False,False,False,False,False,False,False,False,False,False,True,False,70.4
0,59,99.5,5861.75,0,True,True,True,True,False,True,True,False,False,False,False,False,False,True,False,False,False,True,False,True,False,True,True,True,False,False,5870.5
0,50,109.65,5551.15,1,False,False,False,True,False,True,True,False,False,True,False,True,False,False,False,True,False,True,False,True,False,True,True,False,True,False,5482.5
0,3,95.1,307.4,1,False,False,False,True,False,False,True,False,False,False,False,True,False,False,False,False,False,True,False,True,False,False,True,False,True,False,285.29999999999995
1,71,99.2,7213.75,0,False,True,False,True,False,False,True,False,False,False,False,True,False,True,False,False,False,True,False,True,False,True,True,False,True,False,7043.2
0,57,20.65,1125.6,0,True,False,False,True,False,False,False,True,True,False,True,False,True,False,True,False,True,False,True,False,False,True,False,False,False,False,1177.05
1,15,80.2,1217.25,1,True,False,False,True,False,True,True,False,False,False,False,True,False,False,False,False,False,False,False,False,False,False,True,False,True,False,1203.0
0,72,55.45,4179.2,0,True,True,True,False,True,False,False,False,False,True,False,True,False,True,False,True,False,False,False,True,False,True,True,True,False,False,3992.4
1,42,74.15,3229.4,1,False,True,False,True,False,False,True,False,False,True,False,False,False,False,False,False,False,False,False,False,False,False,True,True,False,False,3114.3
0,72,98.2,7015.9,0,False,True,False,True,False,True,True,False,False,True,False,False,False,True,False,True,False,True,False,False,False,True,True,False,False,False,7070.400000000001
0,18,25.3,454.65,0,False,False,True,True,False,True,False,True,True,False,True,False,True,False,True,False,True,False,True,False,False,True,False,True,False,False,455.40000000000003
0,70,65.2,4543.15,0,False,True,True,True,False,True,False,False,False,True,False,False,False,False,False,False,False,False,False,True,True,False,False,False,False,False,4564.0
0,26,83.75,2070.6,1,True,True,True,True,False,True,True,False,False,False,False,False,False,False,False,False,False,True,False,False,False,False,True,False,True,False,2177.5
1,64,25.65,1740.8,0,True,True,False,True,False,True,False,True,True,False,True,False,True,False,True,False,True,False,True,False,False,True,False,True,False,False,1641.6
1,8,80.45,583.45,1,True,True,True,True,False,False,True,False,False,False,False,False,False,False,False,False,False,True,False,False,False,False,True,True,False,False,643.6
0,68,113.15,7856.0,1,True,True,True,True,False,True,True,False,False,True,False,True,False,True,False,True,False,True,False,True,False,True,True,False,True,False,7694.200000000001
1,22,89.75,1938.9,0,True,True,False,True,False,False,True,False,False,False,False,False,False,False,False,False,False,True,False,True,False,False,True,False,False,False,1974.5
0,72,84.7,5893.9,0,False,True,True,True,False,True,False,False,False,True,False,False,False,True,False,True,False,True,False,True,False,True,False,True,False,False,6098.400000000001
0,23,20.4,478.75,0,False,True,True,True,False,False,False,True,True,False,True,False,True,False,True,False,True,False,True,False,False,True,False,False,False,False,469.2
0,24,29.1,688.0,0,True,True,False,False,True,False,False,False,False,False,False,False,False,True,False,False,False,False,False,False,False,False,False,False,True,False,698.4000000000001
0,16,94.25,1483.25,1,True,False,False,True,False,False,True,False,False,True,False,False,False,False,False,False,False,True,False,True,False,False,True,False,True,False,1508.0
0,63,108.25,6780.1,0,False,False,False,True,False,True,True,False,False,True,False,True,False,True,False,False,False,True,False,True,False,False,False,True,False,False,6819.75
0,72,107.45,7658.3,0,False,True,True,True,False,True,True,False,False,True,False,True,False,True,False,True,False,False,False,True,False,True,False,True,False,False,7736.400000000001
0,6,85.35,489.45,1,True,False,False,True,False,False,True,False,False,False,False,True,False,False,False,False,False,True,False,False,False,False,True,False,True,False,512.0999999999999
0,62,94.0,5757.2,0,False,False,False,True,False,True,True,False,False,False,False,False,False,False,False,False,False,True,False,True,True,False,True,False,False,False,5828.0
0,9,19.05,157.65,0,False,False,False,True,False,False,False,True,True,False,True,False,True,False,True,False,True,False,True,False,False,False,False,False,False,True,171.45000000000002
0,71,24.55,1719.15,0,False,False,False,True,False,True,False,True,True,False,True,False,True,False,True,False,True,False,True,False,False,True,False,False,True,False,1743.05
0,18,56.25,969.85,0,True,False,False,True,False,True,False,False,False,True,False,False,False,False,False,False,False,False,False,False,False,False,False,False,False,True,1012.5
1,9,74.05,678.45,0,True,False,False,True,False,True,True,False,False,False,False,False,False,False,False,False,False,False,False,False,False,False,True,False,True,False,666.4499999999999
1,48,117.45,5438.9,1,False,True,False,True,False,True,True,False,False,True,False,True,False,True,False,True,False,True,False,True,False,False,False,False,True,False,5637.6
0,33,19.8,641.35,0,False,True,True,True,False,False,False,True,True,False,True,False,True,False,True,False,True,False,True,False,False,True,False,True,False,False,653.4
0,27,101.9,2681.15,0,False,True,False,True,False,False,True,False,False,True,False,False,False,False,False,True,False,True,False,True,True,False,True,True,False,False,2751.3
0,70,104.3,7188.5,0,False,True,False,True,False,True,True,False,False,False,False,False,False,True,False,True,False,True,False,True,False,True,True,False,False,False,7301.0
0,17,20.15,353.65,0,False,False,False,True,False,False,False,True,True,False,True,False,True,False,True,False,True,False,True,False,True,False,False,False,False,True,342.54999999999995
0,41,55.7,2237.55,0,True,False,False,True,False,True,False,False,False,False,False,False,False,True,False,False,False,False,False,False,False,False,True,False,False,False,2283.7000000000003
1,7,48.2,340.35,0,False,False,False,True,False,False,False,False,False,True,False,False,False,False,False,False,False,False,False,False,False,False,True,False,True,False,337.40000000000003
0,26,80.5,2088.8,1,True,False,False,True,False,True,True,False,False,False,False,False,False,False,False,True,False,False,False,False,False,False,True,False,True,False,2093.0
0,10,51.65,524.5,0,True,False,False,True,False,False,False,False,False,True,False,False,False,False,False,False,False,False,False,False,False,False,True,False,False,True,516.5
0,57,53.35,3090.05,0,True,False,False,False,True,False,False,False,False,False,False,False,False,True,False,True,False,True,False,True,False,True,False,True,False,False,3040.9500000000003
0,35,61.0,2130.45,0,True,True,False,True,False,False,False,False,False,True,False,True,False,True,False,False,False,False,False,False,False,False,False,False,False,True,2135.0
0,28,80.6,2244.95,0,False,False,False,True,False,False,True,False,False,False,False,False,False,False,False,False,False,False,False,True,False,False,True,False,True,False,2256.7999999999997
1,72,109.75,7932.5,0,True,True,False,True,False,True,True,False,False,False,False,True,False,True,False,True,False,True,False,True,False,True,True,False,False,False,7902.0
1,27,84.8,2309.55,0,True,True,False,True,False,True,False,False,False,False,False,True,False,True,False,True,False,True,False,True,False,False,True,False,False,False,2289.6
0,67,20.8,1411.9,0,True,True,True,True,False,False,False,True,True,False,True,False,True,False,True,False,True,False,True,False,False,True,True,False,False,True,1393.6000000000001
0,11,20.35,215.25,0,True,False,False,True,False,False,False,True,True,False,True,False,True,False,True,False,True,False,True,False,False,False,False,False,False,True,223.85000000000002
0,69,104.7,7220.35,1,True,False,False,True,False,True,True,False,False,False,False,True,False,False,False,True,False,True,False,True,True,False,True,False,False,False,7224.3
0,52,98.15,4993.4,0,False,True,True,True,False,True,True,False,False,True,False,True,False,True,False,False,False,False,False,True,False,False,False,False,False,False,5103.8
0,52,81.4,4354.45,0,True,True,False,True,False,True,False,False,False,True,False,True,False,True,False,True,False,False,False,True,True,False,True,True,False,False,4232.8
0,24,20.15,456.85,0,False,True,False,True,False,False,False,True,True,False,True,False,True,False,True,False,True,False,True,False,True,False,False,False,False,True,483.59999999999997
0,12,20.05,264.55,0,False,True,False,True,False,False,False,True,True,False,True,False,True,False,True,False,True,False,True,False,False,True,True,False,True,False,240.60000000000002
0,1,44.35,44.35,1,False,True,True,True,False,False,False,False,False,False,False,False,False,False,False,False,False,False,False,False,False,False,True,False,False,False,44.35
0,15,19.35,278.85,0,True,True,True,True,False,False,False,True,True,False,True,False,True,False,True,False,True,False,True,False,False,True,False,False,False,True,290.25
0,9,94.4,857.25,1,False,False,False,True,False,True,True,False,False,False,False,False,False,False,False,False,False,True,False,True,False,False,False,False,True,False,849.6
0,18,88.85,1594.75,0,False,True,False,True,False,True,True,False,False,False,False,False,False,False,False,True,False,True,False,False,False,False,True,False,True,False,1599.3
0,66,25.15,1683.6,0,False,False,False,True,False,True,False,True,True,False,True,False,True,False,True,False,True,False,True,False,False,True,True,True,False,False,1659.8999999999999
0,46,56.9,2560.1,0,True,True,True,True,False,False,False,False,False,True,False,False,False,True,False,True,False,False,False,False,True,False,False,False,False,True,2617.4
0,2,74.4,139.4,1,False,True,False,True,False,False,True,False,False,True,False,False,False,False,False,False,False,False,False,False,False,False,True,False,True,False,148.8
0,17,86.75,1410.25,0,True,False,False,True,False,True,True,False,False,False,False,False,False,True,False,True,False,False,False,False,True,False,False,False,True,False,1474.75
0,47,40.3,1794.8,0,True,True,True,False,True,False,False,False,False,True,False,False,False,True,False,True,False,False,False,False,True,False,False,False,True,False,1894.1
1,63,108.5,6991.9,0,True,True,False,True,False,True,True,False,False,True,False,True,False,True,False,False,False,True,False,True,False,True,False,True,False,False,6835.5
0,1,20.3,20.3,1,False,False,False,True,False,False,False,True,True,False,True,False,True,False,True,False,True,False,True,False,False,False,True,False,False,True,20.3
0,70,66.0,4891.5,0,False,False,True,True,False,True,False,False,False,True,False,True,False,False,False,True,False,False,False,False,False,True,False,False,True,False,4620.0
0,38,20.45,781.25,0,False,True,True,True,False,False,False,True,True,False,True,False,True,False,True,False,True,False,True,False,False,False,False,False,False,True,777.1
0,58,24.5,1497.9,0,False,True,True,True,False,True,False,True,True,False,True,False,True,False,True,False,True,False,True,False,True,False,True,True,False,False,1421.0
0,60,64.75,4039.5,0,False,False,False,True,False,True,False,False,False,True,False,False,False,True,False,True,False,False,False,False,True,False,False,False,True,False,3885.0
0,68,88.15,6148.45,0,False,False,False,True,False,True,False,False,False,True,False,True,False,True,False,True,False,True,False,True,False,True,True,False,True,False,5994.200000000001
0,48,60.6,2985.25,0,False,True,False,True,False,True,False,False,False,True,False,False,False,False,False,True,False,False,False,False,True,False,True,False,False,False,2908.8
0,35,106.9,3756.45,0,False,True,True,True,False,False,True,False,False,True,False,False,False,True,False,True,False,True,False,True,False,False,True,False,True,False,3741.5
0,71,80.1,5585.4,0,True,True,False,True,False,True,False,False,False,True,False,True,False,True,False,True,False,False,False,True,False,True,True,False,False,True,5687.099999999999
0,55,56.8,3112.05,0,False,True,False,True,False,False,False,False,False,True,False,True,False,False,False,True,False,False,False,False,False,True,False,False,False,True,3124.0
0,42,100.3,4222.95,0,True,False,False,True,False,True,True,False,False,False,False,False,False,False,False,True,False,True,False,True,False,False,True,False,True,False,4212.599999999999
0,56,96.95,5432.2,0,True,True,True,True,False,True,True,False,False,False,False,True,False,False,False,True,False,True,False,False,False,False,True,True,False,False,5429.2
0,40,62.05,2511.55,0,True,False,False,False,True,False,False,False,False,True,False,True,False,True,False,False,False,True,False,True,True,False,False,True,False,False,2482.0
1,72,84.8,6141.65,0,True,True,False,True,False,False,True,False,False,True,False,True,False,False,False,True,False,False,False,False,False,True,True,True,False,False,6105.599999999999
0,32,91.05,2954.5,1,False,True,True,True,False,True,True,False,False,False,False,False,False,True,False,False,False,False,False,True,False,False,True,False,False,False,2913.6
0,35,85.3,2917.5,1,False,False,False,True,False,True,True,False,False,False,False,True,False,False,False,True,False,False,False,False,False,False,False,True,False,False,2985.5
0,58,102.1,5885.4,1,False,True,False,True,False,True,True,False,False,False,False,False,False,True,False,True,False,True,False,True,False,False,True,True,False,False,5921.799999999999
0,45,73.55,3349.1,0,False,False,False,True,False,True,False,False,False,True,False,False,False,False,False,True,False,False,False,True,False,True,False,False,False,True,3309.75
0,20,82.4,1592.35,1,False,True,False,True,False,True,True,False,False,True,False,False,False,False,False,False,False,False,False,False,False,False,False,False,True,False,1648.0
0,3,69.6,207.4,0,True,False,False,True,False,False,True,False,False,False,False,False,False,False,False,False,False,False,False,False,False,False,True,False,False,True,208.79999999999998
0,68,89.05,6185.8,0,False,True,True,True,False,True,False,False,False,True,False,True,False,True,False,True,False,True,False,True,False,True,True,False,False,False,6055.4
0,9,74.65,703.55,1,False,False,False,True,False,False,False,False,False,True,False,True,False,False,False,False,False,True,False,True,False,False,True,False,True,False,671.85
1,36,74.9,2659.45,0,False,False,False,True,False,True,True,False,False,False,False,False,False,False,False,False,False,False,False,False,False,False,True,False,False,False,2696.4
0,37,40.2,1478.85,0,False,False,False,False,True,False,False,False,False,False,False,False,False,True,False,False,False,False,False,True,False,False,True,True,False,False,1487.4
1,1,70.85,70.85,1,True,True,False,True,False,False,True,False,False,False,False,False,False,False,False,False,False,False,False,False,False,False,False,False,False,True,70.85
0,72,104.45,7459.0,0,True,True,True,True,False,True,True,False,False,False,False,True,False,True,False,False,False,True,False,True,True,False,True,True,False,False,7520.400000000001
0,1,80.2,80.2,1,False,False,False,True,False,True,True,False,False,False,False,True,False,False,False,False,False,False,False,False,False,False,True,False,False,True,80.2
0,55,55.7,3131.8,0,False,True,True,True,False,False,False,False,False,True,False,True,False,False,False,False,False,False,False,False,False,False,False,False,True,False,3063.5
0,28,54.35,1426.45,0,True,True,False,True,False,False,False,False,False,True,False,False,False,False,False,True,False,False,False,False,True,False,False,False,False,True,1521.8
0,52,58.75,3038.55,0,False,False,False,False,True,False,False,False,False,True,False,True,False,True,False,False,False,True,False,True,False,True,True,False,False,False,3055.0
1,1,44.0,44.0,0,True,False,False,True,False,False,False,False,False,False,False,False,False,False,False,False,False,False,False,False,False,False,False,False,True,False,44.0
0,42,80.45,3375.9,0,True,True,False,True,False,True,False,False,False,True,False,False,False,False,False,True,False,True,False,True,True,False,False,True,False,False,3378.9
0,49,95.4,4613.95,0,False,True,True,True,False,True,True,False,False,False,False,False,False,False,False,False,False,True,False,True,False,False,True,False,False,False,4674.6
0,26,95.85,2475.35,0,False,False,False,True,False,False,True,False,False,True,False,False,False,True,False,True,False,False,False,True,True,False,True,False,False,False,2492.1
0,35,19.7,730.4,0,False,True,True,True,False,False,False,True,True,False,True,False,True,False,True,False,True,False,True,False,False,True,False,True,False,False,689.5
1,1,45.25,45.25,0,True,False,False,True,False,False,False,False,False,False,False,False,False,False,False,False,False,False,False,False,False,False,False,False,False,False,45.25
1,52,108.1,5839.3,0,False,False,False,True,False,True,True,False,False,True,False,True,False,True,False,False,False,True,False,True,False,False,False,True,False,False,5621.2
0,72,110.65,8065.65,0,False,True,False,True,False,True,True,False,False,True,False,True,False,True,False,False,False,True,False,True,False,True,True,True,False,False,7966.8
0,45,84.55,3713.95,0,True,True,False,True,False,True,True,False,False,True,False,False,False,True,False,False,False,False,False,False,False,False,True,False,False,True,3804.75
0,41,104.7,4346.4,1,True,False,False,True,False,True,True,False,False,False,False,True,False,True,False,False,False,True,False,True,False,False,True,False,True,False,4292.7
0,54,87.1,4735.2,0,True,False,False,True,False,True,False,False,False,True,False,False,False,True,False,True,False,True,False,True,False,True,False,False,False,False,4703.4
1,22,40.05,880.2,1,True,True,True,False,True,False,False,False,False,True,False,False,False,False,False,False,False,False,False,True,False,False,False,False,False,True,881.0999999999999
0,72,92.0,6474.4,0,False,True,False,True,False,True,False,False,False,True,False,True,False,True,False,True,False,True,False,True,False,True,False,False,False,False,6624.0
0,14,80.45,1137.05,0,False,True,True,True,False,True,False,False,False,False,False,True,False,False,False,True,False,True,False,True,False,False,False,True,False,False,1126.3
0,63,19.25,1237.65,0,True,True,False,True,False,False,False,True,True,False,True,False,True,False,True,False,True,False,True,False,False,True,False,False,False,True,1212.75
0,7,19.45,165.35,0,True,False,False,True,False,False,False,True,True,False,True,False,True,False,True,False,True,False,True,False,False,True,False,False,False,True,136.15
0,72,109.2,7878.3,0,True,False,False,True,False,True,True,False,False,False,False,True,False,True,False,True,False,True,False,True,False,True,False,False,False,False,7862.400000000001
0,7,48.7,340.25,1,True,True,True,True,False,False,False,False,False,False,False,False,False,True,False,False,False,False,False,False,False,False,False,False,True,False,340.90000000000003
0,1,44.75,44.75,0,True,False,False,True,False,False,False,False,False,False,False,False,False,False,False,False,False,False,False,False,False,False,True,False,True,False,44.75
0,16,74.55,1170.5,0,True,False,False,True,False,False,True,False,False,False,False,False,False,False,False,True,False,False,False,False,False,False,True,True,False,False,1192.8
0,14,59.8,824.85,0,False,False,True,True,False,False,False,False,False,False,False,False,False,True,False,False,False,True,False,False,False,False,True,True,False,False,837.1999999999999
0,1,70.6,70.6,1,False,False,False,True,False,False,True,False,False,False,False,False,False,False,False,False,False,False,False,False,False,False,True,False,True,False,70.6
0,60,44.45,2773.9,0,False,False,False,False,True,False,False,False,False,True,False,False,False,True,False,False,False,False,False,True,True,False,True,False,True,False,2667.0
1,1,71.0,71.0,1,False,False,True,True,False,False,True,False,False,False,False,False,False,False,False,False,False,False,False,False,False,False,True,False,True,False,71.0
1,45,75.15,3480.35,0,True,True,False,True,False,True,False,False,False,True,False,False,False,True,False,True,False,False,False,True,False,True,False,True,False,False,3381.7500000000005
0,1,45.7,45.7,1,True,False,False,True,False,False,False,False,False,False,False,False,False,False,False,False,False,False,False,False,False,False,True,False,False,True,45.7
0,72,109.25,8109.8,1,False,True,False,True,False,True,True,False,False,False,False,True,False,True,False,True,False,True,False,True,True,False,True,False,True,False,7866.0
0,6,19.45,113.5,0,True,True,True,True,False,False,False,True,True,False,True,False,True,False,True,False,True,False,True,False,True,False,False,False,False,True,116.69999999999999
0,1,55.25,55.25,0,True,False,False,True,False,False,False,False,False,False,False,False,False,False,False,False,False,False,False,True,False,False,True,False,True,False,55.25
0,19,56.2,1093.4,0,False,False,False,True,False,False,False,False,False,False,False,False,False,False,False,False,False,False,False,True,False,False,True,False,True,False,1067.8
0,24,64.35,1558.65,0,False,True,True,True,False,True,False,False,False,True,False,True,False,True,False,False,False,False,False,False,False,True,False,False,True,False,1544.3999999999999
0,64,76.1,4818.8,0,True,True,False,True,False,True,False,False,False,False,False,True,False,True,False,True,False,True,False,False,False,True,True,False,False,False,4870.4
0,17,90.95,1612.2,0,True,False,False,True,False,False,True,False,False,False,False,True,False,True,False,False,False,False,False,True,False,False,True,True,False,False,1546.15
0,8,44.45,369.3,0,False,False,False,True,False,False,False,False,False,False,False,False,False,False,False,False,False,False,False,False,False,False,False,False,False,True,355.6
1,24,20.3,459.95,0,False,False,False,True,False,False,False,True,True,False,True,False,True,False,True,False,True,False,True,False,False,False,True,False,False,True,487.20000000000005
0,11,20.25,208.0,0,True,False,False,True,False,False,False,True,True,False,True,False,True,False,True,False,True,False,True,False,False,False,False,False,False,True,222.75
0,40,56.6,2379.1,0,False,True,False,True,False,True,False,False,False,False,False,True,False,False,False,False,False,False,False,False,False,False,False,True,False,False,2264.0
0,36,25.1,930.95,0,True,True,True,True,False,True,False,True,True,False,True,False,True,False,True,False,True,False,True,False,False,True,False,True,False,False,903.6
0,71,108.05,7532.15,1,True,False,False,True,False,True,True,False,False,True,False,False,False,True,False,True,False,True,False,True,False,True,True,False,True,False,7671.55
0,7,19.4,168.65,0,True,False,False,True,False,False,False,True,True,False,True,False,True,False,True,False,True,False,True,False,False,False,True,False,False,True,135.79999999999998
0,3,77.4,206.15,0,True,False,False,True,False,False,False,False,False,True,False,False,False,True,False,False,False,True,False,True,False,False,True,False,True,False,232.20000000000002
0,38,20.05,678.2,0,False,False,False,True,False,False,False,True,True,False,True,False,True,False,True,False,True,False,True,False,True,False,False,False,False,True,761.9
0,0,25.75,1397.475,0,True,True,True,True,False,True,False,True,True,False,True,False,True,False,True,False,True,False,True,False,False,True,False,False,False,True,0.0
0,1,74.7,74.7,1,False,True,True,True,False,False,True,False,False,False,False,True,False,False,False,False,False,False,False,False,False,False,True,False,True,False,74.7
0,25,70.95,1767.35,1,True,False,False,True,False,False,True,False,False,False,False,False,False,False,False,False,False,False,False,False,False,False,False,False,False,True,1773.75
0,69,20.2,1376.5,0,True,True,True,True,False,False,False,True,True,False,True,False,True,False,True,False,True,False,True,False,False,True,False,False,False,False,1393.8
1,36,91.95,3301.05,0,False,True,False,True,False,True,True,False,False,False,False,True,False,False,False,False,False,True,False,False,False,False,True,True,False,False,3310.2000000000003
0,63,99.7,6330.4,0,True,True,False,True,False,False,True,False,False,True,False,False,False,True,False,False,False,True,False,True,False,True,False,True,False,False,6281.1
0,12,96.05,1148.1,1,True,False,False,True,False,True,True,False,False,False,False,False,False,False,False,False,False,True,False,True,False,False,True,False,True,False,1152.6
0,19,20.2,387.4,0,True,True,True,True,False,False,False,True,True,False,True,False,True,False,True,False,True,False,True,False,False,True,False,False,False,True,383.8
0,18,87.9,1500.5,0,True,True,True,True,False,False,True,False,False,True,False,False,False,True,False,False,False,True,False,False,False,False,True,False,False,True,1582.2
0,32,79.25,2619.15,0,True,True,False,True,False,True,True,False,False,False,False,False,False,False,False,True,False,False,False,False,True,False,True,False,True,False,2536.0
0,56,105.35,5794.45,0,True,False,False,True,False,True,True,False,False,True,False,False,False,False,False,True,False,True,False,True,False,False,True,False,False,True,5899.599999999999
0,6,19.5,146.3,1,False,True,False,True,False,False,False,True,True,False,True,False,True,False,True,False,True,False,True,False,False,False,False,False,False,False,117.0
0,9,50.8,463.6,0,True,False,False,False,True,False,False,False,False,True,False,False,False,True,False,True,False,False,False,True,True,False,False,False,False,True,457.2
0,32,36.25,1151.05,0,True,True,True,False,True,False,False,False,False,False,False,False,False,True,False,True,False,False,False,False,True,False,True,False,False,True,1160.0
1,58,100.4,5749.8,0,False,True,False,True,False,True,True,False,False,False,False,False,False,False,False,True,False,True,False,True,False,False,True,False,False,False,5823.200000000001
0,8,59.25,436.6,0,True,False,False,True,False,True,False,False,False,False,False,False,False,False,False,False,False,True,False,False,False,False,True,False,True,False,474.0
0,17,64.8,1175.6,0,True,True,False,True,False,False,False,False,False,True,False,True,False,False,False,False,False,False,False,True,True,False,False,False,False,True,1101.6
1,27,70.55,1943.9,0,True,True,False,True,False,False,True,False,False,False,False,False,False,False,False,False,False,False,False,False,False,False,True,False,True,False,1904.85
0,13,85.95,1215.65,0,False,False,False,True,False,True,True,False,False,False,False,False,False,False,False,False,False,False,False,True,False,False,True,False,True,False,1117.3500000000001
0,49,49.65,2409.9,0,True,True,False,False,True,False,False,False,False,False,False,True,False,False,False,False,False,True,False,True,False,True,False,True,False,False,2432.85
0,21,20.85,435.25,0,False,False,False,True,False,False,False,True,True,False,True,False,True,False,True,False,True,False,True,False,False,True,True,True,False,False,437.85
0,36,35.35,1317.95,0,True,True,False,False,True,False,False,False,False,True,False,False,False,True,False,False,False,False,False,False,True,False,False,False,False,True,1272.6000000000001
1,1,76.4,76.4,1,False,True,False,True,False,False,True,False,False,False,False,True,False,False,False,False,False,False,False,False,False,False,True,False,False,True,76.4
0,42,20.0,833.55,0,False,True,True,True,False,False,False,True,True,False,True,False,True,False,True,False,True,False,True,False,False,True,False,False,False,True,840.0
0,16,79.5,1264.2,0,False,False,True,True,False,True,True,False,False,False,False,False,False,False,False,True,False,False,False,False,True,False,True,True,False,False,1272.0
0,49,107.95,5293.2,1,False,True,True,True,False,True,True,False,False,False,False,True,False,True,False,True,False,True,False,True,False,True,True,False,False,False,5289.55
1,64,102.1,6538.45,0,True,True,False,True,False,True,True,False,False,False,False,False,False,True,False,True,False,True,False,True,False,True,False,False,True,False,6534.4
0,2,45.25,74.2,0,False,False,False,True,False,False,False,False,False,False,False,False,False,False,False,False,False,False,False,False,False,False,True,False,False,True,90.5
0,72,89.4,6376.55,0,True,True,True,True,False,True,False,False,False,True,False,True,False,True,False,True,False,True,False,True,False,True,True,False,False,True,6436.8
0,1,25.1,25.1,1,False,False,False,False,True,False,False,False,False,False,False,False,False,False,False,False,False,False,False,False,False,False,True,False,False,True,25.1
0,1,95.0,95.0,1,True,True,False,True,False,False,True,False,False,True,False,False,False,False,False,False,False,True,False,True,False,False,True,False,True,False,95.0
0,23,91.1,2198.3,0,False,True,True,True,False,True,False,False,False,True,False,True,False,True,False,True,False,True,False,True,False,True,True,True,False,False,2095.2999999999997
0,12,21.15,306.05,0,True,True,True,True,False,False,False,True,True,False,True,False,True,False,True,False,True,False,True,False,False,False,True,False,True,False,253.79999999999998
1,12,99.45,1200.15,1,True,False,False,True,False,True,True,False,False,False,False,False,False,True,False,False,False,True,False,True,False,False,True,False,True,False,1193.4
0,26,19.8,457.3,0,True,False,False,True,False,False,False,True,True,False,True,False,True,False,True,False,True,False,True,False,True,False,False,True,False,False,514.8000000000001
